MSSubClass,MSZoning,LotFrontage,LotArea,LotShape,LandContour,LotConfig,Neighborhood,Condition1,BldgType,HouseStyle,OverallQual,OverallCond,YearBuilt,YearRemodAdd,RoofStyle,RoofMatl,Exterior1st,Exterior2nd,MasVnrType,MasVnrArea,ExterQual,ExterCond,Foundation,BsmtQual,BsmtCond,BsmtExposure,BsmtFinType1,BsmtFinSF1,BsmtFinSF2,BsmtUnfSF,TotalBsmtSF,Heating,HeatingQC,CentralAir,Electrical,2ndFlrSF,LowQualFinSF,GrLivArea,BsmtFullBath,BsmtHalfBath,FullBath,HalfBath,BedroomAbvGr,KitchenAbvGr,KitchenQual,Functional,Fireplaces,FireplaceQu,GarageType,GarageFinish,GarageCars,GarageQual,GarageCond,PavedDrive,WoodDeckSF,OpenPorchSF,EnclosedPorch,3SsnPorch,ScreenPorch,PoolArea,MiscVal,MoSold,YrSold,SaleType,SaleCondition,SalePrice
4.110873864173311,RL,65.0,8450.0,Reg,Lvl,Inside,CollgCr,Norm,1Fam,2Story,7.0,5.0,2003.0,2003.0,Gable,CompShg,VinylSd,VinylSd,BrkFace,5.283203728737988,Gd,TA,PConc,Gd,TA,No,GLQ,706.0,0.0,5.017279836814924,856.0,GasA,Ex,Y,SBrkr,6.75110146893676,-1.3877787807814457e-17,1710.0,1.0,0.0,2.0,1.0,3.0,0.6931471805599453,Gd,Typ,0.0,Gd,Attchd,RFn,2.0,TA,TA,Y,0.0,4.127134385045092,0.0,0.0,0.0,0.0,0.0,2.0,2008.0,WD,Normal,12.24769911637256
3.044522437723423,RL,80.0,9600.0,Reg,Lvl,FR2,Veenker,Feedr,1Fam,1Story,6.0,7.5,1976.0,1976.0,Gable,CompShg,MetalSd,MetalSd,BrkFace,0.0,TA,TA,CBlock,Gd,TA,Gd,ALQ,978.0,0.0,5.652489180268651,1262.0,GasA,Ex,Y,SBrkr,0.0,-1.3877787807814457e-17,1262.0,0.0,0.6931471805599452,2.0,0.0,3.0,0.6931471805599453,TA,Typ,1.0,TA,Attchd,RFn,2.0,TA,TA,Y,5.700443573390687,0.0,0.0,0.0,0.0,0.0,0.0,5.0,2007.0,WD,Normal,12.109016442313738
4.110873864173311,RL,68.0,11250.0,IR1,Lvl,Inside,CollgCr,Norm,1Fam,2Story,7.0,5.0,2001.0,2002.0,Gable,CompShg,VinylSd,VinylSd,BrkFace,5.093750200806762,Gd,TA,PConc,Gd,TA,Mn,GLQ,486.0,0.0,6.075346031088684,920.0,GasA,Ex,Y,SBrkr,6.7650389767805414,-1.3877787807814457e-17,1786.0,1.0,0.0,2.0,1.0,3.0,0.6931471805599453,Gd,Typ,1.0,TA,Attchd,RFn,2.0,TA,TA,Y,0.0,3.7612001156935624,0.0,0.0,0.0,0.0,0.0,9.0,2008.0,WD,Normal,12.317171167298682
4.2626798770413155,RL,60.0,9550.0,IR1,Lvl,Corner,Crawfor,Norm,1Fam,2Story,7.0,5.0,1915.0,1970.0,Gable,CompShg,Wd Sdng,Wd Shng,BrkFace,0.0,TA,TA,BrkTil,TA,Gd,No,ALQ,216.0,0.0,6.293419278846481,756.0,GasA,Gd,Y,SBrkr,6.6293632534374485,-1.3877787807814457e-17,1717.0,1.0,0.0,1.0,0.0,3.0,0.6931471805599453,Gd,Typ,1.0,Gd,Detchd,Unf,3.0,TA,TA,Y,0.0,3.58351893845611,5.60947179518496,0.0,0.0,0.0,0.0,2.0,2006.0,WD,Abnorml,11.849404844423074
4.110873864173311,RL,84.0,14260.0,IR1,Lvl,FR2,NoRidge,Norm,1Fam,2Story,8.0,5.0,2000.0,2000.0,Gable,CompShg,VinylSd,VinylSd,BrkFace,5.860786223465865,Gd,TA,PConc,Gd,TA,Av,GLQ,655.0,0.0,6.19644412779452,1145.0,GasA,Ex,Y,SBrkr,6.960347729101308,-1.3877787807814457e-17,2198.0,1.0,0.0,2.0,1.0,4.0,0.6931471805599453,Gd,Typ,1.0,TA,Attchd,RFn,3.0,TA,TA,Y,5.262690188904886,4.442651256490317,0.0,0.0,0.0,0.0,0.0,12.0,2008.0,WD,Normal,12.429220196836383
3.9318256327243257,RL,85.0,14115.0,IR1,Lvl,Inside,Mitchel,Norm,1Fam,1.5Fin,5.0,5.0,1993.0,1995.0,Gable,CompShg,VinylSd,VinylSd,BrkFace,0.0,TA,TA,Wood,Gd,TA,No,GLQ,732.0,0.0,4.174387269895637,796.0,GasA,Ex,Y,SBrkr,6.340359303727752,-1.3877787807814457e-17,1362.0,1.0,0.0,1.0,1.0,1.0,0.6931471805599453,TA,Typ,0.0,Gd,Attchd,Unf,2.0,TA,TA,Y,3.713572066704308,3.4339872044851463,0.0,5.771441123130017,0.0,0.0,6.552507887034589,10.0,2009.0,WD,Normal,11.870606902224587
3.044522437723423,RL,75.0,10084.0,Reg,Lvl,Inside,Somerst,Norm,1Fam,1Story,8.0,5.0,2004.0,2005.0,Gable,CompShg,VinylSd,VinylSd,Stone,5.231108616854587,Gd,TA,PConc,Ex,TA,Av,GLQ,1369.0,0.0,5.762051382780177,1686.0,GasA,Ex,Y,SBrkr,0.0,-1.3877787807814457e-17,1694.0,1.0,0.0,2.0,0.0,3.0,0.6931471805599453,Gd,Typ,1.0,Gd,Attchd,RFn,2.0,TA,TA,Y,5.545177444479563,4.060443010546419,0.0,0.0,0.0,0.0,0.0,8.0,2007.0,WD,Normal,12.634606283893019
4.110873864173311,RL,75.8,10382.0,IR1,Lvl,Corner,NWAmes,PosN,1Fam,2Story,7.0,6.0,1973.0,1973.0,Gable,CompShg,HdBoard,HdBoard,Stone,5.484796933490655,TA,TA,CBlock,Gd,TA,Mn,ALQ,859.0,3.4965075614664802,5.37989735354046,1107.0,GasA,Ex,Y,SBrkr,6.891625897052252,-1.3877787807814457e-17,2090.0,1.0,0.0,2.0,1.0,3.0,0.6931471805599453,TA,Typ,2.0,TA,Attchd,RFn,2.0,TA,TA,Y,5.4638318050256105,5.14166355650266,5.43372200355424,0.0,0.0,0.0,5.8607862234658645,11.0,2009.0,WD,Normal,12.206077645517674
3.9318256327243257,RM,51.0,6120.0,Reg,Lvl,Inside,OldTown,Artery,1Fam,1.5Fin,7.0,5.0,1931.0,1950.0,Gable,CompShg,BrkFace,Wd Shng,BrkFace,0.0,TA,TA,BrkTil,TA,TA,No,Unf,0.0,0.0,6.859614903654202,952.0,GasA,Gd,Y,FuseF,6.6240652277998935,-1.3877787807814457e-17,1774.0,0.0,0.0,2.0,0.0,2.0,1.0986122886681098,TA,Min1,2.0,TA,Detchd,Unf,2.0,Fa,TA,Y,4.51085950651685,0.0,5.327876168789581,0.0,0.0,0.0,0.0,4.0,2008.0,WD,Abnorml,11.774527900858468
4.983606621708336,RL,50.0,7420.0,Reg,Lvl,Corner,BrkSide,Artery,2fmCon,1.5Unf,5.0,6.0,1939.0,1950.0,Gable,CompShg,MetalSd,MetalSd,BrkFace,0.0,TA,TA,BrkTil,TA,TA,No,GLQ,851.0,0.0,4.948759890378168,991.0,GasA,Ex,Y,SBrkr,0.0,-1.3877787807814457e-17,1077.0,1.0,0.0,1.0,0.0,2.0,1.0986122886681098,TA,Typ,2.0,TA,Attchd,RFn,1.0,Gd,TA,Y,0.0,1.6094379124341003,0.0,0.0,0.0,0.0,0.0,1.0,2008.0,WD,Normal,11.678448377988165
3.044522437723423,RL,70.0,11200.0,Reg,Lvl,Inside,Sawyer,Norm,1Fam,1Story,5.0,5.0,1965.0,1965.0,Hip,CompShg,HdBoard,HdBoard,BrkFace,0.0,TA,TA,CBlock,TA,TA,No,Rec,906.0,0.0,4.90527477843843,1040.0,GasA,Ex,Y,SBrkr,0.0,-1.3877787807814457e-17,1040.0,1.0,0.0,1.0,0.0,3.0,0.6931471805599453,TA,Typ,0.0,Gd,Detchd,Unf,1.0,TA,TA,Y,0.0,0.0,0.0,0.0,0.0,0.0,0.0,2.0,2008.0,WD,Normal,11.771443882099637
4.110873864173311,RL,85.0,11924.0,IR1,Lvl,Inside,NridgHt,Norm,1Fam,2Story,9.0,5.0,2005.0,2006.0,Hip,CompShg,WdShing,Wd Shng,Stone,5.6594822157596205,Ex,TA,PConc,Ex,TA,No,GLQ,998.0,0.0,5.181783550292085,1175.0,GasA,Ex,Y,SBrkr,7.041411663794809,-1.3877787807814457e-17,2324.0,1.0,0.0,3.0,0.0,4.0,0.6931471805599453,Ex,Typ,2.0,Gd,BuiltIn,Fin,3.0,TA,TA,Y,4.997212273764115,3.091042453358316,0.0,0.0,0.0,0.0,0.0,7.0,2006.0,New,Partial,12.75130259456002
3.044522437723423,RL,76.2,12968.0,IR2,Lvl,Inside,Sawyer,Norm,1Fam,1Story,5.0,6.0,1962.0,1962.0,Hip,CompShg,HdBoard,Plywood,BrkFace,0.0,TA,TA,CBlock,TA,TA,No,ALQ,737.0,0.0,5.170483995038151,912.0,GasA,TA,Y,SBrkr,0.0,-1.3877787807814457e-17,912.0,1.0,0.0,1.0,0.0,2.0,0.6931471805599453,TA,Typ,0.0,Gd,Detchd,Unf,1.0,TA,TA,Y,4.948759890378168,0.0,0.0,0.0,5.176149732573829,0.0,0.0,9.0,2008.0,WD,Normal,11.87757552297847
3.044522437723423,RL,91.0,10652.0,IR1,Lvl,Inside,CollgCr,Norm,1Fam,1Story,7.0,5.0,2006.0,2007.0,Gable,CompShg,VinylSd,VinylSd,Stone,5.726847747587197,Gd,TA,PConc,Gd,TA,Av,Unf,0.0,0.0,7.3098814858247865,1494.0,GasA,Ex,Y,SBrkr,0.0,-1.3877787807814457e-17,1494.0,0.0,0.0,2.0,0.0,3.0,0.6931471805599453,Gd,Typ,1.0,Gd,Attchd,RFn,3.0,TA,TA,Y,5.081404364984463,3.5263605246161616,0.0,0.0,0.0,0.0,0.0,8.0,2007.0,New,Partial,12.540761149388421
3.044522437723423,RL,73.0,10920.0,IR1,Lvl,Corner,NAmes,Norm,1Fam,1Story,6.0,5.0,1960.0,1960.0,Hip,CompShg,MetalSd,MetalSd,BrkFace,5.3612921657094255,TA,TA,CBlock,TA,TA,No,BLQ,733.0,0.0,6.255750041753367,1253.0,GasA,TA,Y,SBrkr,0.0,-1.3877787807814457e-17,1253.0,1.0,0.0,1.0,1.0,2.0,0.6931471805599453,TA,Typ,1.0,Fa,Attchd,RFn,1.0,TA,TA,Y,0.0,5.14166355650266,5.176149732573829,0.0,0.0,0.0,0.0,5.0,2008.0,WD,Normal,11.964007453736912
3.828641396489095,RM,51.0,6120.0,Reg,Lvl,Corner,BrkSide,Norm,1Fam,1.5Unf,7.0,7.5,1929.0,2001.0,Gable,CompShg,Wd Sdng,Wd Sdng,BrkFace,0.0,TA,TA,BrkTil,TA,TA,No,Unf,0.0,0.0,6.725033642166843,832.0,GasA,Ex,Y,FuseA,0.0,-1.3877787807814457e-17,854.0,0.0,0.0,1.0,0.0,2.0,0.6931471805599453,TA,Typ,0.0,Gd,Detchd,Unf,2.0,TA,TA,Y,3.8918202981106265,4.727387818712341,0.0,0.0,0.0,0.0,0.0,7.0,2007.0,WD,Normal,11.790564777297387
3.044522437723423,RL,76.0,11241.0,IR1,Lvl,CulDSac,NAmes,Norm,1Fam,1Story,6.0,7.0,1970.0,1970.0,Gable,CompShg,Wd Sdng,Wd Sdng,BrkFace,5.198497031265826,TA,TA,CBlock,TA,TA,No,ALQ,578.0,0.0,6.056784013228625,1004.0,GasA,Ex,Y,SBrkr,0.0,-1.3877787807814457e-17,1004.0,1.0,0.0,1.0,0.0,2.0,0.6931471805599453,TA,Typ,1.0,TA,Attchd,Fin,2.0,TA,TA,Y,0.0,0.0,0.0,0.0,0.0,0.0,6.552507887034589,2.9999999999999996,2010.0,WD,Normal,11.91170829631447
4.51085950651685,RL,72.0,10791.0,Reg,Lvl,Inside,Sawyer,Norm,Duplex,1Story,4.0,5.0,1967.0,1967.0,Gable,CompShg,MetalSd,MetalSd,BrkFace,0.0,TA,TA,Slab,TA,TA,No,Unf,0.0,0.0,0.0,42.0,GasA,TA,Y,SBrkr,0.0,-1.3877787807814457e-17,1296.0,0.0,0.0,2.0,0.0,2.0,1.0986122886681098,TA,Typ,0.0,Gd,CarPort,Unf,2.0,TA,TA,Y,0.0,0.0,0.0,0.0,0.0,0.0,6.2166061010848646,10.0,2006.0,WD,Normal,11.407576060361786
3.044522437723423,RL,66.0,13695.0,Reg,Lvl,Inside,SawyerW,RRAe,1Fam,1Story,5.0,5.0,2004.0,2004.0,Gable,CompShg,VinylSd,VinylSd,BrkFace,0.0,TA,TA,PConc,TA,TA,No,GLQ,646.0,0.0,6.150602768446279,1114.0,GasA,Ex,Y,SBrkr,0.0,-1.3877787807814457e-17,1114.0,1.0,0.0,1.0,1.0,3.0,0.6931471805599453,Gd,Typ,0.0,Gd,Detchd,Unf,2.0,TA,TA,Y,0.0,4.634728988229636,0.0,0.0,0.0,0.0,0.0,6.0,2008.0,WD,Normal,11.976665770490767
3.044522437723423,RL,70.0,7560.0,Reg,Lvl,Inside,NAmes,Norm,1Fam,1Story,5.0,6.0,1958.0,1965.0,Hip,CompShg,BrkFace,Plywood,BrkFace,0.0,TA,TA,CBlock,TA,TA,No,LwQ,504.0,0.0,6.26530121273771,1029.0,GasA,TA,Y,SBrkr,0.0,-1.3877787807814457e-17,1339.0,0.0,0.0,1.0,0.0,3.0,0.6931471805599453,TA,Min1,0.0,Gd,Attchd,Unf,1.0,TA,TA,Y,0.0,0.0,0.0,0.0,0.0,0.0,0.0,5.0,2009.0,COD,Abnorml,11.842236406331555
4.110873864173311,RL,101.0,14215.0,IR1,Lvl,Corner,NridgHt,Norm,1Fam,2Story,8.0,5.0,2005.0,2006.0,Gable,CompShg,VinylSd,VinylSd,BrkFace,5.942799375126701,Gd,TA,PConc,Ex,TA,Av,Unf,0.0,0.0,7.055312843339752,1158.0,GasA,Ex,Y,SBrkr,7.10578612948127,-1.3877787807814457e-17,2376.0,0.0,0.0,3.0,1.0,4.0,0.6931471805599453,Gd,Typ,1.0,Gd,BuiltIn,RFn,3.0,TA,TA,Y,5.484796933490655,5.043425116919247,0.0,0.0,0.0,0.0,0.0,11.0,2006.0,New,Partial,12.692506186542177
3.828641396489095,RM,57.0,7449.0,Reg,Bnk,Inside,IDOTRR,Norm,1Fam,1.5Unf,7.0,7.0,1930.0,1950.0,Gable,CompShg,Wd Sdng,Wd Sdng,BrkFace,0.0,TA,TA,PConc,TA,TA,No,Unf,0.0,0.0,6.45833828334479,637.0,GasA,Ex,Y,FuseF,0.0,-1.3877787807814457e-17,1108.0,0.0,0.0,1.0,0.0,3.0,0.6931471805599453,Gd,Typ,1.0,Gd,Attchd,Unf,1.0,TA,TA,N,0.0,0.0,5.327876168789581,0.0,0.0,0.0,0.0,6.0,2007.0,WD,Normal,11.845109950883979
3.044522437723423,RL,75.0,9742.0,Reg,Lvl,Inside,CollgCr,Norm,1Fam,1Story,8.0,5.0,2002.0,2002.0,Hip,CompShg,VinylSd,VinylSd,BrkFace,5.641907070938114,Gd,TA,PConc,Gd,TA,No,Unf,0.0,0.0,7.430410654501705,1777.0,GasA,Ex,Y,SBrkr,0.0,-1.3877787807814457e-17,1795.0,0.0,0.0,2.0,0.0,3.0,0.6931471805599453,Gd,Typ,1.0,Gd,Attchd,RFn,2.0,TA,TA,Y,5.147494476813453,5.075173815233827,0.0,0.0,0.0,0.0,0.0,9.0,2008.0,WD,Normal,12.345838935721968
4.795790545596741,RM,44.0,4224.0,Reg,Lvl,Inside,MeadowV,Norm,TwnhsE,1Story,5.0,7.0,1976.0,1976.0,Gable,CompShg,CemntBd,CmentBd,BrkFace,0.0,TA,TA,PConc,Gd,TA,No,GLQ,840.0,0.0,5.303304908059076,1040.0,GasA,TA,Y,SBrkr,0.0,-1.3877787807814457e-17,1060.0,1.0,0.0,1.0,0.0,3.0,0.6931471805599453,TA,Typ,1.0,TA,Attchd,Unf,2.0,TA,TA,Y,4.61512051684126,4.709530201312334,0.0,0.0,0.0,0.0,0.0,6.0,2007.0,WD,Normal,11.774527900858468
3.044522437723423,RL,77.2,8246.0,IR1,Lvl,Inside,Sawyer,Norm,1Fam,1Story,5.0,7.5,1968.0,2001.0,Gable,CompShg,Plywood,Plywood,BrkFace,0.0,TA,Gd,CBlock,TA,TA,Mn,Rec,188.0,6.505784060128228,5.3230099791384085,1060.0,GasA,Ex,Y,SBrkr,0.0,-1.3877787807814457e-17,1060.0,1.0,0.0,1.0,0.0,3.0,0.6931471805599453,Gd,Typ,1.0,TA,Attchd,Unf,1.0,TA,TA,Y,6.008813185442595,4.51085950651685,0.0,0.0,0.0,0.0,0.0,5.0,2010.0,WD,Normal,11.944714374881176
3.044522437723423,RL,110.0,14230.0,Reg,Lvl,Corner,NridgHt,Norm,1Fam,1Story,8.0,5.0,2007.0,2007.0,Gable,CompShg,VinylSd,VinylSd,Stone,6.030685260261263,Gd,TA,PConc,Gd,TA,No,Unf,0.0,0.0,7.356918242356021,1566.0,GasA,Ex,Y,SBrkr,0.0,-1.3877787807814457e-17,1600.0,0.0,0.0,2.0,0.0,3.0,0.6931471805599453,Gd,Typ,1.0,Gd,Attchd,RFn,3.0,TA,TA,Y,0.0,4.04305126783455,0.0,0.0,0.0,0.0,0.0,7.0,2009.0,WD,Normal,12.454107814022272
3.044522437723423,RL,60.0,7200.0,Reg,Lvl,Corner,NAmes,Norm,1Fam,1Story,5.0,7.0,1951.0,2000.0,Gable,CompShg,Wd Sdng,Wd Sdng,BrkFace,0.0,TA,TA,CBlock,TA,TA,Mn,BLQ,234.0,6.18826412308259,5.198497031265826,900.0,GasA,TA,Y,SBrkr,0.0,-1.3877787807814457e-17,900.0,0.0,0.6931471805599452,1.0,0.0,3.0,0.6931471805599453,Gd,Typ,0.0,Gd,Detchd,Unf,2.0,TA,TA,Y,5.407171771460119,3.4965075614664802,0.0,0.0,0.0,0.0,0.0,5.0,2010.0,WD,Normal,11.811554895830454
3.044522437723423,RL,98.0,11478.0,Reg,Lvl,Inside,NridgHt,Norm,1Fam,1Story,8.0,5.0,2007.0,2008.0,Gable,CompShg,VinylSd,VinylSd,Stone,5.303304908059076,Gd,TA,PConc,Ex,TA,No,GLQ,1218.0,0.0,6.18826412308259,1704.0,GasA,Ex,Y,SBrkr,0.0,-1.3877787807814457e-17,1704.0,1.0,0.0,2.0,0.0,3.0,0.6931471805599453,Gd,Typ,1.0,Gd,Attchd,RFn,3.0,TA,TA,Y,0.0,3.9318256327243257,0.0,0.0,0.0,0.0,0.0,5.0,2010.0,WD,Normal,12.631343648903034
3.044522437723423,RL,47.0,16321.0,IR1,Lvl,CulDSac,NAmes,Norm,1Fam,1Story,5.0,6.0,1957.0,1997.0,Gable,CompShg,MetalSd,MetalSd,BrkFace,0.0,TA,TA,CBlock,TA,TA,Gd,BLQ,1277.0,0.0,5.337538079701318,1484.0,GasA,TA,Y,SBrkr,0.0,-1.3877787807814457e-17,1600.0,1.0,0.0,1.0,0.0,2.0,0.6931471805599453,TA,Typ,2.0,Gd,Attchd,RFn,1.0,TA,TA,Y,5.666426688112432,5.14166355650266,0.0,0.0,0.0,0.0,0.0,12.0,2006.0,WD,Normal,12.242891437918386
3.4339872044851463,RM,60.0,6324.0,IR1,Lvl,Inside,BrkSide,Feedr,1Fam,1Story,4.0,6.0,1927.0,1950.0,Gable,CompShg,MetalSd,MetalSd,BrkFace,0.0,TA,TA,BrkTil,TA,TA,No,Unf,0.0,0.0,6.255750041753367,520.0,GasA,Fa,N,SBrkr,0.0,-1.3877787807814457e-17,520.0,0.0,0.0,1.0,0.0,1.0,0.6931471805599453,Fa,Typ,0.0,Gd,Detchd,Unf,1.0,Fa,TA,Y,3.912023005428146,0.0,4.477336814478207,0.0,0.0,0.0,0.0,5.0,2008.0,WD,Normal,11.134603622683905
4.2626798770413155,C (all),50.0,8500.0,Reg,Lvl,Inside,IDOTRR,Feedr,1Fam,2Story,4.0,4.0,1920.0,1950.0,Gambrel,CompShg,BrkFace,BrkFace,BrkFace,0.0,TA,Fa,BrkTil,TA,TA,No,Unf,0.0,0.0,6.476972362889683,649.0,GasA,TA,N,SBrkr,6.505784060128228,-1.3877787807814457e-17,1317.0,0.0,0.0,1.0,0.0,3.0,0.6931471805599453,TA,Typ,0.0,Gd,Detchd,Unf,1.0,TA,Fa,N,0.0,4.007333185232471,5.153291594497779,0.0,0.0,0.0,0.0,7.0,2008.0,WD,Normal,10.596659732783579
3.044522437723423,RL,72.2,8544.0,IR1,Lvl,CulDSac,Sawyer,Norm,1Fam,1Story,5.0,6.0,1966.0,2006.0,Gable,CompShg,HdBoard,HdBoard,BrkFace,0.0,TA,TA,CBlock,TA,TA,No,Unf,0.0,0.0,7.113956109566034,1228.0,GasA,Gd,Y,SBrkr,0.0,-1.3877787807814457e-17,1228.0,0.0,0.0,1.0,1.0,3.0,0.6931471805599453,Gd,Typ,0.0,Gd,Attchd,Unf,1.0,TA,TA,Y,0.0,4.189654742026425,0.0,0.0,0.0,0.0,0.0,6.0,2008.0,WD,Normal,11.914054519303125
3.044522437723423,RL,85.0,11049.0,Reg,Lvl,Corner,CollgCr,Norm,1Fam,1Story,8.0,5.0,2007.0,2007.0,Gable,CompShg,VinylSd,VinylSd,BrkFace,0.0,Gd,TA,PConc,Ex,TA,Av,Unf,0.0,0.0,7.118826249062078,1234.0,GasA,Ex,Y,SBrkr,0.0,-1.3877787807814457e-17,1234.0,0.0,0.0,2.0,0.0,3.0,0.6931471805599453,Gd,Typ,0.0,Gd,Attchd,RFn,2.0,TA,TA,Y,0.0,3.4339872044851463,0.0,0.0,0.0,0.0,0.0,1.0,2008.0,WD,Normal,12.100161978566867
3.044522437723423,RL,70.0,10552.0,IR1,Lvl,Inside,NAmes,Norm,1Fam,1Story,5.0,5.0,1959.0,1959.0,Hip,CompShg,BrkFace,BrkFace,BrkFace,0.0,TA,TA,CBlock,TA,TA,No,Rec,1018.0,0.0,5.942799375126701,1398.0,GasA,Gd,Y,SBrkr,0.0,-1.3877787807814457e-17,1700.0,0.0,0.6931471805599452,1.0,1.0,4.0,0.6931471805599453,Gd,Typ,1.0,Gd,Attchd,RFn,2.0,TA,TA,Y,0.0,3.6635616461296463,0.0,0.0,0.0,0.0,0.0,4.0,2010.0,WD,Normal,12.016732516077072
4.795790545596741,RL,60.0,7313.0,Reg,Lvl,Inside,NridgHt,Norm,TwnhsE,1Story,9.0,5.0,2005.0,2005.0,Hip,CompShg,MetalSd,MetalSd,BrkFace,5.5093883366279774,Ex,TA,PConc,Ex,TA,No,GLQ,1153.0,0.0,6.013715156042802,1561.0,GasA,Ex,Y,SBrkr,0.0,-1.3877787807814457e-17,1561.0,1.0,0.0,2.0,0.0,2.0,0.6931471805599453,Ex,Typ,1.0,Gd,Attchd,Fin,2.0,TA,TA,Y,5.318119993844216,3.8712010109078916,0.0,0.0,0.0,0.0,0.0,8.0,2007.0,WD,Normal,12.533579815765737
4.110873864173311,RL,108.0,13418.0,Reg,Lvl,Inside,NridgHt,Norm,1Fam,2Story,8.0,5.0,2004.0,2005.0,Gable,CompShg,VinylSd,VinylSd,Stone,4.890349128221754,Gd,TA,PConc,Ex,TA,Av,Unf,0.0,0.0,7.0192966537150445,1117.0,GasA,Ex,Y,SBrkr,7.186144304522324,-1.3877787807814457e-17,2452.0,0.0,0.0,3.0,1.0,4.0,0.6931471805599453,Gd,Typ,1.0,Gd,BuiltIn,Fin,3.0,TA,TA,Y,4.736198448394496,3.4965075614664802,0.0,0.0,0.0,0.0,0.0,9.0,2006.0,WD,Normal,12.6410997921206
3.044522437723423,RL,111.5,10859.0,Reg,Lvl,Corner,CollgCr,Norm,1Fam,1Story,5.0,5.0,1994.0,1995.0,Gable,CompShg,VinylSd,VinylSd,BrkFace,0.0,TA,TA,PConc,Gd,TA,No,Unf,0.0,0.0,7.001245622069476,1097.0,GasA,Ex,Y,SBrkr,0.0,-1.3877787807814457e-17,1097.0,0.0,0.0,1.0,1.0,3.0,0.6931471805599453,TA,Typ,0.0,Gd,Attchd,Unf,2.0,TA,TA,Y,5.973809611869261,4.174387269895637,0.0,0.0,0.0,0.0,0.0,6.0,2009.0,WD,Normal,11.884495917930655
3.044522437723423,RL,74.0,8532.0,Reg,Lvl,Inside,NAmes,Norm,1Fam,1Story,5.0,6.0,1954.0,1990.0,Hip,CompShg,Wd Sdng,Wd Sdng,BrkFace,6.030685260261263,TA,TA,CBlock,TA,TA,No,Rec,1213.0,0.0,4.442651256490317,1297.0,GasA,Gd,Y,SBrkr,0.0,-1.3877787807814457e-17,1297.0,0.0,0.6931471805599452,1.0,0.0,3.0,0.6931471805599453,TA,Typ,1.0,TA,Attchd,Fin,2.0,TA,TA,Y,0.0,0.0,0.0,0.0,0.0,0.0,0.0,10.0,2009.0,WD,Normal,11.938199736300925
3.044522437723423,RL,68.0,7922.0,Reg,Lvl,Inside,NAmes,Norm,1Fam,1Story,5.0,7.0,1953.0,2007.0,Gable,CompShg,VinylSd,VinylSd,BrkFace,0.0,TA,Gd,CBlock,TA,TA,No,GLQ,731.0,0.0,5.7899601708972535,1057.0,GasA,TA,Y,SBrkr,0.0,-1.3877787807814457e-17,1057.0,1.0,0.0,1.0,0.0,3.0,0.6931471805599453,Gd,Typ,0.0,Gd,Detchd,Unf,1.0,TA,TA,Y,0.0,3.970291913552122,0.0,0.0,0.0,0.0,0.0,1.0,2010.0,WD,Abnorml,11.599112335481124
4.51085950651685,RL,65.0,6040.0,Reg,Lvl,Inside,Edwards,Norm,Duplex,1Story,4.0,5.0,1955.0,1955.0,Gable,CompShg,AsbShng,Plywood,BrkFace,0.0,TA,TA,PConc,TA,TA,No,Unf,0.0,0.0,0.0,42.0,GasA,TA,N,FuseP,0.0,-1.3877787807814457e-17,1152.0,0.0,0.0,2.0,0.0,2.0,1.0986122886681098,Fa,Typ,0.0,Gd,Attchd,Unf,-2.220446049250313e-16,TA,TA,N,0.0,0.0,0.0,0.0,0.0,0.0,0.0,6.0,2008.0,WD,AdjLand,11.314486721293981
3.044522437723423,RL,84.0,8658.0,Reg,Lvl,Inside,NAmes,Norm,1Fam,1Story,6.0,5.0,1965.0,1965.0,Gable,CompShg,Wd Sdng,Wd Sdng,BrkFace,4.624972813284271,TA,TA,CBlock,TA,TA,No,Rec,643.0,0.0,6.100318952020064,1088.0,GasA,Ex,Y,SBrkr,0.0,-1.3877787807814457e-17,1324.0,0.0,0.0,2.0,0.0,3.0,0.6931471805599453,TA,Typ,1.0,TA,Attchd,RFn,2.0,TA,TA,Y,0.0,4.9344739331306915,0.0,0.0,0.0,0.0,0.0,12.0,2006.0,WD,Abnorml,11.982935344196433
3.044522437723423,RL,111.5,16905.0,Reg,Lvl,Inside,Timber,Norm,1Fam,1Story,5.0,6.0,1959.0,1959.0,Gable,CompShg,VinylSd,VinylSd,BrkFace,0.0,TA,Gd,CBlock,TA,TA,Gd,BLQ,967.0,0.0,5.950642552587727,1350.0,GasA,Gd,Y,SBrkr,0.0,-1.3877787807814457e-17,1328.0,0.0,0.6931471805599452,1.0,1.0,2.0,0.6931471805599453,TA,Typ,2.0,Gd,Attchd,RFn,1.0,TA,TA,P,0.0,4.653960350157523,0.0,0.0,0.0,0.0,0.0,7.0,2007.0,WD,Normal,12.04355959836804
4.454347296253507,RL,69.2,9180.0,IR1,Lvl,CulDSac,SawyerW,Norm,1Fam,SFoyer,5.0,7.0,1983.0,1983.0,Gable,CompShg,HdBoard,HdBoard,BrkFace,0.0,TA,TA,CBlock,Gd,TA,Av,ALQ,747.0,4.543294782270004,0.0,840.0,GasA,Gd,Y,SBrkr,0.0,-1.3877787807814457e-17,884.0,1.0,0.0,1.0,0.0,2.0,0.6931471805599453,Gd,Typ,0.0,Gd,Attchd,RFn,2.0,TA,Gd,Y,5.484796933490655,0.0,0.0,0.0,0.0,0.0,0.0,12.0,2007.0,WD,Normal,11.87757552297847
3.044522437723423,RL,72.2,9200.0,IR1,Lvl,CulDSac,CollgCr,Norm,1Fam,1Story,5.0,6.0,1975.0,1980.0,Hip,CompShg,VinylSd,VinylSd,BrkFace,0.0,TA,TA,CBlock,Gd,TA,Av,LwQ,280.0,6.198478716492307,5.123963979403259,938.0,GasA,TA,Y,SBrkr,0.0,-1.3877787807814457e-17,938.0,1.0,0.0,1.0,0.0,3.0,0.6931471805599453,TA,Typ,0.0,Gd,Detchd,Unf,1.0,TA,TA,Y,4.983606621708336,0.0,0.0,0.0,0.0,0.0,0.0,7.0,2008.0,WD,Normal,11.777218637129327
3.044522437723423,RL,70.0,7945.0,Reg,Lvl,Inside,NAmes,Norm,1Fam,1Story,5.0,6.0,1959.0,1959.0,Gable,CompShg,BrkFace,Wd Sdng,BrkFace,0.0,TA,TA,CBlock,TA,TA,No,ALQ,179.0,6.2285110035911835,6.144185634125646,1150.0,GasA,Ex,Y,FuseA,0.0,-1.3877787807814457e-17,1150.0,1.0,0.0,1.0,0.0,3.0,0.6931471805599453,TA,Typ,0.0,Gd,Attchd,RFn,1.0,TA,TA,Y,0.0,0.0,0.0,0.0,0.0,0.0,0.0,5.0,2006.0,WD,Normal,11.856522261533737
4.795790545596741,RL,61.0,7658.0,Reg,Lvl,Inside,NridgHt,Norm,TwnhsE,1Story,9.0,5.0,2005.0,2005.0,Hip,CompShg,MetalSd,MetalSd,BrkFace,6.023447592961033,Ex,TA,PConc,Ex,TA,No,GLQ,456.0,0.0,7.167809184316444,1752.0,GasA,Ex,Y,SBrkr,0.0,-1.3877787807814457e-17,1752.0,1.0,0.0,2.0,0.0,2.0,0.6931471805599453,Ex,Typ,1.0,Gd,Attchd,RFn,2.0,TA,TA,Y,5.2832037287379885,4.418840607796598,0.0,0.0,0.0,0.0,0.0,2.0,2010.0,WD,Normal,12.675766851909591
3.9318256327243257,RL,48.0,12822.0,IR1,Lvl,CulDSac,Mitchel,Norm,1Fam,1.5Fin,7.0,5.0,2003.0,2003.0,Gable,CompShg,VinylSd,VinylSd,BrkFace,0.0,Gd,TA,PConc,Ex,TA,No,GLQ,1350.9999999999998,0.0,4.430816798843313,1434.0,GasA,Ex,Y,SBrkr,6.448889394146859,-1.3877787807814457e-17,2149.0,1.0,0.0,1.0,1.0,1.0,0.6931471805599453,Gd,Typ,1.0,Ex,Attchd,RFn,2.0,TA,TA,Y,5.1298987149230735,3.784189633918261,0.0,0.0,5.293304824724492,0.0,0.0,8.0,2009.0,WD,Abnorml,12.387089184491993
3.044522437723423,FV,84.0,11096.0,Reg,Lvl,Inside,Somerst,Norm,1Fam,1Story,8.0,5.0,2006.0,2006.0,Gable,CompShg,VinylSd,VinylSd,BrkFace,0.0,Gd,TA,PConc,Gd,TA,Av,GLQ,24.0,0.0,7.398174092970465,1656.0,GasA,Ex,Y,SBrkr,0.0,-1.3877787807814457e-17,1656.0,0.0,0.0,2.0,0.0,3.0,0.6931471805599453,Gd,Typ,0.0,Gd,Attchd,RFn,3.0,TA,TA,Y,0.0,4.990432586778736,0.0,0.0,0.0,0.0,0.0,7.0,2007.0,WD,Normal,12.428019481065613
4.983606621708336,RM,33.0,4456.0,Reg,Lvl,Inside,OldTown,Norm,2fmCon,2Story,4.0,5.0,1920.0,2008.0,Gable,CompShg,MetalSd,MetalSd,BrkFace,0.0,TA,TA,BrkTil,TA,TA,No,Unf,0.0,0.0,6.602587892189336,736.0,GasA,Gd,Y,SBrkr,6.57507584059962,-1.3877787807814457e-17,1452.0,0.0,0.0,2.0,0.0,2.0,1.3862943611198906,TA,Typ,0.0,Gd,Attchd,Unf,-2.220446049250313e-16,TA,TA,N,0.0,0.0,4.634728988229636,0.0,0.0,0.0,0.0,6.0,2009.0,New,Partial,11.635151947212842
3.044522437723423,RL,66.0,7742.0,Reg,Lvl,Inside,Sawyer,Norm,1Fam,1Story,5.0,7.0,1966.0,1966.0,Gable,CompShg,HdBoard,HdBoard,BrkFace,0.0,TA,TA,CBlock,TA,TA,No,BLQ,763.0,0.0,5.262690188904886,955.0,GasA,Ex,Y,SBrkr,0.0,-1.3877787807814457e-17,955.0,1.0,0.0,1.0,0.0,3.0,0.6931471805599453,TA,Typ,0.0,Gd,Attchd,Unf,1.0,TA,TA,Y,0.0,0.0,0.0,0.0,0.0,0.0,0.0,1.0,2007.0,WD,Normal,11.751950239425476
4.110873864173311,RL,63.0,13869.0,IR2,Lvl,Corner,Gilbert,Norm,1Fam,2Story,6.0,6.0,1997.0,1997.0,Gable,CompShg,VinylSd,VinylSd,BrkFace,0.0,TA,TA,PConc,Gd,TA,Av,GLQ,182.0,0.0,6.418364935936212,794.0,GasA,Gd,Y,SBrkr,6.517671272912275,-1.3877787807814457e-17,1470.0,0.0,0.6931471805599452,2.0,0.0,3.0,0.6931471805599453,TA,Typ,0.0,Gd,Attchd,Fin,2.0,TA,TA,Y,0.0,4.330733340286331,0.0,0.0,0.0,0.0,0.0,7.0,2007.0,WD,Normal,12.083910661257521
3.9318256327243257,RM,52.0,6240.0,Reg,Lvl,Inside,BrkSide,Norm,1Fam,1.5Fin,6.0,6.0,1934.0,1950.0,Gable,CompShg,Wd Sdng,Wd Sdng,BrkFace,0.0,TA,TA,PConc,TA,TA,No,Unf,0.0,0.0,6.705639094860003,816.0,GasA,TA,Y,SBrkr,0.0,5.8888779583328805,1176.0,0.0,0.0,1.0,0.0,3.0,0.6931471805599453,TA,Typ,1.0,Gd,Detchd,Unf,2.0,TA,TA,Y,4.727387818712341,0.0,0.0,0.0,0.0,0.0,5.993961427306569,9.0,2006.0,WD,Normal,11.648338835562747
4.51085950651685,RM,110.0,8472.0,IR2,Bnk,Corner,IDOTRR,RRNn,Duplex,1Story,5.0,5.0,1963.0,1963.0,Gable,CompShg,Wd Sdng,Wd Sdng,BrkFace,0.0,Fa,TA,CBlock,Gd,TA,Gd,LwQ,104.0,6.569481420414295,0.0,816.0,GasA,TA,N,SBrkr,0.0,-1.3877787807814457e-17,816.0,1.0,0.0,1.0,0.0,2.0,0.6931471805599453,TA,Typ,0.0,Gd,CarPort,Unf,2.0,TA,TA,Y,4.672828834461906,0.0,0.0,0.0,0.0,0.0,0.0,5.0,2010.0,WD,Normal,11.608244735642321
3.044522437723423,RL,68.0,17673.5,IR1,Low,Inside,Veenker,Norm,1Fam,1Story,9.0,5.0,1981.0,1987.0,Gable,WdShngl,WdShing,Wd Shng,BrkFace,0.0,Gd,TA,CBlock,Ex,TA,Gd,GLQ,1780.625,0.0,3.4965075614664802,1842.0,GasA,Gd,Y,SBrkr,0.0,-1.3877787807814457e-17,1842.0,2.0,0.0,0.0,1.0,0.5,0.6931471805599453,Gd,Typ,1.0,Gd,Attchd,Fin,3.0,TA,TA,Y,6.042632833682381,4.290459441148391,0.0,0.0,0.0,0.0,0.0,11.0,2006.0,WD,Normal,12.861001210669146
4.394449154672439,RL,60.0,7134.0,Reg,Bnk,Inside,NAmes,Norm,1Fam,SLvl,5.0,5.0,1955.0,1955.0,Gable,CompShg,MetalSd,MetalSd,BrkFace,0.0,TA,TA,CBlock,TA,TA,No,ALQ,384.0,0.0,0.0,384.0,GasA,TA,Y,SBrkr,0.0,-1.3877787807814457e-17,1360.0,0.0,0.0,1.0,0.0,3.0,0.6931471805599453,TA,Min1,1.0,TA,Detchd,Unf,2.0,TA,TA,Y,0.0,3.9318256327243257,0.0,0.0,0.0,0.0,0.0,2.0,2007.0,WD,Normal,11.775297421715827
3.044522437723423,RL,100.0,10175.0,IR1,Lvl,Inside,NAmes,Norm,1Fam,1Story,6.0,5.0,1964.0,1964.0,Gable,CompShg,HdBoard,Plywood,BrkFace,5.60947179518496,TA,TA,CBlock,TA,TA,No,BLQ,490.0,0.0,6.841615476477592,1425.0,GasA,Gd,Y,SBrkr,0.0,-1.3877787807814457e-17,1425.0,0.0,0.0,2.0,0.0,3.0,0.6931471805599453,TA,Typ,1.0,Gd,Attchd,RFn,2.0,TA,TA,Y,0.0,0.0,0.0,6.011267174404162,0.0,0.0,0.0,7.0,2008.0,WD,Normal,12.103491596905931
4.983606621708336,FV,27.500000000000007,2645.0,Reg,Lvl,Inside,Somerst,Norm,Twnhs,2Story,8.0,5.0,1999.0,2000.0,Gable,CompShg,MetalSd,MetalSd,BrkFace,6.030685260261263,Gd,TA,PConc,Gd,TA,No,GLQ,649.0,0.0,5.7745515455444085,970.0,GasA,Ex,Y,SBrkr,6.6293632534374485,-1.3877787807814457e-17,1739.0,1.0,0.0,2.0,1.0,3.0,0.6931471805599453,Gd,Typ,0.0,Gd,Attchd,Fin,2.0,TA,TA,Y,4.7535901911063645,0.0,0.0,0.0,0.0,0.0,0.0,8.0,2009.0,WD,Abnorml,12.058158312538197
4.110873864173311,RL,89.0,11645.0,IR1,Lvl,Corner,CollgCr,Norm,1Fam,2Story,7.0,5.0,2004.0,2004.0,Gable,CompShg,VinylSd,VinylSd,BrkFace,0.0,Gd,TA,PConc,Gd,TA,No,Unf,0.0,0.0,6.7580945044277305,860.0,GasA,Ex,Y,SBrkr,6.7580945044277305,-1.3877787807814457e-17,1720.0,0.0,0.0,2.0,1.0,3.0,0.6931471805599453,Gd,Typ,0.0,Gd,Attchd,RFn,2.0,TA,TA,Y,0.0,4.2626798770413155,0.0,0.0,0.0,0.0,0.0,8.0,2006.0,WD,Normal,12.188422799337028
4.110873864173311,RL,66.0,13682.0,IR2,HLS,CulDSac,StoneBr,Norm,1Fam,2Story,10.0,5.0,2006.0,2006.0,Hip,CompShg,VinylSd,VinylSd,BrkFace,6.030685260261263,Ex,TA,PConc,Ex,TA,Gd,Unf,0.0,0.0,7.252053951852814,1410.0,GasA,Ex,Y,SBrkr,7.3264656138403215,-1.3877787807814457e-17,2747.625,0.0,0.0,3.0,1.0,3.0,0.6931471805599453,Gd,Typ,1.0,Gd,BuiltIn,Fin,3.0,TA,TA,Y,5.262690188904886,0.0,3.6375861597263857,0.0,0.0,0.0,0.0,10.0,2006.0,New,Partial,12.991755706536901
3.044522437723423,RL,60.0,7200.0,Reg,Bnk,Inside,CollgCr,Norm,1Fam,1Story,5.0,7.0,1972.0,1972.0,Gable,CompShg,HdBoard,HdBoard,BrkFace,0.0,TA,TA,CBlock,TA,TA,Av,ALQ,632.0,0.0,5.003946305945459,780.0,GasA,Ex,Y,SBrkr,0.0,-1.3877787807814457e-17,780.0,0.0,0.0,1.0,0.0,2.0,0.6931471805599453,TA,Typ,0.0,Gd,Detchd,Unf,1.0,TA,TA,Y,5.2832037287379885,0.0,0.0,0.0,0.0,0.0,0.0,1.0,2008.0,WD,Normal,11.735276702486741
3.044522437723423,RL,63.0,13072.0,Reg,Lvl,Inside,SawyerW,RRAe,1Fam,1Story,6.0,5.0,2004.0,2004.0,Gable,CompShg,VinylSd,VinylSd,BrkFace,0.0,TA,TA,PConc,Gd,TA,No,ALQ,941.0,0.0,5.384495062789089,1158.0,GasA,Ex,Y,SBrkr,0.0,-1.3877787807814457e-17,1158.0,1.0,0.0,1.0,1.0,3.0,0.6931471805599453,Gd,Typ,0.0,Gd,Detchd,Unf,2.0,TA,TA,Y,0.0,3.9318256327243257,0.0,0.0,0.0,0.0,0.0,5.0,2006.0,New,Partial,11.970356641102999
4.330733340286331,RM,60.0,7200.0,Reg,Lvl,Inside,IDOTRR,Norm,1Fam,2.5Unf,5.0,7.0,1920.0,1996.0,Gable,CompShg,MetalSd,MetalSd,BrkFace,0.0,TA,TA,BrkTil,TA,Fa,No,Unf,0.0,0.0,6.274762021241939,530.0,GasA,TA,N,SBrkr,6.274762021241939,-1.3877787807814457e-17,1111.0,0.0,0.0,1.0,0.0,3.0,0.6931471805599453,Fa,Typ,0.0,Gd,Detchd,Unf,1.0,TA,TA,N,0.0,0.0,4.976733742420574,0.0,0.0,0.0,0.0,2.9999999999999996,2007.0,WD,Normal,11.522885696764481
4.795790545596741,RL,44.0,6442.0,IR1,Lvl,Inside,NridgHt,Norm,TwnhsE,1Story,8.0,5.0,2006.0,2006.0,Gable,CompShg,VinylSd,VinylSd,Stone,5.187385805840755,Gd,TA,PConc,Gd,Gd,Mn,GLQ,24.0,0.0,7.205635176410364,1370.0,GasA,Ex,Y,SBrkr,0.0,-1.3877787807814457e-17,1370.0,0.0,0.0,2.0,0.0,2.0,0.6931471805599453,Gd,Typ,1.0,Gd,Attchd,RFn,2.0,TA,TA,Y,4.795790545596741,3.912023005428146,0.0,0.0,0.0,0.0,0.0,10.0,2007.0,WD,Normal,12.218500103788143
4.2626798770413155,RM,50.0,10300.0,IR1,Bnk,Inside,OldTown,RRAn,1Fam,2Story,7.0,6.0,1921.0,1950.0,Gable,CompShg,Stucco,Stucco,BrkFace,0.0,TA,TA,BrkTil,TA,TA,No,Unf,0.0,0.0,6.3578422665081,576.0,GasA,Gd,Y,SBrkr,6.695798917058491,-1.3877787807814457e-17,1710.0,0.0,0.0,2.0,0.0,3.0,0.6931471805599453,TA,Typ,0.0,Gd,Detchd,Unf,2.0,TA,TA,Y,2.5649493574615367,2.4849066497880004,4.174387269895637,0.0,0.0,0.0,0.0,4.0,2010.0,WD,Normal,11.849404844423074
4.110873864173311,RL,66.6,9375.0,Reg,Lvl,Inside,CollgCr,Norm,1Fam,2Story,7.0,5.0,1997.0,1998.0,Gable,CompShg,VinylSd,VinylSd,BrkFace,6.030685260261263,TA,TA,PConc,Gd,TA,No,GLQ,739.0,0.0,5.765191102784844,1057.0,GasA,Ex,Y,SBrkr,6.885509670034818,-1.3877787807814457e-17,2034.0,1.0,0.0,2.0,1.0,3.0,0.6931471805599453,Gd,Typ,0.0,Gd,Attchd,RFn,2.0,TA,TA,Y,6.042632833682381,3.6109179126442243,0.0,0.0,0.0,0.0,0.0,2.0,2009.0,WD,Normal,12.299112067295642
4.110873864173311,RL,76.0,9591.0,Reg,Lvl,Inside,NridgHt,Norm,1Fam,2Story,8.0,5.0,2004.0,2005.0,Gable,CompShg,VinylSd,VinylSd,BrkFace,5.84354441703136,Gd,TA,PConc,Ex,TA,Av,Unf,0.0,0.0,7.042286171939743,1143.0,GasA,Ex,Y,SBrkr,7.193685818395112,-1.3877787807814457e-17,2473.0,0.0,0.0,2.0,1.0,4.0,0.6931471805599453,Gd,Typ,1.0,Gd,BuiltIn,RFn,3.0,TA,TA,Y,5.262690188904886,5.0238805208462765,0.0,0.0,0.0,0.0,0.0,10.0,2007.0,WD,Normal,12.666660207428574
3.044522437723423,RL,89.7,17673.5,Reg,Lvl,Inside,NAmes,PosA,1Fam,1Story,7.0,5.0,1970.0,1989.0,Gable,CompShg,Plywood,Plywood,BrkFace,5.662960480135946,TA,TA,CBlock,Gd,TA,Gd,GLQ,912.0,0.0,6.943122422819428,1947.0,GasA,TA,Y,SBrkr,0.0,-1.3877787807814457e-17,2207.0,1.0,0.0,2.0,0.0,3.0,0.6931471805599453,TA,Min1,1.0,Gd,Attchd,RFn,2.0,TA,TA,Y,5.71042701737487,0.0,0.0,0.0,0.0,0.0,0.0,7.0,2010.0,WD,Normal,12.100717685412471
3.044522437723423,RL,72.0,10665.0,IR1,Lvl,Inside,CollgCr,Norm,1Fam,1Story,7.0,5.0,2003.0,2003.0,Gable,CompShg,VinylSd,VinylSd,BrkFace,5.123963979403259,Gd,TA,PConc,Gd,TA,Av,GLQ,1013.0,0.0,6.089044875446846,1453.0,GasA,Ex,Y,SBrkr,0.0,-1.3877787807814457e-17,1479.0,1.0,0.0,2.0,0.0,3.0,0.6931471805599453,Gd,Typ,0.0,Gd,Attchd,RFn,2.0,TA,TA,Y,4.976733742420574,3.4011973816621555,0.0,0.0,0.0,0.0,0.0,6.0,2007.0,WD,Normal,12.328294703023394
3.4339872044851463,RM,47.0,4608.0,Reg,Lvl,Corner,OldTown,Artery,1Fam,1Story,4.0,6.0,1945.0,1950.0,Gable,CompShg,MetalSd,MetalSd,BrkFace,0.0,TA,Gd,CBlock,TA,TA,No,Unf,0.0,0.0,6.617402977974478,747.0,GasA,TA,Y,SBrkr,0.0,-1.3877787807814457e-17,747.0,0.0,0.0,1.0,0.0,2.0,0.6931471805599453,TA,Typ,0.0,Gd,Attchd,Unf,1.0,TA,TA,Y,0.0,0.0,0.0,0.0,0.0,0.0,0.0,6.0,2010.0,WD,Normal,11.289794413577894
3.9318256327243257,RL,81.0,15593.0,Reg,Lvl,Corner,ClearCr,Norm,1Fam,1.5Fin,7.0,4.0,1953.0,1953.0,Gable,CompShg,BrkFace,AsbShng,BrkFace,0.0,Gd,TA,CBlock,TA,TA,No,BLQ,603.0,0.0,6.553933404025811,1304.0,GasW,TA,Y,SBrkr,6.891625897052252,-1.3877787807814457e-17,2287.0,0.0,0.0,2.0,0.0,3.0,0.6931471805599453,TA,Typ,1.0,TA,Attchd,Fin,2.0,TA,TA,Y,0.0,3.091042453358316,4.74493212836325,0.0,0.0,0.0,0.0,7.0,2006.0,WD,Normal,12.323860125621126
3.044522437723423,RL,95.0,13651.0,IR1,Lvl,Inside,NAmes,Norm,1Fam,1Story,7.0,6.0,1973.0,1973.0,Gable,CompShg,Plywood,Plywood,BrkFace,6.030685260261263,TA,Gd,CBlock,Gd,TA,Gd,ALQ,1780.625,0.0,5.840641657373398,2052.0,GasA,Ex,Y,SBrkr,0.0,-1.3877787807814457e-17,2223.0,1.0,0.0,2.0,0.0,3.0,0.6931471805599453,TA,Typ,2.0,Gd,Attchd,Fin,2.0,TA,TA,Y,5.707110264748875,0.0,0.0,0.0,0.0,0.0,0.0,2.0,2007.0,WD,Normal,12.404927602627597
3.044522437723423,RL,69.0,7599.0,Reg,Lvl,Corner,Mitchel,Norm,1Fam,1Story,4.0,6.0,1982.0,2006.0,Gable,CompShg,HdBoard,Plywood,BrkFace,0.0,TA,TA,CBlock,TA,TA,No,ALQ,565.0,0.0,5.638354669333745,845.0,GasA,TA,Y,SBrkr,0.0,-1.3877787807814457e-17,845.0,1.0,0.0,1.0,0.0,2.0,0.6931471805599453,TA,Typ,0.0,Gd,Detchd,Unf,2.0,TA,TA,Y,0.0,0.0,0.0,0.0,0.0,0.0,0.0,6.0,2007.0,WD,Normal,11.771443882099637
4.110873864173311,RL,74.0,10141.0,IR1,Lvl,Corner,Gilbert,Norm,1Fam,2Story,7.0,5.0,1998.0,1998.0,Gable,CompShg,VinylSd,VinylSd,BrkFace,3.713572066704308,TA,TA,PConc,Gd,TA,No,Unf,0.0,0.0,6.725033642166843,832.0,GasA,Gd,Y,SBrkr,6.726233402358747,-1.3877787807814457e-17,1718.0,0.0,0.0,2.0,1.0,3.0,0.6931471805599453,TA,Typ,1.0,TA,Attchd,Fin,2.0,TA,TA,Y,0.0,4.553876891600541,0.0,0.0,5.676753802268282,0.0,0.0,12.0,2009.0,WD,Normal,12.128116509451258
3.044522437723423,RL,85.0,10200.0,Reg,Lvl,Inside,NAmes,Norm,1Fam,1Story,5.0,7.0,1954.0,2003.0,Gable,CompShg,Wd Sdng,Wd Sdng,BrkFace,4.653960350157523,TA,TA,CBlock,TA,TA,No,ALQ,320.0,5.8944028342648505,6.003887067106539,1086.0,GasA,Gd,Y,SBrkr,0.0,-1.3877787807814457e-17,1086.0,1.0,0.0,1.0,0.0,3.0,0.6931471805599453,TA,Typ,0.0,Gd,Attchd,Unf,2.0,TA,TA,Y,0.0,0.0,0.0,0.0,0.0,0.0,0.0,5.0,2010.0,WD,Normal,11.88380602959621
3.9318256327243257,RM,60.0,5790.0,Reg,Lvl,Corner,OldTown,Norm,1Fam,2Story,3.0,6.0,1915.0,1950.0,Gambrel,CompShg,VinylSd,VinylSd,BrkFace,0.0,Gd,Gd,CBlock,Fa,TA,No,Unf,0.0,0.0,6.734591659972948,840.0,GasA,Gd,N,SBrkr,6.641182169740592,-1.3877787807814457e-17,1605.0,0.0,0.0,2.0,0.0,3.0,1.0986122886681098,TA,Typ,0.0,Gd,Detchd,Unf,1.0,TA,TA,Y,0.0,0.0,5.313205979041787,0.0,0.0,0.0,0.0,5.0,2010.0,WD,Normal,11.58432477200052
4.983606621708336,RM,27.500000000000007,1596.000000000001,Reg,Lvl,Inside,MeadowV,Norm,Twnhs,SLvl,4.0,5.0,1973.0,1973.0,Gable,CompShg,CemntBd,CmentBd,BrkFace,0.0,TA,TA,CBlock,Gd,TA,Gd,GLQ,462.0,0.0,0.0,462.0,GasA,TA,Y,SBrkr,6.137727054086234,-1.3877787807814457e-17,988.0,1.0,0.0,1.0,0.0,2.0,0.6931471805599453,TA,Typ,0.0,Gd,BuiltIn,Unf,1.0,TA,TA,Y,4.795790545596741,4.624972813284271,0.0,0.0,0.0,0.0,0.0,11.0,2009.0,WD,Normal,11.418625774449598
3.044522437723423,RL,71.0,8475.0,IR1,Lvl,Inside,NAmes,Norm,1Fam,1Story,4.0,7.0,1956.0,1956.0,Gable,CompShg,VinylSd,VinylSd,BrkFace,0.0,TA,TA,CBlock,TA,TA,No,ALQ,228.0,0.0,6.586171654854675,952.0,GasA,Ex,Y,FuseA,0.0,-1.3877787807814457e-17,952.0,0.0,0.0,1.0,0.0,2.0,0.6931471805599453,TA,Typ,0.0,Gd,Detchd,Unf,1.0,TA,TA,Y,0.0,0.0,0.0,0.0,0.0,0.0,0.0,4.0,2008.0,WD,Normal,11.818577604251555
3.9318256327243257,RM,50.0,8635.0,Reg,Lvl,Inside,BrkSide,Norm,1Fam,1.5Fin,5.0,5.0,1948.0,2001.0,Gable,CompShg,Wd Sdng,Wd Sdng,BrkFace,0.0,TA,TA,CBlock,TA,TA,No,BLQ,336.0,3.7376696182833684,5.69035945432406,672.0,GasA,TA,Y,SBrkr,5.365976015021851,-1.3877787807814457e-17,1285.0,1.0,0.0,1.0,0.0,2.0,0.6931471805599453,TA,Min1,0.0,Gd,Detchd,Unf,1.0,TA,TA,Y,0.0,0.0,0.0,0.0,0.0,0.0,0.0,1.0,2008.0,WD,Normal,11.751950239425476
4.51085950651685,RL,72.0,10778.0,Reg,Lvl,Inside,Sawyer,Norm,Duplex,1Story,4.0,5.0,1968.0,1968.0,Hip,CompShg,HdBoard,HdBoard,BrkFace,0.0,TA,TA,CBlock,TA,TA,No,Unf,0.0,0.0,7.430410654501705,1768.0,GasA,TA,N,SBrkr,0.0,-1.3877787807814457e-17,1768.0,0.0,0.0,2.0,0.0,4.0,1.0986122886681098,TA,Typ,0.0,Gd,Attchd,Unf,-2.220446049250313e-16,TA,TA,Y,0.0,0.0,0.0,0.0,0.0,0.0,0.0,4.0,2010.0,WD,Normal,11.824087219587643
3.9318256327243257,RM,60.0,10440.0,Reg,Lvl,Corner,OldTown,Norm,1Fam,2Story,5.0,6.0,1910.0,1981.0,Gable,CompShg,Wd Sdng,Wd Sdng,BrkFace,0.0,TA,TA,PConc,TA,TA,No,Unf,0.0,0.0,6.089044875446846,440.0,GasA,Gd,Y,SBrkr,6.3080984415095305,-1.3877787807814457e-17,1230.0,0.0,0.0,1.0,1.0,2.0,0.6931471805599453,TA,Typ,0.0,Gd,Detchd,Unf,2.0,TA,TA,Y,4.31748811353631,0.0,4.859812404361672,0.0,0.0,0.0,0.0,5.0,2009.0,WD,Normal,11.608244735642321
4.110873864173311,RL,100.0,13000.0,Reg,Lvl,Corner,NAmes,Norm,1Fam,2Story,6.0,6.0,1968.0,1968.0,Gable,CompShg,VinylSd,VinylSd,BrkFace,6.030685260261263,TA,Gd,CBlock,Gd,TA,No,Rec,448.0,0.0,6.1070228877422545,896.0,GasA,TA,Y,SBrkr,6.8679744089702925,-1.3877787807814457e-17,2142.0,0.0,0.0,2.0,1.0,4.0,0.6931471805599453,Gd,Typ,1.0,Gd,Attchd,Fin,1.0,TA,TA,Y,0.0,4.290459441148391,0.0,0.0,5.53338948872752,0.0,0.0,6.0,2009.0,WD,Normal,12.173037959397275
4.795790545596741,RM,32.0,4500.0,Reg,Lvl,FR2,Mitchel,Norm,TwnhsE,1Story,6.0,5.0,1998.0,1998.0,Hip,CompShg,VinylSd,VinylSd,BrkFace,6.030685260261263,TA,Gd,PConc,Ex,Gd,No,GLQ,1201.0,0.0,3.6109179126442243,1237.0,GasA,Ex,Y,SBrkr,0.0,-1.3877787807814457e-17,1337.0,1.0,0.0,2.0,0.0,2.0,0.6931471805599453,TA,Typ,0.0,Gd,Attchd,Fin,2.0,TA,TA,Y,0.0,5.14166355650266,0.0,0.0,0.0,0.0,0.0,2.9999999999999996,2006.0,WD,Normal,11.941462360646149
3.044522437723423,RL,78.0,10206.0,Reg,Lvl,Inside,Somerst,Norm,1Fam,1Story,8.0,5.0,2007.0,2007.0,Gable,CompShg,VinylSd,VinylSd,Stone,6.030685260261263,TA,TA,PConc,Gd,TA,No,GLQ,33.0,0.0,7.333676395657684,1563.0,GasA,Ex,Y,SBrkr,0.0,-1.3877787807814457e-17,1563.0,0.0,0.0,2.0,0.0,3.0,0.6931471805599453,Gd,Typ,1.0,Gd,Attchd,RFn,3.0,TA,TA,Y,4.976733742420574,4.605170185988092,0.0,0.0,0.0,0.0,0.0,10.0,2008.0,WD,Normal,12.409017571151187
3.044522437723423,RL,80.0,8892.0,IR1,Lvl,Inside,NAmes,Norm,1Fam,1Story,5.0,5.0,1960.0,1960.0,Gable,CompShg,MetalSd,MetalSd,BrkCmn,4.204692619390966,TA,TA,CBlock,TA,TA,No,Unf,0.0,0.0,6.97166860472579,1065.0,GasA,Gd,Y,SBrkr,0.0,-1.3877787807814457e-17,1065.0,0.0,0.0,1.0,1.0,3.0,0.6931471805599453,TA,Typ,0.0,Gd,Detchd,Unf,2.0,TA,TA,Y,4.31748811353631,0.0,0.0,0.0,0.0,0.0,0.0,7.0,2007.0,COD,Normal,11.748005492256807
4.394449154672439,RL,69.8,8530.0,IR1,Lvl,Inside,Gilbert,Norm,1Fam,SLvl,7.0,5.0,1995.0,1996.0,Gable,CompShg,HdBoard,HdBoard,BrkFace,3.1354942159291497,TA,TA,PConc,Gd,TA,No,Unf,0.0,0.0,5.953243334287785,384.0,GasA,Gd,Y,SBrkr,6.508769136971683,-1.3877787807814457e-17,1474.0,0.0,0.0,2.0,1.0,3.0,0.6931471805599453,TA,Typ,1.0,TA,BuiltIn,Fin,2.0,TA,TA,Y,4.795790545596741,4.290459441148391,0.0,0.0,0.0,0.0,6.552507887034589,5.0,2009.0,WD,Normal,12.034696963475044
4.110873864173311,RL,111.5,16059.0,Reg,Lvl,Corner,NoRidge,Norm,1Fam,2Story,8.0,5.0,1991.0,1992.0,Hip,CompShg,HdBoard,HdBoard,BrkFace,5.652489180268651,Gd,TA,CBlock,Gd,TA,No,Unf,0.0,0.0,7.161622002939187,1288.0,GasA,Ex,Y,SBrkr,7.018401799069201,-1.3877787807814457e-17,2417.0,0.0,0.0,2.0,1.0,4.0,0.6931471805599453,Gd,Typ,1.0,TA,Attchd,Unf,2.0,TA,TA,Y,4.852030263919617,4.418840607796598,0.0,0.0,0.0,0.0,0.0,4.0,2006.0,WD,Normal,12.468440756144114
4.110873864173311,RL,111.5,11911.0,IR2,Lvl,Inside,Gilbert,Norm,1Fam,2Story,6.0,5.0,2005.0,2005.0,Gable,CompShg,VinylSd,VinylSd,BrkFace,0.0,Gd,TA,PConc,Gd,TA,Av,Unf,0.0,0.0,6.529418838262226,684.0,GasA,Ex,Y,SBrkr,6.776506992372183,-1.3877787807814457e-17,1560.0,0.0,0.0,2.0,1.0,3.0,0.6931471805599453,Gd,Typ,1.0,Gd,BuiltIn,Fin,2.0,TA,TA,Y,4.61512051684126,3.6635616461296463,0.0,0.0,0.0,0.0,0.0,2.9999999999999996,2009.0,WD,Normal,12.066816325306588
4.983606621708336,FV,40.0,3951.0,Reg,Lvl,Corner,Somerst,Norm,TwnhsE,2Story,6.0,5.0,2009.0,2009.0,Gable,CompShg,VinylSd,VinylSd,Stone,4.343805421853684,Gd,TA,PConc,Gd,TA,Av,Unf,0.0,0.0,6.418364935936212,612.0,GasA,Ex,Y,SBrkr,6.4183649359362125,-1.3877787807814457e-17,1224.0,0.0,0.0,2.0,1.0,2.0,0.6931471805599453,Gd,Typ,0.0,Gd,Detchd,RFn,2.0,TA,TA,Y,0.0,5.14166355650266,0.0,0.0,0.0,0.0,0.0,6.0,2009.0,New,Partial,12.010671928196443
3.9318256327243257,C (all),105.0,8470.0,IR1,Lvl,Corner,IDOTRR,Feedr,1Fam,1.5Fin,3.0,3.5,1915.0,1982.0,Hip,CompShg,Plywood,Plywood,BrkFace,0.0,Fa,Fa,CBlock,TA,Fa,No,Unf,0.0,0.0,6.921658184151129,1013.0,GasA,TA,N,SBrkr,0.0,6.242223265455166,1526.0,0.0,0.0,1.0,0.0,2.0,0.6931471805599453,Fa,Typ,0.0,Gd,Attchd,Unf,-2.220446049250313e-16,TA,TA,N,0.0,0.0,5.056245805348308,0.0,0.0,0.0,0.0,10.0,2009.0,ConLD,Abnorml,11.350418300109132
3.044522437723423,RL,60.0,8070.0,Reg,Lvl,Inside,CollgCr,Norm,1Fam,1Story,4.0,5.0,1994.0,1995.0,Gable,CompShg,VinylSd,VinylSd,BrkFace,0.0,TA,TA,PConc,Gd,TA,No,GLQ,588.0,0.0,5.998936561946683,990.0,GasA,Ex,Y,SBrkr,0.0,-1.3877787807814457e-17,990.0,1.0,0.0,1.0,0.0,3.0,0.6931471805599453,TA,Typ,0.0,Gd,Attchd,Unf,-2.220446049250313e-16,TA,TA,Y,0.0,0.0,0.0,0.0,0.0,0.0,0.0,8.0,2007.0,WD,Normal,11.724813914587886
3.044522437723423,RL,60.0,7200.0,Reg,Lvl,Inside,NAmes,Norm,1Fam,1Story,4.0,5.0,1950.0,1950.0,Gable,CompShg,BrkFace,Wd Sdng,BrkFace,0.0,TA,TA,Slab,TA,TA,No,Unf,0.0,0.0,0.0,42.0,GasA,TA,Y,FuseA,0.0,-1.3877787807814457e-17,1040.0,0.0,0.0,1.0,0.0,2.0,0.6931471805599453,TA,Typ,0.0,Gd,Detchd,Unf,2.0,TA,TA,Y,0.0,3.4011973816621555,0.0,0.0,0.0,0.0,0.0,7.0,2006.0,WD,Normal,11.60733523953139
3.044522437723423,RL,85.0,8500.0,Reg,Lvl,Inside,NAmes,Norm,1Fam,1Story,5.0,3.5,1961.0,1961.0,Hip,CompShg,HdBoard,HdBoard,BrkCmn,5.318119993844217,TA,TA,CBlock,TA,TA,No,Rec,600.0,0.0,6.455198563340122,1235.0,GasA,TA,Y,SBrkr,0.0,-1.3877787807814457e-17,1235.0,0.0,0.0,1.0,0.0,2.0,0.6931471805599453,TA,Typ,0.0,Gd,Attchd,Unf,2.0,TA,TA,Y,0.0,0.0,0.0,0.0,0.0,0.0,0.0,12.0,2006.0,WD,Abnorml,11.498836682527127
3.4339872044851463,RL,80.0,13360.0,IR1,HLS,Inside,Crawfor,Norm,1Fam,1Story,5.0,7.0,1921.0,2006.0,Gable,CompShg,Wd Sdng,Wd Sdng,BrkFace,0.0,TA,Gd,BrkTil,Gd,TA,No,ALQ,713.0,0.0,5.099866427824199,876.0,GasA,Ex,Y,SBrkr,0.0,-1.3877787807814457e-17,964.0,1.0,0.0,1.0,0.0,2.0,0.6931471805599453,TA,Typ,0.0,Gd,Detchd,Unf,2.0,TA,TA,Y,0.0,0.0,3.8066624897703196,0.0,0.0,0.0,0.0,8.0,2009.0,WD,Normal,12.004574385508691
4.983606621708336,C (all),60.0,7200.0,Reg,Lvl,Corner,OldTown,Norm,2fmCon,2.5Unf,6.0,6.0,1910.0,1998.0,Hip,CompShg,MetalSd,MetalSd,BrkFace,0.0,TA,TA,BrkTil,TA,Fa,Mn,Rec,1046.0,0.0,5.1298987149230735,1214.0,GasW,Ex,N,SBrkr,6.939253946041507,-1.3877787807814457e-17,2291.0,0.0,0.6931471805599452,2.0,0.0,4.0,1.0986122886681098,TA,Typ,1.0,Gd,Detchd,Unf,2.0,TA,TA,Y,0.0,0.0,0.0,0.0,4.605170185988092,0.0,0.0,11.0,2007.0,WD,Normal,11.804855999911272
4.110873864173311,RL,69.0,9337.0,IR1,Lvl,Inside,CollgCr,Norm,1Fam,2Story,6.0,5.0,1997.0,1997.0,Gable,CompShg,VinylSd,VinylSd,BrkFace,0.0,TA,Gd,PConc,Gd,TA,No,GLQ,648.0,0.0,5.176149732573829,824.0,GasA,Ex,Y,SBrkr,6.782192056006791,-1.3877787807814457e-17,1786.0,1.0,0.0,2.0,1.0,3.0,0.6931471805599453,Gd,Typ,0.0,Gd,Attchd,RFn,2.0,TA,TA,Y,0.0,5.093750200806763,0.0,0.0,0.0,0.0,0.0,5.0,2007.0,WD,Normal,12.229549885708273
4.110873864173311,RL,71.2,9765.0,IR2,Lvl,Corner,Gilbert,Norm,1Fam,2Story,6.0,7.5,1993.0,1993.0,Gable,CompShg,VinylSd,VinylSd,BrkFace,4.23410650459726,Ex,Gd,PConc,Gd,Gd,No,ALQ,310.0,0.0,5.916202062607435,680.0,GasA,Gd,Y,SBrkr,6.673297967767654,-1.3877787807814457e-17,1470.0,0.0,0.0,2.0,1.0,3.0,0.6931471805599453,TA,Typ,1.0,TA,BuiltIn,Fin,2.0,TA,TA,Y,5.451038453565699,4.1588830833596715,0.0,0.0,0.0,0.0,6.175867270105762,4.0,2009.0,WD,Normal,12.128116509451258
3.044522437723423,RL,78.0,10264.0,IR1,Lvl,Inside,CollgCr,Norm,1Fam,1Story,7.0,5.0,1999.0,1999.0,Gable,CompShg,VinylSd,VinylSd,BrkFace,5.214935757608986,Gd,TA,PConc,Gd,TA,Av,ALQ,1162.0,0.0,6.056784013228625,1588.0,GasA,Ex,Y,SBrkr,0.0,-1.3877787807814457e-17,1588.0,0.0,0.0,2.0,0.0,3.0,0.6931471805599453,Gd,Typ,0.0,Gd,Attchd,RFn,2.0,TA,TA,Y,5.0689042022202315,3.4011973816621555,0.0,0.0,0.0,0.0,0.0,8.0,2006.0,WD,Normal,12.273735966890268
3.044522437723423,RL,73.0,10921.0,Reg,HLS,Inside,Edwards,Norm,1Fam,1Story,4.0,5.0,1965.0,1965.0,Hip,CompShg,HdBoard,HdBoard,BrkFace,3.8918202981106265,TA,TA,CBlock,TA,TA,No,Rec,520.0,0.0,6.089044875446846,960.0,GasA,TA,Y,FuseF,0.0,-1.3877787807814457e-17,960.0,1.0,0.0,1.0,0.0,3.0,0.6931471805599453,TA,Typ,0.0,Gd,Attchd,Fin,1.0,TA,TA,P,4.795790545596741,0.0,0.0,0.0,0.0,0.0,0.0,5.0,2007.0,WD,Normal,11.459007676978688
3.4339872044851463,RL,85.0,10625.0,Reg,Lvl,Corner,Edwards,Norm,1Fam,1Story,5.0,5.0,1920.0,1950.0,Gable,CompShg,Wd Sdng,Wd Sdng,BrkFace,0.0,TA,TA,BrkTil,TA,TA,No,ALQ,108.0,0.0,5.860786223465865,458.0,GasA,Fa,N,SBrkr,0.0,-1.3877787807814457e-17,835.0,0.0,0.0,1.0,0.0,2.0,0.6931471805599453,TA,Typ,0.0,Gd,Basment,Unf,1.0,Fa,TA,Y,0.0,0.0,4.356708826689591,0.0,0.0,0.0,5.993961427306569,5.0,2010.0,COD,Abnorml,11.326607934898927
3.044522437723423,RL,77.0,9320.0,IR1,Lvl,Inside,NAmes,Norm,1Fam,1Story,4.0,5.0,1959.0,1959.0,Gable,CompShg,Plywood,Plywood,BrkFace,0.0,TA,TA,CBlock,TA,TA,No,ALQ,569.0,0.0,5.945420608606575,950.0,GasA,Fa,Y,SBrkr,0.0,-1.3877787807814457e-17,1225.0,1.0,0.0,1.0,1.0,3.0,0.6931471805599453,TA,Typ,0.0,Gd,Attchd,Unf,-2.220446049250313e-16,TA,TA,Y,5.8664680569332965,0.0,0.0,0.0,0.0,0.0,5.993961427306569,1.0,2010.0,WD,Normal,11.767187766223199
3.044522437723423,RL,86.5,10603.0,IR1,Lvl,Inside,NWAmes,Norm,1Fam,1Story,6.0,7.0,1977.0,2001.0,Gable,CompShg,Plywood,Plywood,BrkFace,3.367295829986474,TA,TA,PConc,TA,TA,Mn,ALQ,1200.0,0.0,6.018593214496234,1610.0,GasA,Gd,Y,SBrkr,0.0,-1.3877787807814457e-17,1610.0,1.0,0.0,2.0,0.0,3.0,0.6931471805599453,Gd,Typ,2.0,TA,Attchd,RFn,2.0,TA,TA,Y,5.1298987149230735,4.23410650459726,0.0,0.0,0.0,0.0,0.0,2.0,2010.0,WD,Normal,12.230770136157428
4.110873864173311,RL,77.0,9206.0,Reg,Lvl,Inside,SawyerW,Norm,1Fam,2Story,6.0,5.0,1985.0,1985.0,Gable,CompShg,HdBoard,HdBoard,BrkFace,5.820082930352362,Gd,TA,CBlock,Gd,TA,No,Unf,0.0,0.0,6.60934924316738,741.0,GasA,TA,Y,SBrkr,6.628041376179533,-1.3877787807814457e-17,1732.0,0.0,0.0,2.0,1.0,3.0,0.6931471805599453,Gd,Typ,1.0,TA,Attchd,Fin,2.0,TA,TA,Y,5.262690188904886,3.8501476017100584,0.0,0.0,0.0,0.0,0.0,6.0,2010.0,WD,Normal,12.08954444723597
4.51085950651685,RL,64.0,7018.0,Reg,Bnk,Inside,SawyerW,Norm,Duplex,1Story,5.0,5.0,1979.0,1979.0,Gable,CompShg,HdBoard,HdBoard,BrkFace,0.0,TA,Fa,Slab,TA,TA,No,Unf,0.0,0.0,0.0,42.0,GasA,TA,Y,SBrkr,0.0,-1.3877787807814457e-17,1535.0,0.0,0.0,2.0,0.0,4.0,1.0986122886681098,TA,Typ,0.0,Gd,Attchd,Unf,2.0,TA,TA,Y,0.0,0.0,0.0,0.0,0.0,0.0,0.0,6.0,2009.0,WD,Alloca,11.68658461118553
3.044522437723423,RL,94.0,10402.0,IR1,Lvl,Corner,CollgCr,Norm,1Fam,1Story,7.0,5.0,2009.0,2009.0,Gable,CompShg,VinylSd,VinylSd,BrkFace,0.0,TA,TA,PConc,Gd,TA,No,Unf,0.0,0.0,7.112327444710911,1226.0,GasA,Ex,Y,SBrkr,0.0,-1.3877787807814457e-17,1226.0,0.0,0.0,2.0,0.0,3.0,0.6931471805599453,Gd,Typ,0.0,Gd,Attchd,RFn,3.0,TA,TA,Y,0.0,3.6109179126442243,0.0,0.0,0.0,0.0,0.0,5.0,2010.0,WD,Normal,12.200562492481511
3.9318256327243257,RM,77.6,7758.0,Reg,Lvl,Corner,IDOTRR,Norm,1Fam,1.5Fin,7.0,4.0,1931.0,1950.0,Gable,CompShg,Stucco,Stucco,BrkFace,6.030685260261263,TA,Fa,PConc,TA,TA,No,LwQ,224.0,0.0,6.705639094860003,1040.0,GasA,Ex,Y,FuseF,6.385194398997726,-1.3877787807814457e-17,1818.0,0.0,0.0,1.0,1.0,4.0,0.6931471805599453,TA,Typ,2.0,TA,Detchd,Unf,1.0,TA,TA,Y,0.0,0.0,0.0,0.0,5.220355825078324,0.0,0.0,6.0,2007.0,WD,Normal,12.040614105490253
4.110873864173311,FV,75.0,9375.0,Reg,Lvl,Inside,Somerst,Norm,1Fam,2Story,8.0,5.0,2003.0,2004.0,Hip,CompShg,VinylSd,VinylSd,BrkFace,6.030685260261263,Gd,TA,PConc,Ex,TA,No,Unf,0.0,0.0,6.960347729101308,1053.0,GasA,Ex,Y,SBrkr,6.84587987526405,-1.3877787807814457e-17,1992.0,0.0,0.0,2.0,1.0,3.0,0.6931471805599453,Gd,Typ,1.0,Gd,Attchd,RFn,2.0,TA,TA,Y,4.948759890378168,3.828641396489095,0.0,0.0,0.0,0.0,0.0,8.0,2008.0,WD,Normal,12.429220196836383
3.4339872044851463,RM,60.0,10800.0,Reg,Lvl,Inside,OldTown,Norm,1Fam,1Story,4.0,7.0,1885.0,1995.0,Mansard,CompShg,VinylSd,VinylSd,BrkFace,0.0,TA,TA,BrkTil,Fa,TA,No,Unf,0.0,0.0,6.464588303689961,641.0,GasA,Gd,Y,SBrkr,0.0,-1.3877787807814457e-17,1047.0,0.0,0.0,1.0,0.0,2.0,0.6931471805599453,TA,Typ,0.0,Gd,Detchd,Unf,1.0,Fa,Fa,N,0.0,0.0,0.0,0.0,0.0,0.0,6.111467339502679,8.0,2007.0,WD,Normal,11.51293546492023
3.044522437723423,RM,50.0,6000.0,Reg,Lvl,Inside,OldTown,Norm,1Fam,1Story,5.0,5.0,1948.0,1950.0,Gable,CompShg,VinylSd,VinylSd,BrkFace,0.0,TA,TA,CBlock,TA,TA,No,ALQ,104.0,5.135798437050262,6.248042874508429,789.0,GasA,Ex,Y,SBrkr,0.0,-1.3877787807814457e-17,789.0,0.0,0.0,1.0,0.0,2.0,0.6931471805599453,TA,Typ,0.0,Gd,Detchd,Unf,1.0,TA,TA,Y,0.0,0.0,0.0,0.0,0.0,0.0,0.0,4.0,2008.0,WD,Partial,11.652696102959753
3.9318256327243257,RM,85.0,8500.0,Reg,Lvl,Corner,IDOTRR,Artery,1Fam,1.5Fin,5.0,7.0,1919.0,2005.0,Gable,CompShg,CemntBd,CmentBd,BrkFace,0.0,TA,TA,CBlock,TA,TA,No,Unf,0.0,0.0,6.677083461247136,793.0,GasW,TA,N,FuseF,6.255750041753366,-1.3877787807814457e-17,1517.0,0.0,0.0,2.0,0.0,3.0,0.6931471805599453,Fa,Typ,0.0,Gd,Attchd,Unf,-2.220446049250313e-16,TA,TA,N,0.0,0.0,4.976733742420574,0.0,0.0,0.0,0.0,8.0,2007.0,WD,Normal,11.652696102959753
3.044522437723423,RL,105.0,11751.0,IR1,Lvl,Inside,NWAmes,Norm,1Fam,1Story,6.0,6.0,1977.0,1977.0,Hip,CompShg,Plywood,Plywood,BrkFace,6.030685260261263,TA,TA,CBlock,Gd,TA,No,BLQ,705.0,0.0,7.038783541388542,1844.0,GasA,Ex,Y,SBrkr,0.0,-1.3877787807814457e-17,1844.0,0.0,0.0,2.0,0.0,3.0,0.6931471805599453,TA,Typ,1.0,TA,Attchd,RFn,2.0,TA,TA,Y,0.0,4.812184355372417,0.0,0.0,0.0,0.0,0.0,1.0,2010.0,COD,Normal,12.154784614286667
3.9318256327243257,RL,75.0,9525.0,Reg,Lvl,Inside,Edwards,Norm,1Fam,1.5Fin,6.0,4.0,1954.0,1972.0,Gable,CompShg,Wd Sdng,Wd Sdng,BrkFace,0.0,TA,TA,CBlock,TA,Fa,No,Rec,444.0,0.0,6.311734809152915,994.0,GasA,Gd,Y,SBrkr,6.461468176353717,-1.3877787807814457e-17,1855.0,0.0,0.0,2.0,0.0,4.0,0.6931471805599453,TA,Typ,0.0,Gd,Attchd,Unf,1.0,TA,TA,Y,5.209486152841421,0.0,0.0,0.0,0.0,0.0,0.0,10.0,2006.0,WD,Normal,11.827013315851762
4.394449154672439,RL,76.7,7750.0,IR1,Lvl,Inside,Gilbert,Norm,1Fam,SLvl,7.0,5.0,2000.0,2000.0,Gable,CompShg,VinylSd,VinylSd,BrkFace,0.0,TA,TA,PConc,Gd,TA,No,GLQ,250.0,0.0,4.90527477843843,384.0,GasA,Ex,Y,SBrkr,6.48768401848461,-1.3877787807814457e-17,1430.0,0.0,0.0,2.0,1.0,3.0,0.6931471805599453,TA,Typ,1.0,TA,BuiltIn,Fin,2.0,TA,TA,Y,5.198497031265826,0.0,0.0,0.0,0.0,0.0,0.0,4.0,2010.0,WD,Normal,12.100717685412471
4.110873864173311,RL,77.0,9965.0,Reg,Lvl,Inside,CollgCr,Norm,1Fam,2Story,7.0,5.0,2007.0,2007.0,Gable,CompShg,VinylSd,VinylSd,Stone,5.398162701517752,Gd,TA,PConc,Ex,TA,Av,GLQ,984.0,0.0,5.638354669333745,1264.0,GasA,Ex,Y,SBrkr,7.254884810077337,-1.3877787807814457e-17,2696.0,1.0,0.0,2.0,1.0,4.0,0.6931471805599453,Ex,Typ,1.0,Gd,BuiltIn,Fin,3.0,TA,TA,Y,4.795790545596741,5.14166355650266,0.0,0.0,5.1298987149230735,0.0,0.0,10.0,2007.0,New,Partial,12.85832230788469
3.044522437723423,RL,88.8,17673.5,Reg,Bnk,Corner,Crawfor,Norm,1Fam,1Story,6.0,5.0,1953.0,1953.0,Hip,CompShg,Wd Sdng,Wd Sdng,BrkFace,5.220355825078324,TA,Gd,CBlock,Gd,TA,Mn,ALQ,35.0,6.768493211648629,6.80903930604298,1809.0,GasA,TA,Y,SBrkr,0.0,-1.3877787807814457e-17,2259.0,1.0,0.0,2.0,0.0,3.0,0.6931471805599453,Gd,Typ,2.0,Gd,Basment,Unf,2.0,TA,TA,Y,5.1179938124167546,4.795790545596741,5.262690188904886,0.0,0.0,0.0,0.0,10.0,2007.0,COD,Abnorml,12.28765724080691
4.2626798770413155,RL,61.0,7259.0,IR1,Lvl,Inside,Crawfor,Norm,1Fam,2Story,6.0,7.5,1945.0,2002.0,Gambrel,CompShg,Wd Sdng,Wd Sdng,BrkFace,0.0,TA,TA,CBlock,TA,TA,No,ALQ,774.0,5.017279836814923,4.653960350157523,1028.0,GasA,Ex,Y,SBrkr,6.785587645007929,-1.3877787807814457e-17,2320.0,1.0,0.0,2.0,1.0,3.0,0.6931471805599453,Gd,Typ,1.0,TA,Detchd,Unf,1.0,TA,TA,Y,5.41610040220442,0.0,0.0,0.0,0.0,0.0,0.0,7.0,2007.0,WD,Normal,12.466515835145202
4.983606621708336,FV,34.0,3230.0,Reg,Lvl,Corner,Somerst,Norm,TwnhsE,2Story,6.0,5.0,1999.0,1999.0,Gable,CompShg,MetalSd,MetalSd,BrkFace,6.030685260261263,TA,TA,PConc,Gd,TA,No,GLQ,419.0,0.0,5.739792912179234,729.0,GasA,Gd,Y,SBrkr,6.593044534142436,-1.3877787807814457e-17,1458.0,0.0,0.0,2.0,1.0,2.0,0.6931471805599453,TA,Typ,1.0,Fa,Detchd,Unf,2.0,TA,TA,Y,0.0,3.4965075614664802,0.0,0.0,0.0,0.0,0.0,6.0,2007.0,WD,Normal,12.07824495582233
3.044522437723423,RL,75.0,11616.0,Reg,Lvl,Inside,Sawyer,Norm,1Fam,1Story,5.0,5.0,1962.0,1962.0,Gable,CompShg,Wd Sdng,Wd Sdng,BrkFace,4.762173934797756,TA,TA,CBlock,TA,TA,No,LwQ,170.0,6.508769136971681,5.53338948872752,1092.0,GasA,TA,Y,SBrkr,0.0,-1.3877787807814457e-17,1092.0,0.0,0.6931471805599452,1.0,0.0,3.0,0.6931471805599453,TA,Typ,1.0,Po,Attchd,Unf,1.0,TA,TA,Y,0.0,3.044522437723423,4.976733742420574,0.0,0.0,0.0,0.0,9.0,2009.0,WD,Normal,11.842236406331555
3.044522437723423,RL,74.0,8536.0,Reg,Lvl,Corner,Edwards,Norm,1Fam,1Story,5.0,5.0,2006.0,2007.0,Gable,CompShg,VinylSd,VinylSd,BrkFace,0.0,TA,TA,PConc,Gd,TA,No,Unf,0.0,0.0,7.026426808699636,1125.0,GasA,Gd,Y,SBrkr,0.0,-1.3877787807814457e-17,1125.0,0.0,0.0,1.0,1.0,2.0,0.6931471805599453,TA,Typ,0.0,Gd,Attchd,Unf,2.0,TA,TA,Y,4.394449154672439,4.174387269895637,0.0,0.0,0.0,0.0,0.0,4.0,2007.0,New,Partial,11.951186847493476
4.110873864173311,RL,90.0,12376.0,Reg,Lvl,Corner,SawyerW,Norm,1Fam,2Story,7.0,5.0,1990.0,1990.0,Hip,CompShg,Plywood,Plywood,BrkFace,0.0,TA,TA,PConc,Gd,TA,Mn,GLQ,1470.0,0.0,5.318119993844216,1673.0,GasA,Gd,Y,SBrkr,7.329093736246591,-1.3877787807814457e-17,2747.625,1.0,0.0,3.0,0.0,4.5,0.6931471805599453,Gd,Typ,2.0,TA,Attchd,Unf,3.0,TA,TA,Y,5.908082938168931,0.0,0.0,0.0,0.0,0.0,0.0,5.0,2010.0,WD,Normal,12.676079399771027
4.110873864173311,RL,65.0,8461.0,Reg,Lvl,Inside,CollgCr,Norm,1Fam,2Story,6.0,5.0,2005.0,2006.0,Gable,CompShg,VinylSd,VinylSd,BrkFace,0.0,Gd,TA,PConc,Gd,TA,No,Unf,0.0,0.0,6.591673732008658,728.0,GasA,Ex,Y,SBrkr,6.591673732008658,-1.3877787807814457e-17,1456.0,0.0,0.0,2.0,1.0,3.0,0.6931471805599453,Gd,Typ,1.0,Gd,Attchd,Fin,2.0,TA,TA,Y,0.0,3.2188758248682006,0.0,0.0,0.0,0.0,0.0,7.0,2006.0,New,Partial,12.0075668272517
4.394449154672439,RL,72.5,17673.5,IR1,Low,CulDSac,ClearCr,Norm,1Fam,SLvl,6.0,5.0,1969.0,1969.0,Flat,Metal,Plywood,Plywood,BrkFace,0.0,TA,TA,CBlock,TA,TA,Gd,ALQ,938.0,0.0,0.0,938.0,GasA,Ex,Y,SBrkr,0.0,-1.3877787807814457e-17,988.0,1.0,0.0,1.0,0.0,1.0,0.6931471805599453,TA,Typ,2.0,TA,Attchd,Unf,2.0,TA,TA,Y,0.0,4.875197323201151,0.0,4.875197323201151,0.0,0.0,0.0,10.0,2006.0,WD,Normal,12.100717685412471
3.9318256327243257,RM,50.0,6060.0,Reg,Lvl,Inside,IDOTRR,Norm,1Fam,1.5Fin,4.0,5.0,1939.0,1950.0,Gable,CompShg,AsbShng,AsbShng,BrkFace,0.0,TA,TA,PConc,TA,TA,No,Unf,0.0,0.0,6.597145701886651,732.0,GasA,Gd,Y,SBrkr,5.863631175598097,-1.3877787807814457e-17,1123.0,0.0,0.0,1.0,0.0,3.0,0.6931471805599453,TA,Typ,0.0,Gd,Detchd,Unf,1.0,TA,TA,P,0.0,0.0,4.948759890378168,0.0,0.0,0.0,0.0,6.0,2007.0,WD,Normal,11.51293546492023
3.044522437723423,RL,75.0,9464.0,Reg,Lvl,Corner,NAmes,Norm,1Fam,1Story,6.0,7.0,1958.0,1958.0,Hip,CompShg,MetalSd,MetalSd,BrkFace,4.9126548857360515,TA,Gd,CBlock,TA,TA,No,BLQ,570.0,0.0,6.236369590203704,1080.0,GasA,Gd,Y,SBrkr,0.0,-1.3877787807814457e-17,1080.0,0.0,0.0,1.0,0.0,3.0,0.6931471805599453,TA,Typ,0.0,Gd,Attchd,Unf,1.0,TA,TA,Y,0.0,0.0,0.0,0.0,4.875197323201151,0.0,0.0,6.0,2008.0,WD,Normal,11.820417517632333
4.795790545596741,RL,55.0,7892.0,Reg,Lvl,Inside,SawyerW,Norm,TwnhsE,1Story,6.0,5.0,1993.0,1993.0,Gable,CompShg,Plywood,Plywood,BrkFace,0.0,Gd,TA,PConc,Gd,TA,No,GLQ,300.0,0.0,6.802394763324311,1199.0,GasA,Ex,Y,SBrkr,0.0,-1.3877787807814457e-17,1199.0,0.0,0.0,2.0,0.0,2.0,0.6931471805599453,Gd,Typ,0.0,Gd,Attchd,RFn,2.0,TA,TA,Y,0.0,4.1588830833596715,0.0,0.0,0.0,0.0,0.0,2.9999999999999996,2008.0,WD,Normal,11.944064817531656
3.044522437723423,RL,48.0,17043.0,IR1,Lvl,CulDSac,NWAmes,Norm,1Fam,1Story,6.0,5.0,1979.0,1998.0,Gable,CompShg,HdBoard,HdBoard,BrkFace,0.0,TA,Gd,CBlock,Gd,Fa,No,Unf,0.0,0.0,7.217443431696533,1362.0,GasA,TA,Y,SBrkr,0.0,-1.3877787807814457e-17,1586.0,0.0,0.0,2.0,0.0,3.0,0.6931471805599453,TA,Typ,1.0,TA,Attchd,Unf,2.0,TA,TA,Y,5.262690188904886,0.0,0.0,0.0,0.0,0.0,0.0,1.0,2009.0,WD,Normal,12.10625783509458
4.983606621708336,RM,60.0,6780.0,Reg,Lvl,Inside,IDOTRR,Norm,2fmCon,1.5Fin,6.0,7.5,1935.0,1982.0,Gable,CompShg,Wd Sdng,Wd Sdng,BrkFace,0.0,TA,Fa,CBlock,TA,TA,Av,GLQ,490.0,0.0,3.4339872044851463,520.0,GasA,Gd,N,SBrkr,0.0,5.459585514144159,754.0,1.0,0.0,1.0,0.0,2.0,0.6931471805599453,TA,Typ,0.0,Gd,Attchd,Unf,-2.220446049250313e-16,TA,TA,N,3.9889840465642745,0.0,0.0,0.0,0.0,0.0,0.0,6.0,2006.0,WD,Normal,11.344518647594766
4.795790545596741,RL,46.2,4928.0,IR1,Lvl,Inside,NPkVill,Norm,TwnhsE,1Story,6.0,5.0,1976.0,1976.0,Gable,CompShg,Plywood,Plywood,BrkFace,0.0,TA,TA,CBlock,Gd,TA,No,ALQ,120.0,0.0,6.8658910748834385,1078.0,GasA,TA,Y,SBrkr,0.0,-1.3877787807814457e-17,958.0,0.0,0.0,2.0,0.0,2.0,0.6931471805599453,TA,Typ,1.0,TA,Attchd,RFn,2.0,TA,TA,Y,0.0,5.14166355650266,0.0,0.0,0.0,0.0,0.0,2.0,2007.0,WD,Normal,11.759793355371237
3.828641396489095,RM,55.0,4388.0,IR1,Bnk,Inside,OldTown,Feedr,1Fam,1.5Unf,5.0,7.0,1930.0,1950.0,Gable,CompShg,WdShing,Wd Sdng,BrkFace,0.0,TA,Gd,BrkTil,TA,TA,No,LwQ,116.0,0.0,6.322565239927284,672.0,GasA,Ex,Y,SBrkr,0.0,-1.3877787807814457e-17,840.0,0.0,0.0,1.0,0.0,3.0,0.6931471805599453,TA,Typ,1.0,TA,Attchd,Unf,-2.220446049250313e-16,TA,TA,N,0.0,0.0,0.0,0.0,0.0,0.0,0.0,6.0,2007.0,WD,Normal,11.373674891823535
4.110873864173311,RL,69.0,7590.0,Reg,Lvl,Inside,NAmes,PosN,1Fam,2Story,6.0,5.0,1966.0,1966.0,Gable,CompShg,VinylSd,VinylSd,BrkFace,5.58724865840025,TA,TA,CBlock,TA,TA,No,BLQ,512.0,0.0,5.003946305945459,660.0,GasA,TA,Y,SBrkr,6.535241271013659,-1.3877787807814457e-17,1348.0,0.0,0.0,1.0,1.0,3.0,0.6931471805599453,TA,Typ,1.0,Fa,Attchd,RFn,2.0,TA,TA,Y,5.241747015059643,4.6913478822291435,0.0,0.0,0.0,0.0,0.0,7.0,2006.0,WD,Normal,11.951186847493476
3.044522437723423,RL,69.0,8973.0,Reg,Lvl,Inside,NAmes,Norm,1Fam,1Story,5.0,7.0,1958.0,1991.0,Gable,CompShg,Plywood,Plywood,BrkFace,4.454347296253507,TA,TA,CBlock,TA,TA,No,Rec,567.0,3.367295829986474,6.025865973825314,1008.0,GasA,TA,Y,FuseA,0.0,-1.3877787807814457e-17,1053.0,0.0,0.6931471805599452,1.0,1.0,3.0,0.6931471805599453,Ex,Typ,0.0,Gd,2Types,RFn,2.0,TA,TA,Y,0.0,4.394449154672439,0.0,5.198497031265826,0.0,0.0,0.0,7.0,2006.0,WD,Abnorml,11.918397239722838
4.110873864173311,RL,88.0,14200.0,Reg,Lvl,Corner,NAmes,Norm,1Fam,2Story,7.0,6.0,1966.0,1966.0,Gable,CompShg,MetalSd,MetalSd,BrkFace,5.736572297479192,TA,TA,CBlock,TA,TA,No,Rec,445.0,0.0,6.173786103901937,924.0,GasA,Ex,Y,SBrkr,6.848005274576363,-1.3877787807814457e-17,2157.0,0.0,0.0,2.0,1.0,4.0,0.6931471805599453,Gd,Typ,2.0,Gd,Attchd,Fin,2.0,TA,TA,Y,4.663439094112067,4.204692619390966,0.0,0.0,0.0,0.0,0.0,5.0,2006.0,WD,Normal,12.328294703023394
4.110873864173311,RL,79.6,12224.0,IR1,Lvl,Corner,Gilbert,Norm,1Fam,2Story,6.0,5.0,2000.0,2000.0,Gable,CompShg,VinylSd,VinylSd,BrkFace,3.713572066704308,Gd,TA,PConc,Gd,TA,No,GLQ,695.0,0.0,5.697093486505405,992.0,GasA,Ex,Y,SBrkr,6.940222469119638,-1.3877787807814457e-17,2054.0,1.0,0.0,2.0,1.0,3.0,0.6931471805599453,Gd,Typ,1.0,TA,BuiltIn,RFn,2.0,TA,TA,Y,3.2188758248682006,3.8918202981106265,0.0,0.0,0.0,0.0,0.0,7.0,2009.0,WD,Normal,12.404927602627597
3.044522437723423,RL,75.0,7388.0,Reg,Lvl,Corner,NAmes,Norm,1Fam,1Story,5.0,6.0,1959.0,2002.0,Gable,CompShg,MetalSd,MetalSd,BrkFace,0.0,TA,TA,CBlock,TA,TA,No,Rec,405.0,0.0,6.490723534502507,1063.0,GasA,Gd,Y,SBrkr,0.0,-1.3877787807814457e-17,1327.0,1.0,0.0,1.0,0.0,3.0,0.6931471805599453,Gd,Typ,0.0,Gd,Detchd,Unf,2.0,TA,TA,Y,0.0,0.0,0.0,0.0,0.0,0.0,0.0,7.0,2007.0,WD,Normal,11.923384748066601
3.044522437723423,RL,68.6,6853.0,IR1,Lvl,Inside,Timber,Norm,1Fam,1Story,8.0,5.0,2001.0,2002.0,Gable,CompShg,VinylSd,VinylSd,BrkFace,4.919980925828125,Gd,TA,PConc,Ex,TA,No,GLQ,1005.0,0.0,5.572154032177765,1267.0,GasA,Ex,Y,SBrkr,0.0,-1.3877787807814457e-17,1296.0,1.0,0.0,2.0,0.0,2.0,0.6931471805599453,Gd,Typ,0.0,Gd,Attchd,Fin,2.0,TA,TA,Y,5.262690188904886,3.258096538021482,0.0,0.0,0.0,0.0,0.0,6.0,2009.0,WD,Normal,12.301387370778713
3.044522437723423,RL,78.0,10335.0,IR1,Lvl,Inside,Sawyer,Norm,1Fam,1Story,5.0,6.0,1968.0,1993.0,Gable,CompShg,Plywood,Plywood,BrkFace,0.0,TA,TA,CBlock,TA,TA,No,Rec,570.0,0.0,6.79346613258001,1461.0,GasA,Gd,Y,SBrkr,0.0,-1.3877787807814457e-17,1721.0,0.0,0.0,2.0,1.0,3.0,0.6931471805599453,TA,Min1,1.0,TA,Attchd,RFn,2.0,TA,TA,Y,0.0,4.574710978503383,5.198497031265826,0.0,0.0,0.0,0.0,7.0,2006.0,WD,Normal,12.100717685412471
3.044522437723423,RL,80.0,10400.0,Reg,Lvl,Inside,NWAmes,Norm,1Fam,1Story,7.0,6.0,1970.0,1970.0,Hip,CompShg,Plywood,Plywood,BrkFace,5.666426688112432,TA,TA,PConc,TA,TA,No,Unf,0.0,0.0,7.173958319756794,1304.0,GasA,Gd,Y,SBrkr,0.0,-1.3877787807814457e-17,1682.0,0.0,0.0,2.0,0.0,3.0,0.6931471805599453,TA,Typ,1.0,Gd,Attchd,Unf,2.0,TA,TA,Y,4.59511985013459,0.0,0.0,0.0,0.0,0.0,0.0,5.0,2008.0,WD,Normal,12.066816325306588
3.044522437723423,RL,74.2,10355.0,IR1,Lvl,Corner,NAmes,Norm,1Fam,1Story,5.0,5.0,1967.0,1967.0,Gable,CompShg,MetalSd,MetalSd,BrkFace,5.283203728737988,TA,TA,CBlock,TA,TA,No,BLQ,695.0,0.0,6.253828811575473,1214.0,GasA,TA,Y,SBrkr,0.0,-1.3877787807814457e-17,1214.0,0.0,0.0,2.0,0.0,3.0,0.6931471805599453,TA,Typ,1.0,Fa,Attchd,RFn,1.0,TA,TA,Y,0.0,4.718498871295094,0.0,0.0,0.0,0.0,0.0,7.0,2007.0,WD,Normal,11.870606902224587
4.51085950651685,RL,82.0,11070.0,Reg,Lvl,Inside,Mitchel,Norm,Duplex,1Story,7.0,5.0,1988.0,1989.0,Gable,CompShg,VinylSd,VinylSd,BrkFace,4.2626798770413155,TA,TA,CBlock,TA,TA,No,Unf,0.0,0.0,7.430410654501705,1907.0,GasA,Gd,Y,SBrkr,0.0,-1.3877787807814457e-17,1959.0,0.0,0.0,3.0,0.0,4.5,1.0986122886681098,TA,Typ,0.0,Gd,2Types,Unf,3.0,TA,TA,Y,0.0,0.0,0.0,0.0,0.0,0.0,0.0,7.0,2006.0,WD,Family,12.049424683420915
4.110873864173311,RL,73.0,9066.0,IR1,Lvl,Inside,CollgCr,Norm,1Fam,2Story,8.0,5.0,1999.0,2000.0,Gable,CompShg,VinylSd,VinylSd,BrkFace,5.771441123130016,Gd,TA,PConc,Gd,TA,Mn,GLQ,668.0,0.0,5.820082930352362,1004.0,GasA,Ex,Y,SBrkr,6.744059186311349,-1.3877787807814457e-17,1852.0,0.0,0.0,2.0,1.0,3.0,0.6931471805599453,Gd,Typ,2.0,TA,Attchd,Fin,3.0,TA,TA,Y,5.41610040220442,4.672828834461906,0.0,0.0,0.0,0.0,0.0,12.0,2008.0,WD,Normal,12.345838935721968
4.110873864173311,RL,65.0,15426.0,IR1,Lvl,Inside,CollgCr,Norm,1Fam,2Story,6.0,5.0,1997.0,1997.0,Gable,CompShg,VinylSd,VinylSd,BrkFace,0.0,TA,TA,PConc,Gd,TA,No,GLQ,821.0,0.0,4.68213122712422,928.0,GasA,Ex,Y,SBrkr,6.7298240704894745,-1.3877787807814457e-17,1764.0,1.0,0.0,2.0,1.0,3.0,0.6931471805599453,Gd,Typ,0.0,Gd,Attchd,RFn,2.0,TA,TA,Y,5.624017506187339,4.605170185988092,0.0,0.0,0.0,0.0,0.0,8.0,2009.0,WD,Normal,12.352339472153524
3.044522437723423,RL,70.0,10500.0,Reg,Lvl,FR2,NAmes,Norm,1Fam,1Story,4.0,5.0,1971.0,1971.0,Gable,CompShg,HdBoard,HdBoard,BrkFace,0.0,TA,TA,CBlock,TA,TA,No,ALQ,432.0,0.0,6.07073772800249,864.0,GasA,TA,Y,SBrkr,0.0,-1.3877787807814457e-17,864.0,0.0,0.0,1.0,0.0,3.0,0.6931471805599453,TA,Typ,1.0,Po,Attchd,Unf,-2.220446049250313e-16,TA,TA,Y,0.0,0.0,0.0,0.0,0.0,0.0,0.0,4.0,2010.0,ConLI,Normal,11.652696102959753
3.044522437723423,RL,78.0,11645.0,Reg,Lvl,Inside,CollgCr,Norm,1Fam,1Story,7.0,5.0,2005.0,2005.0,Gable,CompShg,VinylSd,VinylSd,BrkFace,0.0,Gd,TA,PConc,Gd,TA,Av,GLQ,1300.0,0.0,6.075346031088684,1734.0,GasA,Ex,Y,SBrkr,0.0,-1.3877787807814457e-17,1734.0,1.0,0.0,2.0,0.0,3.0,0.6931471805599453,Gd,Typ,0.0,Gd,Attchd,Fin,2.0,TA,TA,Y,5.081404364984463,3.2188758248682006,0.0,0.0,0.0,0.0,0.0,1.0,2006.0,WD,Normal,12.468440756144114
3.9318256327243257,RL,71.0,8520.0,Reg,Lvl,Corner,NAmes,Artery,1Fam,1.5Fin,5.0,4.0,1952.0,1952.0,Gable,CompShg,BrkFace,Wd Sdng,BrkFace,0.0,TA,Fa,CBlock,TA,TA,No,Rec,507.0,0.0,6.0014148779611505,910.0,GasA,Fa,Y,SBrkr,6.165417854231421,-1.3877787807814457e-17,1385.0,0.0,0.0,2.0,0.0,4.0,0.6931471805599453,TA,Typ,0.0,Gd,Detchd,Unf,2.0,TA,TA,Y,0.0,0.0,0.0,0.0,0.0,0.0,0.0,6.0,2010.0,WD,Normal,12.019749091416921
3.044522437723423,RL,78.0,10335.0,IR1,Lvl,Inside,CollgCr,Norm,1Fam,1Story,7.0,5.0,1999.0,1999.0,Gable,CompShg,VinylSd,VinylSd,BrkFace,5.214935757608986,Gd,TA,PConc,Gd,TA,Gd,GLQ,679.0,0.0,6.699500340161678,1490.0,GasA,Ex,Y,SBrkr,0.0,-1.3877787807814457e-17,1501.0,1.0,0.0,2.0,0.0,3.0,0.6931471805599453,Gd,Typ,0.0,Gd,Attchd,RFn,2.0,TA,TA,Y,4.976733742420574,3.4011973816621555,0.0,0.0,0.0,0.0,0.0,6.0,2009.0,WD,Normal,12.225880174775122
4.51085950651685,RM,70.0,9100.0,Reg,Lvl,Inside,Sawyer,RRAe,Duplex,1Story,5.0,5.0,1963.0,1963.0,Gable,CompShg,HdBoard,HdBoard,BrkFace,5.820082930352362,TA,TA,CBlock,TA,TA,No,Rec,1332.0,0.0,5.983936280687191,1728.0,GasA,TA,Y,SBrkr,0.0,-1.3877787807814457e-17,1728.0,1.0,0.0,2.0,0.0,4.5,1.0986122886681098,TA,Typ,0.0,Gd,Detchd,Unf,2.0,TA,TA,Y,0.0,0.0,0.0,0.0,0.0,0.0,0.0,11.0,2006.0,ConLI,Abnorml,11.736077016252437
4.983606621708336,RM,27.500000000000007,2522.0,Reg,Lvl,Inside,Edwards,Norm,Twnhs,2Story,6.0,5.0,2004.0,2006.0,Gable,CompShg,VinylSd,VinylSd,Stone,3.9318256327243253,Gd,TA,PConc,Gd,TA,No,Unf,0.0,0.0,6.878326468291325,970.0,GasA,Ex,Y,SBrkr,6.606650186198215,-1.3877787807814457e-17,1709.0,0.0,0.0,2.0,0.0,3.0,0.6931471805599453,Gd,Maj1,0.0,Gd,Detchd,Unf,2.0,TA,TA,Y,0.0,3.713572066704308,0.0,0.0,0.0,0.0,0.0,4.0,2006.0,WD,Normal,11.775297421715827
3.4339872044851463,RM,51.0,6120.0,Reg,Lvl,Corner,BrkSide,Norm,1Fam,1Story,5.0,7.0,1931.0,1993.0,Gable,CompShg,Wd Sdng,Wd Sdng,BrkFace,0.0,TA,TA,BrkTil,TA,TA,No,BLQ,209.00000000000003,0.0,6.2285110035911835,715.0,GasA,TA,Y,FuseA,0.0,-1.3877787807814457e-17,875.0,1.0,0.0,1.0,0.0,2.0,0.6931471805599453,TA,Typ,0.0,Gd,Detchd,Unf,1.0,Fa,TA,Y,3.8918202981106265,0.0,0.0,0.0,0.0,0.0,0.0,11.0,2009.0,WD,Normal,11.561725152903833
4.110873864173311,RL,68.0,9505.0,IR1,Lvl,CulDSac,Gilbert,Norm,1Fam,2Story,7.0,5.0,2001.0,2001.0,Gable,CompShg,VinylSd,VinylSd,BrkFace,5.198497031265826,Gd,TA,PConc,Gd,TA,No,Unf,0.0,0.0,6.785587645007929,884.0,GasA,Ex,Y,SBrkr,7.049254841255836,-1.3877787807814457e-17,2035.0,0.0,0.0,2.0,1.0,3.0,0.6931471805599453,Gd,Typ,1.0,Gd,BuiltIn,Fin,2.0,TA,TA,Y,4.976733742420574,3.8918202981106265,0.0,0.0,0.0,0.0,0.0,5.0,2010.0,WD,Normal,12.312686874960354
3.044522437723423,RL,63.0,7500.0,Reg,Lvl,Inside,SawyerW,Norm,1Fam,1Story,7.0,5.0,2004.0,2005.0,Gable,CompShg,VinylSd,VinylSd,BrkFace,4.795790545596741,TA,TA,PConc,Gd,TA,No,GLQ,680.0,0.0,5.993961427306569,1080.0,GasA,Ex,Y,SBrkr,0.0,-1.3877787807814457e-17,1080.0,1.0,0.0,1.0,0.0,3.0,0.6931471805599453,Gd,Typ,0.0,Gd,Attchd,Unf,-2.220446049250313e-16,TA,TA,Y,0.0,0.0,0.0,0.0,0.0,0.0,0.0,4.0,2008.0,WD,Normal,11.856522261533737
3.9318256327243257,RM,64.6,6240.0,Reg,Lvl,Inside,BrkSide,Norm,1Fam,1.5Fin,5.0,4.0,1936.0,1950.0,Gable,CompShg,MetalSd,MetalSd,BrkFace,0.0,TA,TA,BrkTil,Gd,TA,No,Unf,0.0,0.0,6.799055862058796,896.0,GasA,Gd,Y,FuseA,6.1070228877422545,-1.3877787807814457e-17,1344.0,0.0,0.0,1.0,0.0,3.0,0.6931471805599453,TA,Typ,0.0,Gd,Detchd,Unf,1.0,Fa,TA,Y,5.303304908059076,4.74493212836325,0.0,0.0,0.0,0.0,0.0,4.0,2006.0,WD,Normal,11.652696102959753
3.044522437723423,RL,111.5,10356.0,Reg,Lvl,Corner,CollgCr,Norm,1Fam,1Story,5.0,6.0,1975.0,1975.0,Gable,CompShg,HdBoard,HdBoard,BrkFace,0.0,TA,TA,CBlock,TA,TA,Av,BLQ,716.0,0.0,5.537334267018537,969.0,GasA,TA,Y,SBrkr,0.0,-1.3877787807814457e-17,969.0,0.0,0.0,1.0,1.0,3.0,0.6931471805599453,TA,Typ,0.0,Gd,Attchd,Unf,2.0,TA,TA,Y,0.0,0.0,0.0,0.0,0.0,0.0,0.0,1.0,2007.0,WD,Normal,11.711784520403112
3.044522437723423,RL,107.0,13891.0,Reg,Lvl,Inside,NridgHt,Norm,1Fam,1Story,8.0,5.0,2007.0,2008.0,Hip,CompShg,VinylSd,VinylSd,Stone,6.030685260261263,Gd,TA,PConc,Ex,TA,Gd,GLQ,1400.0,0.0,5.739792912179234,1710.0,GasA,Ex,Y,SBrkr,0.0,-1.3877787807814457e-17,1710.0,1.0,0.0,2.0,0.0,2.0,0.6931471805599453,Gd,Typ,1.0,Gd,Attchd,RFn,3.0,TA,TA,Y,0.0,4.634728988229636,0.0,0.0,0.0,0.0,0.0,1.0,2008.0,New,Partial,12.827731880206521
4.110873864173311,RL,74.2,14803.0,IR1,Lvl,CulDSac,NWAmes,Norm,1Fam,2Story,6.0,5.0,1971.0,1971.0,Gable,CompShg,HdBoard,HdBoard,BrkFace,5.53338948872752,TA,TA,CBlock,TA,TA,No,Rec,416.0,0.0,6.016157159698354,825.0,GasA,Gd,Y,SBrkr,6.799055862058797,-1.3877787807814457e-17,1993.0,0.0,0.0,2.0,1.0,4.0,0.6931471805599453,TA,Typ,1.0,Gd,Attchd,RFn,2.0,TA,TA,Y,0.0,4.204692619390966,0.0,0.0,0.0,0.0,0.0,6.0,2006.0,WD,Normal,12.154784614286667
3.044522437723423,RL,74.8,13500.0,Reg,Lvl,Inside,ClearCr,Norm,1Fam,1Story,6.0,7.0,1960.0,1975.0,Flat,CompShg,BrkFace,Plywood,BrkFace,0.0,TA,TA,CBlock,Gd,TA,Gd,BLQ,429.0,6.985641817639207,4.543294782270004,1602.0,GasA,Gd,Y,SBrkr,0.0,-1.3877787807814457e-17,1252.0,1.0,0.0,1.0,0.0,1.0,0.6931471805599453,TA,Typ,1.0,Gd,Attchd,RFn,2.0,TA,TA,Y,6.016157159698354,0.0,0.0,0.0,0.0,0.0,0.0,2.9999999999999996,2008.0,WD,Normal,12.367345048436391
3.4339872044851463,RM,84.0,11340.0,Reg,Lvl,Corner,OldTown,Norm,1Fam,1Story,6.0,5.0,1923.0,1950.0,Gable,CompShg,Wd Sdng,Wd Sdng,BrkFace,0.0,TA,TA,BrkTil,TA,TA,No,Unf,0.0,0.0,7.0909098220799835,1200.0,GasA,TA,Y,FuseA,0.0,-1.3877787807814457e-17,1200.0,0.0,0.0,1.0,0.0,4.0,0.6931471805599453,TA,Typ,0.0,Gd,Detchd,Unf,1.0,Fa,Fa,Y,0.0,0.0,5.43372200355424,0.0,0.0,0.0,0.0,2.9999999999999996,2006.0,WD,Family,11.736077016252437
3.9318256327243257,RL,60.0,9600.0,Reg,Lvl,Corner,Edwards,Artery,1Fam,1.5Fin,6.0,5.0,1924.0,1950.0,Gable,CompShg,Wd Sdng,Wd Sdng,BrkFace,0.0,TA,TA,BrkTil,TA,TA,No,Unf,0.0,0.0,6.35088571671474,572.0,Grav,Fa,N,FuseF,6.263398262591624,-1.3877787807814457e-17,1096.0,0.0,0.0,1.0,0.0,2.0,0.6931471805599453,TA,Typ,0.0,Gd,Attchd,Unf,-2.220446049250313e-16,TA,TA,N,0.0,2.1972245773362196,4.859812404361672,0.0,0.0,0.0,0.0,4.0,2008.0,WD,Normal,11.277215789596893
3.044522437723423,RL,60.0,7200.0,Reg,Lvl,Inside,NAmes,Norm,1Fam,1Story,5.0,7.0,1950.0,1950.0,Hip,CompShg,Wd Sdng,Wd Sdng,BrkFace,0.0,TA,TA,CBlock,TA,TA,No,Unf,0.0,0.0,0.0,42.0,GasA,TA,Y,FuseF,0.0,-1.3877787807814457e-17,1040.0,0.0,0.0,1.0,0.0,2.0,0.6931471805599453,TA,Typ,0.0,Gd,Detchd,Unf,2.0,TA,TA,Y,0.0,0.0,0.0,0.0,0.0,0.0,0.0,6.0,2006.0,WD,Normal,11.603688960617083
4.110873864173311,RL,92.0,12003.0,Reg,Lvl,Corner,Timber,Norm,1Fam,2Story,8.0,5.0,2009.0,2010.0,Gable,CompShg,VinylSd,VinylSd,BrkFace,4.442651256490317,Gd,TA,PConc,Ex,TA,No,Unf,0.0,0.0,6.652863029353347,774.0,GasA,Ex,Y,SBrkr,7.085901464365611,-1.3877787807814457e-17,1968.0,0.0,0.0,2.0,1.0,4.0,0.6931471805599453,Ex,Typ,1.0,Gd,BuiltIn,Fin,3.0,TA,TA,Y,0.0,4.330733340286331,0.0,0.0,0.0,0.0,0.0,5.0,2010.0,New,Partial,12.504327379899443
4.110873864173311,FV,100.0,12552.0,Reg,Lvl,Corner,Somerst,Norm,1Fam,2Story,7.0,5.0,2004.0,2005.0,Gable,CompShg,VinylSd,VinylSd,BrkFace,0.0,Gd,TA,PConc,Gd,TA,No,GLQ,222.0,0.0,6.646390514847729,991.0,GasA,Ex,Y,SBrkr,6.863803391452954,-1.3877787807814457e-17,1947.0,0.0,0.0,2.0,1.0,3.0,0.6931471805599453,Gd,Typ,1.0,Gd,Attchd,RFn,2.0,TA,TA,Y,0.0,4.919980925828125,0.0,0.0,0.0,0.0,0.0,5.0,2010.0,WD,Normal,12.448630513463613
4.110873864173311,RL,111.5,17673.5,IR1,HLS,Corner,Gilbert,Norm,1Fam,2Story,7.0,5.0,2005.0,2006.0,Gable,CompShg,VinylSd,VinylSd,BrkFace,6.030685260261263,Gd,TA,PConc,Gd,TA,Mn,GLQ,57.0,0.0,7.197435354096591,1392.0,GasA,Ex,Y,SBrkr,6.976348070447749,-1.3877787807814457e-17,2462.0,1.0,0.0,2.0,1.0,4.0,0.6931471805599453,Gd,Typ,1.0,Gd,Attchd,RFn,2.0,TA,TA,Y,5.480638923341991,4.890349128221754,0.0,5.1298987149230735,0.0,0.0,0.0,2.9999999999999996,2006.0,New,Partial,12.676079399771027
3.044522437723423,RL,70.8,11120.0,IR1,Lvl,CulDSac,Veenker,Norm,1Fam,1Story,6.0,6.0,1984.0,1984.0,Gable,CompShg,Plywood,Plywood,BrkFace,0.0,TA,TA,PConc,Gd,TA,No,BLQ,660.0,0.0,6.35088571671474,1232.0,GasA,TA,Y,SBrkr,0.0,-1.3877787807814457e-17,1232.0,0.0,0.0,2.0,0.0,3.0,0.6931471805599453,TA,Typ,0.0,Gd,Attchd,Unf,2.0,TA,TA,Y,0.0,0.0,0.0,0.0,0.0,0.0,0.0,6.0,2008.0,WD,Normal,11.998439434579149
4.110873864173311,RL,110.0,13688.0,IR1,Lvl,Inside,NridgHt,Norm,1Fam,2Story,9.0,5.0,2003.0,2004.0,Gable,CompShg,VinylSd,VinylSd,BrkFace,6.030685260261263,Gd,TA,PConc,Ex,TA,Av,GLQ,1016.0,0.0,6.322565239927284,1572.0,GasA,Ex,Y,SBrkr,7.00033446027523,-1.3877787807814457e-17,2668.0,1.0,0.0,2.0,1.0,3.0,0.6931471805599453,Ex,Typ,2.0,Gd,BuiltIn,Fin,3.0,TA,TA,Y,5.993961427306569,0.0,0.0,0.0,0.0,0.0,0.0,2.9999999999999996,2008.0,WD,Normal,12.929993908996359
3.044522437723423,RL,95.0,12182.0,Reg,Lvl,Corner,NridgHt,Norm,1Fam,1Story,7.0,5.0,2005.0,2005.0,Gable,CompShg,VinylSd,VinylSd,BrkFace,5.424950017481403,Gd,TA,PConc,Gd,TA,Mn,BLQ,1201.0,0.0,5.831882477283517,1541.0,GasA,Ex,Y,SBrkr,0.0,-1.3877787807814457e-17,1541.0,0.0,0.0,2.0,0.0,3.0,0.6931471805599453,Gd,Typ,1.0,Gd,Attchd,RFn,2.0,TA,TA,Y,0.0,4.2626798770413155,0.0,0.0,0.0,0.0,0.0,5.0,2010.0,New,Partial,12.301387370778713
3.828641396489095,RL,55.0,5500.0,Reg,Lvl,Inside,OldTown,Norm,1Fam,1.5Unf,4.0,6.0,1956.0,1956.0,Gable,CompShg,MetalSd,MetalSd,BrkFace,0.0,TA,TA,CBlock,TA,TA,No,Unf,0.0,0.0,6.78332520060396,882.0,GasA,Ex,Y,SBrkr,0.0,-1.3877787807814457e-17,882.0,0.0,0.0,1.0,0.0,1.0,0.6931471805599453,TA,Typ,0.0,Gd,Attchd,Unf,-2.220446049250313e-16,TA,TA,Y,0.0,0.0,0.0,0.0,0.0,0.0,0.0,4.0,2007.0,WD,Normal,11.544433821905134
3.713572066704308,RM,40.0,5400.0,Reg,Lvl,Corner,OldTown,Norm,1Fam,1Story,6.0,7.0,1926.0,2004.0,Gable,CompShg,MetalSd,MetalSd,BrkFace,0.0,TA,Gd,BrkTil,TA,TA,Mn,LwQ,370.0,0.0,6.659293919683638,1149.0,GasA,Gd,Y,FuseA,6.148468295917647,-1.3877787807814457e-17,1616.0,0.0,0.0,2.0,0.0,3.0,0.6931471805599453,Gd,Typ,0.0,Gd,Detchd,Unf,1.0,TA,TA,Y,0.0,0.0,5.214935757608986,0.0,0.0,0.0,0.0,10.0,2007.0,WD,Normal,11.931642378754141
4.983606621708336,RL,62.0,10106.0,Reg,Lvl,Inside,Edwards,Norm,2fmCon,1.5Fin,5.0,7.0,1940.0,1999.0,Gable,CompShg,Wd Sdng,Wd Sdng,BrkFace,0.0,TA,Gd,BrkTil,TA,TA,No,ALQ,351.0,5.204006687076795,4.727387818712341,644.0,GasA,Gd,Y,SBrkr,6.306275286948016,-1.3877787807814457e-17,1355.0,1.0,0.0,2.0,0.0,4.0,1.0986122886681098,TA,Typ,0.0,Gd,Attchd,Unf,-2.220446049250313e-16,TA,TA,Y,4.948759890378168,0.0,0.0,0.0,0.0,0.0,0.0,9.0,2008.0,WD,Normal,11.755879486687116
3.044522437723423,RL,82.4,10708.0,IR1,Lvl,Inside,ClearCr,Norm,1Fam,1Story,5.0,5.0,1955.0,1993.0,Hip,CompShg,Wd Sdng,Wd Sdng,BrkFace,0.0,Gd,TA,CBlock,TA,TA,No,LwQ,379.0,6.6450909695056435,6.154858094016418,1617.0,GasA,Ex,Y,FuseA,0.0,-1.3877787807814457e-17,1867.0,1.0,0.0,1.0,0.0,2.0,0.6931471805599453,TA,Typ,2.5,Gd,Attchd,Fin,1.0,TA,TA,Y,6.042632833682381,0.0,0.0,0.0,4.962844630259907,0.0,0.0,11.0,2009.0,COD,Normal,12.154784614286667
4.110873864173311,RL,86.0,10562.0,Reg,Lvl,Inside,NridgHt,Norm,1Fam,2Story,8.0,5.0,2007.0,2007.0,Gable,CompShg,VinylSd,VinylSd,Stone,5.707110264748875,Gd,TA,PConc,Ex,TA,No,GLQ,1288.0,0.0,5.68697535633982,1582.0,GasA,Ex,Y,SBrkr,6.313548046277095,-1.3877787807814457e-17,2161.0,1.0,0.0,1.0,1.0,3.0,0.6931471805599453,Ex,Typ,1.0,Gd,Attchd,Fin,3.0,TA,TA,Y,5.187385805840755,4.795790545596741,0.0,0.0,0.0,0.0,0.0,11.0,2007.0,New,Partial,12.693501691489768
4.110873864173311,RL,62.0,8244.0,IR1,Lvl,Inside,Gilbert,Norm,1Fam,2Story,7.0,5.0,2004.0,2004.0,Gable,CompShg,VinylSd,VinylSd,BrkFace,0.0,Gd,TA,PConc,Gd,TA,No,Unf,0.0,0.0,6.734591659972948,840.0,GasA,Ex,Y,SBrkr,6.78105762593618,-1.3877787807814457e-17,1720.0,0.0,0.0,2.0,1.0,3.0,0.6931471805599453,Gd,Typ,1.0,Gd,Attchd,Fin,2.0,TA,TA,Y,4.61512051684126,3.8918202981106265,0.0,0.0,0.0,0.0,0.0,5.0,2007.0,WD,Normal,12.119975396053194
3.044522437723423,RL,70.1,16669.0,IR1,Lvl,Corner,Timber,Norm,1Fam,1Story,8.0,6.0,1981.0,1981.0,Hip,WdShake,Plywood,Plywood,BrkFace,6.030685260261263,Gd,TA,CBlock,Gd,TA,No,Unf,0.0,0.0,7.430410654501705,1686.0,GasA,TA,Y,SBrkr,0.0,-1.3877787807814457e-17,1707.0,0.0,0.0,2.0,1.0,2.0,0.6931471805599453,TA,Typ,1.0,TA,Attchd,RFn,2.0,TA,TA,Y,6.042632833682381,4.174387269895637,0.0,0.0,0.0,0.0,0.0,1.0,2006.0,WD,Normal,12.337105293891872
3.9318256327243257,RM,58.8,12358.0,IR1,Lvl,Inside,OldTown,Feedr,1Fam,1.5Fin,5.0,6.0,1941.0,1950.0,Gable,CompShg,MetalSd,MetalSd,BrkFace,0.0,TA,TA,CBlock,TA,TA,No,Rec,360.0,0.0,5.8888779583328805,720.0,GasA,TA,Y,SBrkr,0.0,6.270988431858299,1382.0,0.0,0.0,1.0,1.0,2.0,0.6931471805599453,TA,Typ,0.0,Gd,Detchd,Unf,2.0,TA,TA,Y,5.472270673671475,0.0,0.0,0.0,0.0,0.0,0.0,5.0,2007.0,WD,Normal,11.763691965388299
3.044522437723423,RL,111.5,17673.5,IR1,Lvl,Corner,NAmes,Norm,1Fam,1Story,6.0,5.0,1960.0,1960.0,Hip,CompShg,BrkFace,Plywood,Stone,4.727387818712341,TA,TA,CBlock,TA,Gd,Gd,BLQ,639.0,0.0,6.091309882077698,1080.0,GasA,Fa,Y,SBrkr,0.0,-1.3877787807814457e-17,1656.0,1.0,0.0,1.0,0.0,3.0,0.6931471805599453,TA,Typ,2.0,Gd,Attchd,Fin,2.0,TA,TA,P,5.351858133476067,4.143134726391533,0.0,0.0,0.0,0.0,0.0,5.0,2010.0,WD,Normal,12.278397958261774
4.983606621708336,RL,44.0,5306.0,IR1,Lvl,Inside,StoneBr,Norm,TwnhsE,2Story,7.0,7.0,1987.0,1987.0,Gable,CompShg,HdBoard,HdBoard,BrkFace,0.0,Gd,Gd,PConc,Gd,Gd,No,GLQ,495.0,5.375278407684165,5.872117789475416,1064.0,GasA,Gd,Y,SBrkr,6.556778356158042,-1.3877787807814457e-17,1767.0,1.0,0.0,2.0,0.0,2.0,0.6931471805599453,Gd,Typ,1.0,TA,Attchd,RFn,2.0,Gd,TA,Y,6.042632833682381,3.58351893845611,0.0,0.0,0.0,0.0,0.0,6.0,2006.0,WD,Normal,12.384223015005313
3.044522437723423,RL,80.0,10197.0,IR1,Lvl,Inside,NAmes,Norm,1Fam,1Story,6.0,5.0,1961.0,1961.0,Gable,CompShg,WdShing,Wd Shng,BrkCmn,6.030685260261263,TA,TA,CBlock,TA,TA,No,ALQ,288.0,5.92692602597041,6.55250788703459,1362.0,GasA,TA,Y,SBrkr,0.0,-1.3877787807814457e-17,1362.0,1.0,0.0,1.0,1.0,3.0,0.6931471805599453,TA,Typ,1.0,TA,Attchd,Unf,2.0,TA,TA,Y,0.0,3.044522437723423,0.0,0.0,0.0,0.0,0.0,6.0,2008.0,COD,Normal,12.001511614739405
3.044522437723423,RL,47.0,12416.0,IR1,Lvl,Inside,Timber,Norm,1Fam,1Story,6.0,5.0,1986.0,1986.0,Gable,CompShg,VinylSd,Plywood,Stone,4.890349128221754,TA,TA,CBlock,Gd,Fa,No,ALQ,1398.0,5.342334251964811,0.0,1606.0,GasA,TA,Y,SBrkr,0.0,-1.3877787807814457e-17,1651.0,1.0,0.0,2.0,0.0,3.0,0.6931471805599453,TA,Min2,1.0,TA,Attchd,Fin,2.0,TA,TA,Y,5.262690188904886,0.0,0.0,0.0,0.0,0.0,0.0,11.0,2008.0,WD,Normal,12.122696471358964
3.044522437723423,RL,84.0,12615.0,Reg,Lvl,Corner,Edwards,Norm,1Fam,1Story,6.0,7.0,1950.0,2001.0,Gable,CompShg,WdShing,Wd Shng,BrkFace,0.0,TA,TA,CBlock,TA,Gd,Av,ALQ,477.0,0.0,6.587550014824796,1202.0,GasA,TA,Y,SBrkr,0.0,-1.3877787807814457e-17,2158.0,1.0,0.0,2.0,0.0,4.0,0.6931471805599453,Gd,Typ,1.0,Gd,Attchd,Unf,2.0,TA,TA,Y,0.0,3.4011973816621555,3.6888794541139363,0.0,0.0,0.0,0.0,6.0,2007.0,WD,Normal,12.400820837540556
4.110873864173311,RL,97.0,10029.0,IR1,Lvl,Corner,ClearCr,Norm,1Fam,2Story,6.0,5.0,1988.0,1989.0,Gable,CompShg,Plywood,Plywood,BrkFace,5.594711379601839,Gd,TA,PConc,Gd,TA,No,GLQ,831.0,0.0,5.771441123130016,1151.0,GasA,TA,Y,SBrkr,6.799055862058797,-1.3877787807814457e-17,2060.0,0.0,0.6931471805599452,2.0,1.0,4.0,0.6931471805599453,TA,Typ,1.0,TA,Attchd,Unf,2.0,TA,TA,Y,0.0,5.14166355650266,0.0,0.0,5.262690188904886,0.0,0.0,9.0,2007.0,WD,Normal,12.259618151783465
3.9318256327243257,RL,79.4,13650.0,Reg,Lvl,Inside,Sawyer,Norm,1Fam,1.5Fin,5.0,5.0,1958.0,1958.0,Gable,CompShg,MetalSd,MetalSd,BrkFace,0.0,Gd,Gd,CBlock,TA,TA,No,ALQ,57.0,6.091309882077697,6.318968113746434,1052.0,GasA,Ex,Y,SBrkr,6.505784060128228,-1.3877787807814457e-17,1920.0,1.0,0.0,2.0,0.0,4.0,0.6931471805599453,Gd,Typ,1.0,Gd,Attchd,Unf,2.0,TA,TA,Y,0.0,0.0,0.0,0.0,0.0,0.0,0.0,7.0,2006.0,WD,Normal,12.058158312538197
3.044522437723423,RL,63.0,17423.0,IR1,Lvl,CulDSac,StoneBr,Norm,1Fam,1Story,9.0,5.0,2008.0,2009.0,Hip,CompShg,VinylSd,VinylSd,Stone,6.030685260261263,Ex,TA,PConc,Ex,TA,No,GLQ,1780.625,0.0,5.746203190540153,2052.0,GasA,Ex,Y,SBrkr,0.0,-1.3877787807814457e-17,2234.0,1.0,0.0,2.0,0.0,1.0,0.6931471805599453,Ex,Typ,1.0,Gd,Attchd,Fin,3.0,TA,TA,Y,0.0,4.110873864173311,0.0,0.0,0.0,0.0,0.0,7.0,2009.0,New,Partial,13.126032637428713
3.4339872044851463,RM,60.0,8520.0,Reg,Lvl,Inside,OldTown,Norm,1Fam,1Story,5.0,6.0,1923.0,2006.0,Gable,CompShg,Wd Sdng,Wd Sdng,BrkFace,0.0,Gd,TA,CBlock,TA,TA,No,Unf,0.0,0.0,6.876264611890766,968.0,GasA,TA,Y,SBrkr,0.0,-1.3877787807814457e-17,968.0,0.0,0.0,1.0,0.0,2.0,0.6931471805599453,TA,Typ,0.0,Gd,Detchd,Unf,2.0,Fa,TA,N,0.0,0.0,5.220355825078324,0.0,0.0,0.0,0.0,7.0,2007.0,WD,Normal,11.51293546492023
4.983606621708336,FV,31.6,2117.0,Reg,Lvl,Inside,Somerst,Norm,Twnhs,2Story,6.0,5.0,2000.0,2000.0,Gable,CompShg,MetalSd,MetalSd,BrkFace,6.030685260261263,Gd,TA,PConc,Gd,TA,No,GLQ,436.0,0.0,5.771441123130016,756.0,GasA,Ex,Y,SBrkr,6.6293632534374485,-1.3877787807814457e-17,1525.0,0.0,0.0,2.0,1.0,3.0,0.6931471805599453,Gd,Typ,1.0,TA,Detchd,Unf,2.0,TA,TA,Y,0.0,0.0,0.0,0.0,0.0,0.0,0.0,6.0,2007.0,WD,Normal,12.083910661257521
4.2626798770413155,RL,54.0,7588.0,Reg,Lvl,Inside,Crawfor,Norm,1Fam,2Story,7.0,6.0,1920.0,1950.0,Gable,CompShg,Stucco,Stucco,BrkFace,0.0,TA,TA,BrkTil,Fa,TA,No,LwQ,352.0,0.0,6.091309882077698,793.0,GasA,Gd,Y,SBrkr,6.804614520062624,-1.3877787807814457e-17,1802.0,0.0,0.0,1.0,1.0,4.0,0.6931471805599453,TA,Typ,1.0,Gd,Detchd,Unf,1.0,Fa,TA,Y,0.0,0.0,3.713572066704308,0.0,0.0,0.0,0.0,7.0,2006.0,WD,Normal,12.206577518060588
3.044522437723423,RL,60.0,9060.0,Reg,Lvl,Inside,Edwards,Artery,1Fam,1Story,5.0,6.0,1957.0,2006.0,Hip,CompShg,Wd Sdng,Wd Sdng,BrkFace,4.59511985013459,TA,TA,PConc,TA,TA,No,Unf,0.0,0.0,0.0,42.0,GasA,Ex,Y,SBrkr,0.0,-1.3877787807814457e-17,1340.0,0.0,0.0,1.0,0.0,3.0,0.6931471805599453,TA,Typ,1.0,Gd,Attchd,RFn,1.0,TA,TA,Y,4.762173934797756,0.0,0.0,5.198497031265826,0.0,0.0,0.0,6.0,2007.0,WD,Normal,11.695255355062795
3.9318256327243257,RM,63.0,11426.0,Reg,Lvl,Inside,OldTown,Norm,1Fam,1.5Fin,7.0,5.0,2003.0,2003.0,Gable,CompShg,VinylSd,VinylSd,BrkFace,0.0,TA,TA,PConc,Gd,TA,No,Unf,0.0,0.0,7.217443431696533,1362.0,GasA,Ex,Y,SBrkr,6.580639137284949,-1.3877787807814457e-17,2082.0,0.0,0.0,2.0,1.0,3.0,0.6931471805599453,Gd,Mod,0.0,Gd,Detchd,Unf,2.0,TA,TA,N,5.638354669333745,5.14166355650266,0.0,0.0,0.0,0.0,0.0,6.0,2008.0,WD,Normal,12.206077645517674
3.9318256327243257,RL,92.0,7438.0,IR1,Lvl,Inside,BrkSide,RRAn,1Fam,1.5Fin,5.0,7.5,1908.0,1991.0,Gable,CompShg,AsbShng,Plywood,BrkFace,0.0,TA,TA,PConc,Fa,TA,No,Unf,0.0,0.0,6.22455842927536,504.0,GasA,Gd,Y,SBrkr,5.75890177387728,-1.3877787807814457e-17,1252.0,0.0,0.0,1.0,0.0,3.0,0.6931471805599453,TA,Typ,0.0,Gd,Attchd,Unf,2.0,TA,TA,Y,4.653960350157523,0.0,0.0,0.0,0.0,0.0,0.0,6.0,2006.0,WD,Normal,11.751950239425476
4.330733340286331,RM,90.0,17673.5,IR2,Lvl,Inside,OldTown,Artery,1Fam,2.5Fin,10.0,7.5,1892.0,1993.0,Gable,WdShngl,Wd Sdng,Wd Sdng,BrkFace,0.0,Gd,Gd,BrkTil,TA,TA,Mn,Unf,0.0,0.0,7.010311867307229,1107.0,GasA,Ex,Y,SBrkr,7.325807502595772,6.350885716714739,2747.625,0.0,0.0,2.0,1.0,4.0,0.6931471805599453,Ex,Typ,2.0,TA,Detchd,Unf,3.0,Ex,TA,Y,0.0,5.14166355650266,0.0,0.0,6.018593214496234,0.0,0.0,6.0,2006.0,WD,Normal,13.07107218827772
4.394449154672439,RL,55.8,9947.0,IR1,Lvl,CulDSac,Mitchel,Norm,1Fam,SLvl,7.0,5.0,1990.0,1991.0,Gable,CompShg,HdBoard,HdBoard,BrkFace,0.0,TA,TA,PConc,Gd,TA,Av,GLQ,611.0,0.0,6.359573868672378,1188.0,GasA,Ex,Y,SBrkr,0.0,-1.3877787807814457e-17,1217.0,1.0,0.0,2.0,0.0,3.0,0.6931471805599453,Gd,Typ,0.0,Gd,Attchd,Unf,2.0,TA,TA,Y,5.1298987149230735,3.332204510175204,0.0,0.0,0.0,0.0,0.0,6.0,2009.0,WD,Normal,12.06105265381003
3.9318256327243257,RL,60.0,10410.0,Reg,Lvl,Inside,OldTown,Norm,1Fam,1.5Fin,5.0,7.0,1916.0,1987.0,Gable,CompShg,HdBoard,HdBoard,BrkFace,0.0,TA,TA,CBlock,Fa,TA,No,Unf,0.0,0.0,6.493753839851686,660.0,GasA,Ex,Y,SBrkr,6.558197802812269,4.976733742420574,1656.0,0.0,0.0,2.0,1.0,3.0,0.6931471805599453,TA,Min2,0.0,Gd,Detchd,Unf,1.0,Fa,Fa,N,0.0,0.0,0.0,4.948759890378168,0.0,0.0,0.0,8.0,2009.0,WD,Normal,11.813037464800539
4.51085950651685,RL,64.0,7018.0,Reg,Bnk,Inside,SawyerW,Feedr,Duplex,SFoyer,5.0,5.0,1979.0,1979.0,Gable,CompShg,Plywood,Plywood,Stone,5.62040086571715,TA,TA,CBlock,Gd,TA,Av,GLQ,1086.0,0.0,0.0,1086.0,GasA,TA,Y,SBrkr,0.0,-1.3877787807814457e-17,1224.0,2.0,0.0,0.0,2.0,2.0,1.0986122886681098,TA,Typ,2.0,TA,Detchd,Unf,2.0,TA,TA,Y,4.795790545596741,0.0,0.0,0.0,0.0,0.0,0.0,6.0,2009.0,WD,Alloca,11.940399914116648
4.795790545596741,RL,41.0,4923.0,Reg,Lvl,Inside,StoneBr,Norm,TwnhsE,1Story,8.0,5.0,2001.0,2002.0,Gable,CompShg,CemntBd,CmentBd,BrkFace,0.0,Gd,TA,PConc,Ex,TA,Av,GLQ,1153.0,0.0,6.089044875446846,1593.0,GasA,Ex,Y,SBrkr,0.0,-1.3877787807814457e-17,1593.0,1.0,0.0,1.0,1.0,0.5,0.6931471805599453,Ex,Typ,1.0,Gd,Attchd,Fin,2.0,TA,TA,Y,0.0,4.795790545596741,0.0,0.0,5.41610040220442,0.0,0.0,8.0,2008.0,WD,Normal,12.563750586299374
4.2626798770413155,RL,70.0,10570.0,Reg,Bnk,Inside,Crawfor,Norm,1Fam,2Story,8.0,7.5,1932.0,1994.0,Hip,CompShg,BrkFace,BrkFace,BrkFace,0.0,Gd,TA,CBlock,Gd,Gd,No,Rec,297.0,0.0,6.322565239927284,853.0,GasA,TA,Y,SBrkr,7.072421900537371,-1.3877787807814457e-17,2727.0,0.0,0.0,2.0,1.0,3.0,0.6931471805599453,Gd,Maj1,2.0,TA,Detchd,Unf,2.0,TA,TA,Y,0.0,4.31748811353631,0.0,0.0,0.0,0.0,0.0,12.0,2007.0,WD,Normal,12.660331092405906
4.110873864173311,RL,69.6,7472.0,IR1,Lvl,CulDSac,NAmes,Norm,1Fam,2Story,7.0,7.5,1972.0,2004.0,Gable,CompShg,HdBoard,HdBoard,BrkFace,4.9344739331306915,TA,TA,CBlock,TA,TA,No,ALQ,626.0,0.0,4.605170185988092,725.0,GasA,Gd,Y,SBrkr,6.626717749249025,-1.3877787807814457e-17,1479.0,1.0,0.0,1.0,1.0,4.0,0.6931471805599453,Gd,Typ,0.0,Gd,Attchd,Fin,2.0,TA,TA,Y,0.0,3.4965075614664802,0.0,0.0,0.0,0.0,0.0,6.0,2007.0,WD,Normal,12.122696471358964
3.044522437723423,RL,68.0,9017.0,IR1,Lvl,Inside,CollgCr,Norm,1Fam,1Story,7.0,5.0,1999.0,1999.0,Gable,CompShg,VinylSd,VinylSd,BrkFace,0.0,Gd,TA,PConc,Gd,TA,Av,GLQ,560.0,0.0,6.77078942390898,1431.0,GasA,Ex,Y,SBrkr,0.0,-1.3877787807814457e-17,1431.0,1.0,0.0,2.0,0.0,3.0,0.6931471805599453,Gd,Typ,0.0,Gd,Attchd,Fin,2.0,TA,TA,Y,0.0,3.58351893845611,0.0,0.0,0.0,0.0,0.0,9.0,2009.0,WD,Normal,12.165255859329688
4.983606621708336,RM,27.500000000000007,2522.0,Reg,Lvl,Inside,Edwards,Norm,Twnhs,2Story,7.0,5.0,2004.0,2004.0,Gable,CompShg,VinylSd,VinylSd,Stone,3.9318256327243253,Gd,TA,PConc,Gd,TA,No,Unf,0.0,0.0,6.878326468291325,970.0,GasA,Ex,Y,SBrkr,6.606650186198215,-1.3877787807814457e-17,1709.0,0.0,0.0,2.0,0.0,3.0,0.6931471805599453,Gd,Maj1,0.0,Gd,Detchd,Unf,2.0,TA,TA,Y,0.0,3.713572066704308,0.0,0.0,0.0,0.0,0.0,5.0,2006.0,WD,Normal,11.775297421715827
3.044522437723423,RL,60.0,7180.0,IR1,Lvl,Inside,CollgCr,Norm,1Fam,1Story,5.0,7.0,1972.0,1972.0,Hip,CompShg,HdBoard,HdBoard,BrkFace,0.0,TA,TA,CBlock,TA,TA,Av,ALQ,390.0,0.0,6.163314804034641,864.0,GasA,TA,Y,SBrkr,0.0,-1.3877787807814457e-17,864.0,0.0,0.0,1.0,0.0,3.0,0.6931471805599453,TA,Typ,0.0,Gd,Detchd,Unf,1.0,TA,TA,Y,0.0,0.0,0.0,0.0,0.0,0.0,0.0,5.0,2008.0,WD,Normal,11.751950239425476
4.983606621708336,RL,27.500000000000007,2279.999999999999,Reg,Lvl,FR2,NPkVill,Norm,Twnhs,2Story,6.0,6.0,1976.0,1976.0,Gable,CompShg,Plywood,Brk Cmn,BrkFace,0.0,TA,TA,CBlock,Gd,TA,No,ALQ,566.0,0.0,5.66988092298052,855.0,GasA,TA,Y,SBrkr,6.400257445308821,-1.3877787807814457e-17,1456.0,0.0,0.0,2.0,1.0,3.0,0.6931471805599453,TA,Typ,1.0,TA,Attchd,Unf,2.0,TA,TA,Y,4.477336814478207,0.0,0.0,0.0,0.0,0.0,0.0,7.0,2009.0,WD,Normal,11.908346971208951
3.044522437723423,RL,79.0,9416.0,Reg,Lvl,Inside,Somerst,Norm,1Fam,1Story,7.0,5.0,2007.0,2007.0,Hip,CompShg,CemntBd,CmentBd,Stone,5.327876168789581,Ex,TA,PConc,Ex,TA,No,GLQ,1126.0,0.0,6.398594934535208,1726.0,GasA,Ex,Y,SBrkr,0.0,-1.3877787807814457e-17,1726.0,1.0,0.0,2.0,0.0,3.0,0.6931471805599453,Ex,Typ,1.0,Gd,Attchd,Fin,3.0,TA,TA,Y,5.147494476813453,4.9344739331306915,0.0,0.0,5.58724865840025,0.0,0.0,9.0,2007.0,New,Partial,12.650351332641707
4.330733340286331,RL,111.5,17673.5,Reg,Lvl,Corner,NAmes,Artery,1Fam,2Story,8.0,4.0,1918.0,1990.0,Gable,CompShg,Stucco,Stucco,BrkFace,0.0,Gd,Gd,PConc,TA,TA,No,GLQ,1036.0,5.2203558250783235,4.948759890378168,1360.0,GasA,Gd,Y,SBrkr,7.215975002651465,5.973809611869261,2747.625,1.0,0.6931471805599452,2.0,0.0,4.0,0.6931471805599453,Gd,Typ,1.0,Ex,Detchd,Unf,2.0,TA,TA,Y,0.0,2.833213344056216,6.315358001522335,0.0,0.0,6.240275845170769,0.0,2.9999999999999996,2006.0,WD,Abnorml,12.367345048436391
4.330733340286331,RM,92.0,5520.0,Reg,Lvl,Corner,OldTown,Norm,1Fam,2.5Fin,6.0,6.0,1912.0,1950.0,Gable,CompShg,Wd Sdng,Wd Sdng,BrkFace,0.0,TA,TA,CBlock,TA,TA,No,Unf,0.0,0.0,6.628041376179533,755.0,GasA,Ex,Y,SBrkr,6.835184586147301,5.918893854273146,2229.0,0.0,0.0,1.0,0.0,4.5,0.6931471805599453,TA,Typ,0.0,Gd,Attchd,Unf,-2.220446049250313e-16,TA,TA,Y,0.0,5.14166355650266,3.4339872044851463,0.0,0.0,0.0,0.0,7.0,2009.0,WD,Abnorml,11.552155793461898
3.044522437723423,RL,76.0,9591.0,Reg,Lvl,Inside,NridgHt,Norm,1Fam,1Story,8.0,5.0,2004.0,2005.0,Hip,CompShg,VinylSd,VinylSd,BrkFace,5.572154032177765,Gd,TA,PConc,Ex,TA,Av,GLQ,1088.0,0.0,6.439350371100098,1713.0,GasA,Ex,Y,SBrkr,0.0,-1.3877787807814457e-17,1713.0,1.0,0.0,2.0,0.0,3.0,0.6931471805599453,Ex,Typ,1.0,Gd,Attchd,Fin,3.0,TA,TA,Y,0.0,3.295836866004329,0.0,0.0,5.14166355650266,0.0,0.0,1.0,2009.0,WD,Normal,12.524166311833152
3.044522437723423,RM,80.0,8546.0,Reg,Lvl,Corner,Edwards,Norm,1Fam,1Story,4.0,5.0,2003.0,2004.0,Gable,CompShg,VinylSd,VinylSd,BrkFace,0.0,TA,TA,PConc,Gd,TA,No,Unf,0.0,0.0,7.022868086082641,1121.0,GasA,Ex,Y,SBrkr,0.0,-1.3877787807814457e-17,1121.0,0.0,0.0,2.0,0.0,2.0,0.6931471805599453,TA,Typ,0.0,Gd,Attchd,RFn,2.0,TA,TA,Y,4.890349128221754,4.174387269895637,0.0,0.0,0.0,0.0,0.0,2.9999999999999996,2010.0,WD,Normal,11.849404844423074
3.044522437723423,RL,75.0,10125.0,Reg,Lvl,Inside,Mitchel,Norm,1Fam,1Story,6.0,6.0,1977.0,1977.0,Gable,CompShg,Plywood,Plywood,BrkFace,0.0,TA,TA,CBlock,TA,TA,No,ALQ,641.0,5.634789603169249,5.6240175061873385,1196.0,GasA,TA,Y,SBrkr,0.0,-1.3877787807814457e-17,1279.0,0.0,0.6931471805599452,2.0,0.0,3.0,0.6931471805599453,TA,Typ,2.0,Fa,Detchd,Unf,2.0,TA,TA,Y,5.476463551931511,4.430816798843313,0.0,0.0,0.0,0.0,0.0,2.0,2008.0,WD,Normal,12.052344376474922
3.9318256327243257,RL,50.0,7000.0,Reg,Lvl,Corner,OldTown,Artery,1Fam,1.5Fin,6.0,6.0,1924.0,1950.0,Gable,CompShg,MetalSd,MetalSd,BrkFace,0.0,TA,Gd,BrkTil,Fa,TA,No,LwQ,617.0,0.0,0.0,617.0,GasA,Gd,Y,SBrkr,6.100318952020064,-1.3877787807814457e-17,1310.0,0.0,0.0,2.0,0.0,2.0,0.6931471805599453,TA,Min1,0.0,Gd,Attchd,Unf,1.0,TA,TA,Y,0.0,0.0,4.844187086458591,0.0,0.0,0.0,0.0,5.0,2006.0,COD,Normal,11.626263078808801
4.795790545596741,RM,43.6,4438.0,Reg,Lvl,Inside,CollgCr,Norm,TwnhsE,1Story,6.0,5.0,2004.0,2004.0,Gable,CompShg,VinylSd,VinylSd,BrkFace,5.327876168789581,Gd,TA,PConc,Gd,TA,Av,GLQ,662.0,0.0,5.231108616854587,848.0,GasA,Ex,Y,SBrkr,0.0,-1.3877787807814457e-17,848.0,1.0,0.0,1.0,0.0,1.0,0.6931471805599453,Gd,Typ,1.0,Gd,Attchd,RFn,2.0,TA,TA,Y,5.0106352940962555,0.0,0.0,0.0,0.0,0.0,0.0,1.0,2008.0,WD,Normal,11.91170829631447
3.9318256327243257,RM,50.0,3500.0,Reg,Lvl,Inside,OldTown,Norm,1Fam,1.5Fin,5.0,7.0,1947.0,1950.0,Gable,CompShg,AsbShng,AsbShng,BrkFace,0.0,TA,TA,CBlock,TA,TA,No,LwQ,312.0,0.0,6.013715156042802,720.0,GasA,TA,Y,SBrkr,6.336825731146441,-1.3877787807814457e-17,1284.0,0.0,0.0,1.0,1.0,2.0,0.6931471805599453,TA,Typ,0.0,Gd,Detchd,Unf,1.0,TA,TA,Y,0.0,3.58351893845611,0.0,0.0,0.0,0.0,0.0,4.0,2009.0,WD,Normal,11.608244735642321
3.044522437723423,RL,99.0,11851.0,Reg,Lvl,Corner,Gilbert,Norm,1Fam,1Story,7.0,5.0,1990.0,1990.0,Gable,CompShg,HdBoard,HdBoard,BrkFace,0.0,TA,TA,PConc,Gd,TA,No,Unf,0.0,0.0,7.261927092702751,1424.0,GasA,Ex,Y,SBrkr,0.0,-1.3877787807814457e-17,1442.0,0.0,0.0,2.0,0.0,3.0,0.6931471805599453,TA,Typ,0.0,Gd,Attchd,RFn,2.0,TA,TA,Y,0.0,3.5553480614894135,0.0,6.2324480165505225,0.0,0.0,0.0,5.0,2009.0,WD,Normal,12.103491596905931
3.044522437723423,RL,40.0,13673.0,IR1,Lvl,CulDSac,Sawyer,RRAe,1Fam,1Story,5.0,5.0,1962.0,1962.0,Gable,CompShg,HdBoard,HdBoard,BrkFace,0.0,TA,Gd,CBlock,TA,TA,No,Unf,0.0,0.0,7.039660349862076,1140.0,GasA,TA,Y,SBrkr,0.0,-1.3877787807814457e-17,1696.0,0.0,0.0,1.0,1.0,3.0,0.6931471805599453,TA,Min2,1.0,TA,Attchd,RFn,1.0,TA,TA,Y,0.0,3.4339872044851463,0.0,0.0,0.0,0.0,0.0,2.9999999999999996,2007.0,WD,Normal,11.87688084212164
3.044522437723423,RL,74.2,12493.0,IR1,Lvl,Inside,NAmes,Norm,1Fam,1Story,4.0,5.0,1960.0,1960.0,Gable,CompShg,Wd Sdng,Wd Sdng,BrkFace,0.0,TA,TA,PConc,TA,TA,No,ALQ,419.0,5.726847747587197,5.929589143389895,1100.0,GasA,TA,Y,SBrkr,0.0,-1.3877787807814457e-17,1100.0,1.0,0.0,1.0,0.0,3.0,0.6931471805599453,TA,Typ,1.0,Po,Attchd,RFn,1.0,TA,TA,Y,5.87493073085203,0.0,0.0,0.0,0.0,0.0,0.0,4.0,2008.0,WD,Normal,11.856522261533737
4.110873864173311,RL,72.4,14364.0,IR1,Low,Inside,SawyerW,Norm,1Fam,2Story,7.0,5.0,1988.0,1989.0,Gable,CompShg,Plywood,Plywood,BrkFace,4.859812404361672,Gd,TA,CBlock,Gd,TA,Gd,GLQ,1065.0,0.0,4.532599493153256,1157.0,GasA,Ex,Y,SBrkr,6.78332520060396,-1.3877787807814457e-17,2062.0,1.0,0.0,2.0,1.0,3.0,0.6931471805599453,TA,Typ,1.0,Gd,Attchd,Fin,2.0,TA,TA,Y,4.110873864173311,4.02535169073515,0.0,0.0,5.043425116919247,0.0,0.0,4.0,2007.0,WD,Normal,12.531776395271262
3.044522437723423,RL,75.0,8250.0,Reg,Lvl,Inside,NAmes,Norm,1Fam,1Story,6.0,7.0,1964.0,1964.0,Hip,CompShg,HdBoard,HdBoard,Stone,5.564520407322694,TA,TA,CBlock,Gd,TA,No,Rec,787.0,0.0,5.723585101952381,1092.0,GasA,Ex,Y,SBrkr,0.0,-1.3877787807814457e-17,1092.0,1.0,0.0,1.0,0.0,3.0,0.6931471805599453,TA,Typ,0.0,Gd,Attchd,RFn,2.0,TA,Gd,Y,0.0,0.0,0.0,0.0,0.0,0.0,0.0,7.0,2008.0,WD,Normal,11.884495917930655
3.4339872044851463,RL,67.0,5604.0,Reg,Lvl,Inside,Edwards,Norm,1Fam,1Story,5.0,6.0,1925.0,1950.0,Gable,CompShg,Stucco,Stucco,BrkFace,0.0,TA,TA,CBlock,TA,TA,No,Rec,468.0,0.0,5.983936280687191,864.0,GasA,TA,N,FuseA,0.0,-1.3877787807814457e-17,864.0,1.0,0.0,1.0,0.0,2.0,0.6931471805599453,TA,Typ,0.0,Gd,Attchd,Unf,-2.220446049250313e-16,TA,TA,Y,0.0,0.0,4.574710978503382,0.0,0.0,0.0,0.0,4.0,2008.0,WD,Normal,11.49273296168228
3.044522437723423,RL,83.0,10420.0,Reg,Lvl,Corner,Edwards,Norm,1Fam,1Story,6.0,5.0,2009.0,2009.0,Gable,CompShg,VinylSd,VinylSd,BrkFace,0.0,TA,TA,PConc,Gd,TA,Mn,GLQ,36.0,0.0,7.0707241072602764,1212.0,GasA,Ex,Y,SBrkr,0.0,-1.3877787807814457e-17,1212.0,0.0,0.0,2.0,0.0,3.0,0.6931471805599453,Gd,Typ,0.0,Gd,Attchd,RFn,2.0,TA,TA,Y,4.61512051684126,3.1354942159291497,0.0,0.0,0.0,0.0,0.0,2.9999999999999996,2010.0,WD,Normal,12.133507329024972
4.110873864173311,FV,72.0,8640.0,Reg,Lvl,Inside,Somerst,Norm,1Fam,2Story,7.0,5.0,2009.0,2009.0,Gable,CompShg,VinylSd,VinylSd,BrkFace,0.0,TA,TA,PConc,Gd,TA,No,GLQ,822.0,0.0,4.3694478524670215,900.0,GasA,Ex,Y,SBrkr,6.825460036255307,-1.3877787807814457e-17,1852.0,1.0,0.0,2.0,1.0,3.0,0.6931471805599453,Gd,Typ,1.0,TA,Attchd,RFn,2.0,TA,TA,Y,5.1298987149230735,4.6913478822291435,0.0,0.0,0.0,0.0,0.0,7.0,2009.0,New,Partial,12.439875187430008
3.044522437723423,RL,43.0,13568.0,IR2,Lvl,CulDSac,CollgCr,Norm,1Fam,1Story,5.0,5.0,1995.0,1995.0,Gable,CompShg,VinylSd,VinylSd,BrkFace,0.0,TA,TA,PConc,Gd,TA,No,ALQ,716.0,0.0,5.616771097666572,990.0,GasA,Ex,Y,SBrkr,0.0,-1.3877787807814457e-17,990.0,0.0,0.6931471805599452,1.0,0.0,3.0,0.6931471805599453,TA,Typ,0.0,Gd,Attchd,Unf,2.0,TA,TA,Y,5.41610040220442,0.0,0.0,0.0,0.0,0.0,0.0,7.0,2006.0,WD,Normal,11.957617696467539
4.110873864173311,RL,73.4,10900.0,IR1,Lvl,FR2,CollgCr,Norm,1Fam,2Story,6.0,7.0,1977.0,1977.0,Gable,CompShg,HdBoard,HdBoard,BrkFace,5.0369526024136295,TA,TA,CBlock,Gd,TA,No,GLQ,378.0,0.0,5.7430031878094825,689.0,GasA,Ex,Y,SBrkr,6.556778356158042,-1.3877787807814457e-17,1392.0,0.0,0.0,1.0,1.0,3.0,0.6931471805599453,TA,Typ,0.0,Gd,Attchd,Fin,1.0,TA,TA,Y,0.0,3.6109179126442243,0.0,0.0,0.0,0.0,6.111467339502679,2.9999999999999996,2010.0,WD,Normal,11.993813394724253
3.044522437723423,RL,72.0,10011.0,IR1,Lvl,Inside,NAmes,Norm,1Fam,1Story,5.0,6.0,1957.0,1996.0,Gable,CompShg,HdBoard,HdBoard,BrkFace,4.174387269895637,TA,TA,CBlock,TA,TA,No,BLQ,360.0,0.0,6.566672429803241,1070.0,GasA,TA,Y,SBrkr,0.0,-1.3877787807814457e-17,1236.0,0.0,0.6931471805599452,1.0,0.0,2.0,0.6931471805599453,Gd,Min1,1.0,Fa,Attchd,Unf,1.0,TA,TA,Y,0.0,0.0,0.0,0.0,0.0,0.0,0.0,5.0,2006.0,WD,Normal,11.808955099378537
3.044522437723423,RL,65.0,8450.0,Reg,Lvl,Inside,CollgCr,Norm,1Fam,1Story,7.0,5.0,2004.0,2004.0,Gable,CompShg,VinylSd,VinylSd,BrkFace,5.58724865840025,Gd,TA,PConc,Gd,TA,Mn,GLQ,946.0,0.0,6.19644412779452,1436.0,GasA,Ex,Y,SBrkr,0.0,-1.3877787807814457e-17,1436.0,1.0,0.0,2.0,0.0,3.0,0.6931471805599453,Gd,Typ,0.0,Gd,Attchd,Unf,2.0,TA,TA,Y,4.941642422609304,4.59511985013459,0.0,0.0,0.0,0.0,0.0,4.0,2008.0,WD,Normal,12.25486757159303
4.2626798770413155,RM,57.0,9906.0,Reg,Lvl,Inside,OldTown,Norm,1Fam,2Story,4.0,4.0,1925.0,1950.0,Gable,CompShg,MetalSd,MetalSd,BrkFace,0.0,TA,TA,CBlock,TA,TA,No,Unf,0.0,0.0,6.532334292222349,686.0,GasA,Fa,N,SBrkr,6.251903883165889,-1.3877787807814457e-17,1328.0,0.0,0.0,1.0,0.0,3.0,0.6931471805599453,TA,Typ,0.0,Gd,Detchd,Unf,1.0,TA,TA,Y,0.0,5.14166355650266,4.110873864173311,0.0,0.0,0.0,0.0,9.0,2006.0,WD,Family,11.580593459194764
3.9318256327243257,RL,72.0,15660.0,IR1,Lvl,Corner,Crawfor,Norm,1Fam,1.5Fin,7.0,7.5,1939.0,2006.0,Gable,CompShg,VinylSd,VinylSd,BrkFace,5.746203190540152,Gd,Gd,CBlock,TA,TA,No,BLQ,341.0,0.0,6.126869184114185,798.0,GasA,Ex,Y,SBrkr,6.706862336602747,-1.3877787807814457e-17,1954.0,0.0,0.6931471805599452,1.0,1.0,3.0,0.6931471805599453,Gd,Typ,2.0,TA,Attchd,Unf,2.0,TA,TA,Y,0.0,4.787491742782047,5.017279836814924,0.0,0.0,0.0,0.0,5.0,2008.0,WD,Normal,12.649157827477366
4.795790545596741,RL,43.0,3010.0,Reg,Lvl,Inside,Blmngtn,Norm,TwnhsE,1Story,7.0,5.0,2005.0,2006.0,Gable,CompShg,VinylSd,VinylSd,BrkFace,2.833213344056216,Gd,TA,PConc,Gd,TA,Av,GLQ,16.0,0.0,7.117205503164344,1248.0,GasA,Ex,Y,SBrkr,0.0,-1.3877787807814457e-17,1248.0,0.0,0.0,2.0,0.0,2.0,0.6931471805599453,Gd,Typ,0.0,Gd,Attchd,Fin,2.0,TA,TA,Y,4.6913478822291435,0.0,0.0,0.0,0.0,0.0,0.0,2.9999999999999996,2006.0,New,Partial,12.027191164883384
3.044522437723423,RL,73.0,8990.0,IR1,Lvl,Inside,CollgCr,Norm,1Fam,1Story,7.0,5.0,2006.0,2006.0,Gable,CompShg,VinylSd,VinylSd,BrkFace,0.0,Gd,TA,PConc,Gd,TA,Mn,Unf,0.0,0.0,7.312553498102598,1498.0,GasA,Ex,Y,SBrkr,0.0,-1.3877787807814457e-17,1498.0,0.0,0.0,2.0,0.0,2.0,0.6931471805599453,Gd,Typ,0.0,Gd,Attchd,RFn,2.0,TA,TA,Y,5.863631175598097,3.5263605246161616,0.0,0.0,0.0,0.0,0.0,4.0,2006.0,New,Partial,12.230282214644559
4.110873864173311,RL,64.2,8068.0,IR1,Lvl,Inside,Gilbert,Norm,1Fam,2Story,6.0,5.0,2002.0,2002.0,Gable,CompShg,VinylSd,VinylSd,BrkFace,0.0,Gd,TA,PConc,Gd,TA,No,Unf,0.0,0.0,6.918695219020472,1010.0,GasA,Ex,Y,SBrkr,7.137278437260385,-1.3877787807814457e-17,2267.0,0.0,0.0,2.0,1.0,4.0,0.6931471805599453,Gd,Typ,1.0,TA,BuiltIn,RFn,2.0,TA,TA,Y,4.795790545596741,3.8501476017100584,0.0,0.0,0.0,0.0,0.0,12.0,2009.0,ConLI,Normal,12.206077645517674
4.110873864173311,RL,85.0,11475.0,Reg,Lvl,Inside,NWAmes,RRAn,1Fam,2Story,6.0,6.0,1975.0,1975.0,Gable,CompShg,VinylSd,VinylSd,BrkFace,0.0,TA,TA,CBlock,Gd,TA,No,ALQ,550.0,0.0,5.099866427824199,713.0,GasA,TA,Y,SBrkr,6.609349243167381,-1.3877787807814457e-17,1552.0,1.0,0.0,2.0,1.0,3.0,0.6931471805599453,TA,Typ,1.0,TA,Attchd,RFn,2.0,TA,TA,Y,5.3471075307174685,5.14166355650266,0.0,0.0,0.0,0.0,0.0,2.0,2006.0,WD,Normal,12.100161978566867
3.044522437723423,RL,70.0,10500.0,Reg,Lvl,FR2,NAmes,Norm,1Fam,1Story,4.0,6.0,1971.0,1971.0,Gable,CompShg,HdBoard,HdBoard,BrkFace,0.0,TA,TA,CBlock,TA,TA,No,ALQ,524.0,5.198497031265825,5.081404364984463,864.0,GasA,Gd,Y,SBrkr,0.0,-1.3877787807814457e-17,864.0,0.0,0.0,1.0,0.0,2.0,0.6931471805599453,TA,Typ,0.0,Gd,Detchd,Unf,2.0,TA,TA,Y,5.37989735354046,0.0,0.0,0.0,0.0,0.0,0.0,2.9999999999999996,2009.0,WD,Abnorml,11.48247656671073
3.044522437723423,RL,103.0,13472.0,Reg,Lvl,Inside,NridgHt,Norm,1Fam,1Story,10.0,5.0,2003.0,2003.0,Hip,CompShg,VinylSd,VinylSd,BrkFace,6.030685260261263,Ex,TA,PConc,Ex,TA,Gd,GLQ,56.0,0.0,7.430410654501705,2052.0,GasA,Ex,Y,SBrkr,0.0,-1.3877787807814457e-17,2392.0,0.0,0.0,2.0,0.0,3.0,0.6931471805599453,Ex,Typ,1.0,Ex,Attchd,Fin,3.0,TA,TA,Y,5.517452896464707,4.663439094112067,0.0,0.0,0.0,0.0,0.0,6.0,2009.0,WD,Normal,12.864242696187505
4.983606621708336,RM,27.500000000000007,1679.999999999999,Reg,Lvl,Inside,BrDale,Norm,Twnhs,2Story,5.0,5.0,1971.0,1971.0,Gable,CompShg,HdBoard,HdBoard,BrkFace,4.962844630259907,TA,TA,CBlock,TA,TA,No,Unf,0.0,0.0,6.447305862541213,630.0,GasA,TA,Y,SBrkr,6.511745329644728,-1.3877787807814457e-17,1302.0,0.0,0.0,2.0,1.0,3.0,0.6931471805599453,TA,Typ,0.0,Gd,Detchd,Unf,1.0,TA,TA,Y,0.0,0.0,0.0,0.0,0.0,0.0,0.0,5.0,2009.0,COD,Abnorml,11.626263078808801
4.110873864173311,RL,82.0,9950.0,IR1,Lvl,Inside,NoRidge,Norm,1Fam,2Story,7.0,5.0,1995.0,1995.0,Gable,CompShg,VinylSd,VinylSd,BrkFace,5.673323267171492,Gd,TA,PConc,Gd,TA,No,GLQ,565.0,0.0,6.459904454377535,1203.0,GasA,Ex,Y,SBrkr,7.175489713624222,-1.3877787807814457e-17,2520.0,0.0,0.0,2.0,1.0,4.0,0.6931471805599453,Gd,Typ,1.0,TA,Attchd,RFn,3.0,TA,TA,Y,5.41610040220442,4.74493212836325,0.0,0.0,0.0,0.0,0.0,6.0,2007.0,WD,Abnorml,12.577639650232573
4.983606621708336,RM,27.500000000000007,1869.0,Reg,Lvl,Inside,BrDale,Norm,Twnhs,2Story,6.0,6.0,1970.0,1970.0,Gable,CompShg,HdBoard,HdBoard,BrkFace,4.852030263919617,TA,TA,CBlock,TA,TA,No,Rec,321.0,0.0,5.093750200806762,483.0,GasA,TA,Y,SBrkr,6.22455842927536,-1.3877787807814457e-17,987.0,0.0,0.0,1.0,1.0,2.0,0.6931471805599453,TA,Typ,0.0,Gd,Detchd,Unf,1.0,TA,TA,Y,0.0,0.0,0.0,0.0,0.0,0.0,0.0,9.0,2008.0,WD,Normal,11.571203807011969
3.044522437723423,RL,70.0,8521.0,Reg,Lvl,FR2,Sawyer,Feedr,1Fam,1Story,5.0,5.0,1967.0,1967.0,Gable,CompShg,HdBoard,HdBoard,BrkFace,0.0,TA,TA,CBlock,TA,TA,No,ALQ,842.0,0.0,4.2626798770413155,912.0,GasA,TA,Y,SBrkr,0.0,-1.3877787807814457e-17,912.0,0.0,0.0,1.0,0.0,3.0,0.6931471805599453,TA,Typ,1.0,Fa,Detchd,Unf,1.0,TA,TA,Y,0.0,0.0,0.0,0.0,0.0,0.0,0.0,5.0,2010.0,WD,Normal,11.736077016252437
4.795790545596741,RL,43.0,3182.0,Reg,Lvl,Inside,Blmngtn,Norm,TwnhsE,1Story,7.0,5.0,2005.0,2006.0,Gable,CompShg,VinylSd,VinylSd,BrkFace,2.833213344056216,Gd,TA,PConc,Gd,TA,Av,GLQ,16.0,0.0,7.213768308118642,1373.0,GasA,Ex,Y,SBrkr,0.0,-1.3877787807814457e-17,1555.0,0.0,0.0,2.0,0.0,2.0,0.6931471805599453,Gd,Typ,1.0,TA,Attchd,Fin,2.0,TA,TA,Y,4.969813299576001,3.044522437723423,0.0,0.0,0.0,0.0,0.0,5.0,2009.0,WD,Normal,12.167856627501678
3.044522437723423,RL,73.0,8760.0,Reg,Lvl,Inside,NAmes,Norm,1Fam,1Story,6.0,6.0,1959.0,1959.0,Hip,CompShg,MetalSd,MetalSd,BrkFace,5.398162701517752,TA,TA,CBlock,TA,TA,No,Unf,0.0,0.0,7.085901464365611,1194.0,GasA,TA,Y,SBrkr,0.0,-1.3877787807814457e-17,1194.0,1.0,0.0,1.0,0.0,3.0,0.6931471805599453,TA,Typ,0.0,Gd,Attchd,RFn,1.0,TA,TA,Y,0.0,0.0,4.795790545596741,0.0,0.0,0.0,0.0,4.0,2010.0,WD,Normal,11.904974309480183
4.110873864173311,RL,111.5,15138.0,IR1,Lvl,Inside,NoRidge,Norm,1Fam,2Story,8.0,5.0,1995.0,1996.0,Gable,CompShg,VinylSd,VinylSd,BrkFace,6.030685260261263,Gd,TA,PConc,Gd,TA,No,GLQ,689.0,0.0,6.651571873589727,1462.0,GasA,Ex,Y,SBrkr,7.173958319756794,-1.3877787807814457e-17,2747.625,1.0,0.0,2.0,1.0,4.0,0.6931471805599453,Ex,Typ,1.0,TA,Attchd,Fin,3.0,TA,TA,Y,0.0,4.990432586778736,5.313205979041787,0.0,0.0,0.0,0.0,7.0,2009.0,WD,Normal,12.90669432231532
4.983606621708336,RM,27.500000000000007,1679.999999999999,Reg,Lvl,Inside,BrDale,Norm,Twnhs,2Story,6.0,5.0,1972.0,1972.0,Gable,CompShg,HdBoard,HdBoard,BrkFace,5.697093486505405,TA,TA,CBlock,TA,TA,No,Unf,0.0,0.0,6.182084906716632,483.0,GasA,TA,Y,SBrkr,6.22455842927536,-1.3877787807814457e-17,987.0,0.0,0.0,1.0,1.0,2.0,0.6931471805599453,TA,Typ,1.0,Po,Attchd,Unf,1.0,TA,TA,Y,0.0,0.0,0.0,0.0,0.0,0.0,0.0,6.0,2006.0,WD,Normal,11.456365695436427
3.044522437723423,RL,75.0,10650.0,Reg,Lvl,Corner,CollgCr,Norm,1Fam,1Story,5.0,6.0,1976.0,1976.0,Gable,CompShg,HdBoard,HdBoard,BrkFace,0.0,TA,TA,CBlock,TA,Gd,Av,LwQ,182.0,6.569481420414295,0.0,894.0,GasA,TA,Y,SBrkr,0.0,-1.3877787807814457e-17,894.0,1.0,0.0,1.0,0.0,3.0,0.6931471805599453,TA,Typ,0.0,Gd,Attchd,Unf,1.0,TA,TA,Y,5.902633333401367,0.0,0.0,0.0,0.0,0.0,0.0,2.0,2010.0,WD,Normal,11.761354623750297
4.110873864173311,RL,77.4,7851.0,Reg,Lvl,Inside,Gilbert,Norm,1Fam,2Story,6.0,5.0,2002.0,2002.0,Gable,CompShg,VinylSd,VinylSd,BrkFace,1.1018776673255954,Gd,TA,PConc,Gd,TA,No,GLQ,625.0,0.0,5.4638318050256105,860.0,GasA,Ex,Y,SBrkr,7.003974136722679,-1.3877787807814457e-17,1960.0,1.0,0.0,2.0,1.0,4.0,0.6931471805599453,Gd,Typ,2.0,TA,BuiltIn,Fin,2.0,TA,TA,Y,5.666426688112432,3.8918202981106265,0.0,0.0,0.0,0.0,0.0,5.0,2010.0,WD,Normal,12.285350445351659
4.983606621708336,RM,27.500000000000007,1679.999999999999,Reg,Lvl,Inside,BrDale,Norm,TwnhsE,2Story,6.0,3.5,1971.0,1971.0,Gable,CompShg,HdBoard,HdBoard,BrkFace,6.030685260261263,TA,TA,CBlock,TA,TA,No,ALQ,358.0,0.0,4.836281906951478,483.0,GasA,TA,Y,SBrkr,6.22455842927536,-1.3877787807814457e-17,987.0,0.0,0.0,1.0,1.0,2.0,0.6931471805599453,TA,Typ,0.0,Gd,Detchd,Unf,1.0,TA,TA,Y,0.0,0.0,0.0,0.0,0.0,0.0,0.0,8.0,2008.0,WD,Normal,11.402005077384885
3.044522437723423,RL,65.0,8773.0,Reg,Lvl,FR2,CollgCr,Norm,1Fam,1Story,7.0,5.0,2004.0,2004.0,Gable,CompShg,VinylSd,VinylSd,BrkFace,4.59511985013459,Gd,TA,PConc,Gd,TA,Av,GLQ,24.0,0.0,7.237778191923443,1414.0,GasA,Ex,Y,SBrkr,0.0,-1.3877787807814457e-17,1414.0,0.0,0.0,2.0,0.0,3.0,0.6931471805599453,Gd,Typ,0.0,Gd,Attchd,RFn,2.0,TA,TA,Y,4.890349128221754,4.663439094112067,0.0,0.0,0.0,0.0,0.0,5.0,2010.0,WD,Normal,12.130815551850676
4.110873864173311,RL,80.2,9453.0,IR1,Lvl,CulDSac,SawyerW,RRNe,1Fam,2Story,7.0,7.0,1993.0,2003.0,Gable,CompShg,HdBoard,HdBoard,BrkFace,0.0,Gd,TA,PConc,Gd,TA,No,BLQ,402.0,0.0,6.38856140554563,996.0,GasA,Ex,Y,SBrkr,6.594413459749778,-1.3877787807814457e-17,1744.0,0.0,0.0,2.0,1.0,3.0,0.6931471805599453,Gd,Typ,0.0,Gd,Attchd,RFn,2.0,TA,TA,Y,5.916202062607435,4.2626798770413155,0.0,5.476463551931511,0.0,0.0,0.0,2.0,2010.0,WD,Normal,12.178192583415596
3.044522437723423,RL,93.0,12030.0,Reg,Lvl,Inside,NridgHt,Norm,1Fam,1Story,8.0,5.0,2007.0,2007.0,Hip,CompShg,VinylSd,VinylSd,BrkFace,5.541263545158426,Ex,TA,PConc,Ex,TA,No,Unf,0.0,0.0,7.430410654501705,1694.0,GasA,Ex,Y,SBrkr,0.0,-1.3877787807814457e-17,1694.0,0.0,0.0,2.0,0.0,3.0,0.6931471805599453,Gd,Typ,0.0,Gd,Attchd,Fin,3.0,TA,TA,Y,5.1298987149230735,5.14166355650266,0.0,0.0,0.0,0.0,0.0,12.0,2007.0,New,Partial,12.669809806411457
3.9318256327243257,RL,52.0,8741.0,Reg,Lvl,Inside,Edwards,Norm,1Fam,1.5Fin,6.0,4.0,1945.0,1950.0,Gable,CompShg,VinylSd,VinylSd,BrkFace,0.0,TA,TA,CBlock,TA,Fa,No,LwQ,94.0,0.0,6.464588303689961,735.0,GasA,TA,Y,FuseA,6.536691597591304,-1.3877787807814457e-17,1487.0,0.0,0.0,1.0,1.0,3.0,0.6931471805599453,TA,Typ,1.0,Gd,Detchd,Unf,1.0,TA,TA,Y,0.0,4.948759890378168,0.0,0.0,0.0,0.0,0.0,4.0,2010.0,WD,Normal,11.635151947212842
3.044522437723423,FV,75.0,9000.0,Reg,Lvl,Inside,Somerst,Norm,1Fam,1Story,8.0,5.0,2008.0,2008.0,Gable,CompShg,VinylSd,VinylSd,Stone,3.6109179126442243,Gd,TA,PConc,Gd,TA,Av,GLQ,1078.0,0.0,6.192362489474872,1566.0,GasA,Ex,Y,SBrkr,0.0,-1.3877787807814457e-17,1566.0,1.0,0.0,2.0,0.0,3.0,0.6931471805599453,Gd,Typ,0.0,Gd,Attchd,RFn,2.0,TA,TA,Y,4.976733742420574,5.1298987149230735,0.0,0.0,0.0,0.0,0.0,4.0,2010.0,WD,Normal,12.47801017053037
3.4339872044851463,RM,40.0,3880.0,Reg,Lvl,Inside,OldTown,Norm,1Fam,1Story,5.0,7.5,1945.0,1997.0,Gable,CompShg,VinylSd,VinylSd,BrkFace,0.0,TA,Gd,CBlock,TA,TA,No,ALQ,329.0,0.0,5.8805329864007,686.0,GasA,Gd,Y,SBrkr,0.0,-1.3877787807814457e-17,866.0,0.0,0.0,1.0,0.0,2.0,0.6931471805599453,Gd,Typ,0.0,Gd,Attchd,Unf,-2.220446049250313e-16,TA,TA,Y,4.07753744390572,3.7612001156935624,0.0,0.0,0.0,0.0,0.0,8.0,2007.0,WD,Normal,11.612779849672751
3.9318256327243257,RM,63.0,5000.0,Reg,Lvl,Corner,OldTown,Norm,1Fam,1.5Fin,5.0,4.0,1900.0,1950.0,Gable,CompShg,Wd Sdng,Wd Sdng,BrkFace,0.0,TA,TA,BrkTil,TA,TA,No,Unf,0.0,0.0,6.293419278846481,540.0,GasA,Gd,N,FuseA,6.313548046277095,-1.3877787807814457e-17,1440.0,0.0,0.0,1.0,0.0,3.0,0.6931471805599453,TA,Typ,0.0,Gd,Attchd,Unf,1.0,Fa,TA,Y,0.0,0.0,4.356708826689591,0.0,0.0,0.0,0.0,4.0,2006.0,WD,Normal,11.277215789596893
4.983606621708336,RL,75.0,10762.0,Reg,Lvl,Corner,SawyerW,Norm,TwnhsE,2Story,6.0,6.0,1980.0,1980.0,Gable,CompShg,Plywood,Plywood,BrkFace,0.0,TA,TA,CBlock,Gd,TA,No,Unf,0.0,0.0,6.440946540632921,626.0,GasA,TA,Y,SBrkr,6.3835066348840055,-1.3877787807814457e-17,1217.0,0.0,0.0,1.0,1.0,3.0,0.6931471805599453,TA,Typ,1.0,TA,Attchd,RFn,1.0,TA,TA,Y,0.0,3.367295829986474,0.0,0.0,0.0,0.0,0.0,4.0,2009.0,WD,Normal,11.695255355062795
4.110873864173311,RL,80.2,8880.0,IR1,Lvl,Inside,SawyerW,Norm,1Fam,2Story,7.0,5.0,1994.0,2002.0,Gable,CompShg,VinylSd,VinylSd,BrkFace,0.0,Gd,TA,PConc,Gd,TA,No,GLQ,695.0,0.0,5.537334267018537,948.0,GasA,Ex,Y,SBrkr,6.790097235513905,-1.3877787807814457e-17,2110.0,1.0,0.0,2.0,1.0,3.0,0.6931471805599453,Gd,Typ,2.0,Fa,Attchd,RFn,2.0,TA,TA,Y,0.0,4.875197323201151,0.0,0.0,0.0,0.0,0.0,5.0,2010.0,WD,Normal,12.230770136157428
3.044522437723423,RL,80.0,10400.0,Reg,Lvl,Inside,NWAmes,Norm,1Fam,1Story,7.0,5.0,1988.0,1988.0,Gable,CompShg,Wd Sdng,Wd Sdng,BrkFace,4.634728988229636,TA,TA,CBlock,Gd,TA,Av,GLQ,929.0,0.0,6.821107472256465,1845.0,GasA,Gd,Y,SBrkr,0.0,-1.3877787807814457e-17,1872.0,0.0,0.6931471805599452,2.0,0.0,3.0,0.6931471805599453,TA,Typ,1.0,TA,Attchd,Fin,2.0,TA,TA,Y,5.288267030694535,3.6888794541139363,0.0,0.0,0.0,0.0,0.0,6.0,2006.0,WD,Normal,12.394628892852941
4.983606621708336,RM,69.0,9142.0,Reg,Lvl,Inside,OldTown,Norm,2fmCon,2Story,6.0,7.5,1910.0,1950.0,Gable,CompShg,AsbShng,AsbShng,BrkFace,0.0,TA,Fa,Stone,Fa,TA,No,Unf,0.0,0.0,6.928537818164665,1020.0,GasA,Gd,N,FuseP,6.928537818164665,-1.3877787807814457e-17,1928.0,0.0,0.0,2.0,0.0,4.0,1.0986122886681098,Fa,Typ,0.0,Gd,Detchd,Unf,1.0,Po,Po,Y,0.0,4.110873864173311,4.727387818712341,0.0,0.0,0.0,0.0,4.0,2006.0,WD,Normal,11.827743504053695
3.044522437723423,RL,75.0,11310.0,Reg,Lvl,Inside,NAmes,Norm,1Fam,1Story,6.0,5.0,1954.0,1954.0,Hip,CompShg,Wd Sdng,BrkFace,BrkFace,0.0,TA,TA,CBlock,TA,TA,No,Unf,0.0,0.0,7.221105098182496,1367.0,GasA,Ex,Y,SBrkr,0.0,-1.3877787807814457e-17,1375.0,0.0,0.0,1.0,0.0,2.0,0.6931471805599453,TA,Typ,1.0,TA,Attchd,Unf,2.0,TA,TA,Y,0.0,3.4339872044851463,0.0,0.0,0.0,0.0,0.0,6.0,2006.0,WD,Normal,11.849404844423074
4.110873864173311,RL,72.0,11317.0,Reg,Lvl,Inside,CollgCr,Norm,1Fam,2Story,7.0,5.0,2003.0,2003.0,Gable,CompShg,VinylSd,VinylSd,BrkFace,4.624972813284271,Gd,TA,PConc,Gd,TA,No,Unf,0.0,0.0,6.734591659972948,840.0,GasA,Ex,Y,SBrkr,6.720220155135295,-1.3877787807814457e-17,1668.0,0.0,0.0,2.0,1.0,3.0,0.6931471805599453,Gd,Typ,0.0,Gd,Attchd,RFn,2.0,TA,TA,Y,4.976733742420574,4.23410650459726,0.0,0.0,0.0,0.0,0.0,9.0,2007.0,WD,Normal,12.100717685412471
3.9318256327243257,RL,79.4,17673.5,IR2,Low,CulDSac,ClearCr,Norm,1Fam,1.5Fin,6.0,7.0,1958.0,2006.0,Gable,CompShg,Wd Sdng,HdBoard,BrkCmn,6.030685260261263,Gd,TA,CBlock,Gd,TA,Gd,Rec,697.0,0.0,6.617402977974478,1444.0,GasA,Gd,Y,SBrkr,6.55250788703459,-1.3877787807814457e-17,2144.0,0.0,0.6931471805599452,2.0,0.0,4.0,0.6931471805599453,Gd,Typ,2.0,TA,Attchd,Fin,2.0,TA,TA,Y,0.0,4.59511985013459,0.0,0.0,0.0,0.0,6.2166061010848646,6.0,2007.0,WD,Normal,12.531776395271262
3.4339872044851463,RL,55.0,5350.0,IR1,Lvl,Inside,BrkSide,Norm,1Fam,1Story,3.0,3.5,1940.0,1966.0,Gable,CompShg,Wd Sdng,Plywood,BrkFace,0.0,TA,Po,CBlock,TA,TA,No,Unf,0.0,0.0,6.591673732008658,728.0,GasA,Ex,Y,SBrkr,0.0,-1.3877787807814457e-17,1306.0,0.0,0.0,1.0,0.0,3.0,0.6931471805599453,Fa,Mod,0.0,Gd,Attchd,Unf,-2.220446049250313e-16,TA,TA,Y,5.575949103146316,0.0,0.0,0.0,0.0,0.0,6.111467339502679,5.0,2010.0,WD,Normal,11.245059091624615
4.795790545596741,RM,44.0,4750.0,IR1,HLS,Inside,Crawfor,Norm,TwnhsE,1Story,8.0,5.0,2006.0,2007.0,Hip,CompShg,VinylSd,VinylSd,Stone,6.030685260261263,Gd,TA,PConc,Gd,TA,Gd,GLQ,1573.0,0.0,0.0,1573.0,GasA,Ex,Y,SBrkr,0.0,-1.3877787807814457e-17,1625.0,1.0,0.6931471805599452,2.0,0.0,2.0,0.6931471805599453,Gd,Typ,1.0,Gd,Attchd,Fin,2.0,TA,TA,Y,4.820281565605037,0.0,0.0,0.0,5.0369526024136295,0.0,0.0,12.0,2007.0,WD,Family,12.367345048436391
4.110873864173311,RL,65.0,8366.0,IR1,Lvl,Inside,SawyerW,Norm,1Fam,2Story,6.0,5.0,2004.0,2004.0,Gable,CompShg,VinylSd,VinylSd,BrkFace,0.0,Gd,TA,PConc,Gd,TA,No,Unf,0.0,0.0,6.683360945766275,798.0,GasA,Ex,Y,SBrkr,6.736966958001856,-1.3877787807814457e-17,1640.0,0.0,0.0,2.0,1.0,3.0,0.6931471805599453,Gd,Typ,0.0,Gd,Attchd,RFn,2.0,TA,TA,Y,4.9344739331306915,3.828641396489095,0.0,0.0,0.0,0.0,0.0,12.0,2008.0,WD,Normal,12.06105265381003
4.394449154672439,RL,85.0,9350.0,Reg,Lvl,Inside,NAmes,Norm,1Fam,SLvl,6.0,7.0,1964.0,1991.0,Hip,CompShg,HdBoard,HdBoard,BrkFace,4.6913478822291435,TA,TA,CBlock,Gd,TA,Gd,LwQ,270.0,6.36475075685191,6.115892125483034,1302.0,GasA,Ex,Y,SBrkr,0.0,-1.3877787807814457e-17,1302.0,0.0,0.6931471805599452,2.0,0.0,3.0,0.6931471805599453,Gd,Min1,0.0,Gd,Attchd,RFn,1.0,TA,TA,Y,5.811140992976701,0.0,0.0,0.0,0.0,0.0,0.0,10.0,2007.0,CWD,Normal,11.970356641102999
3.044522437723423,RL,70.0,8400.0,Reg,Lvl,Inside,NAmes,Norm,1Fam,1Story,5.0,6.0,1957.0,1957.0,Gable,CompShg,MetalSd,MetalSd,BrkFace,0.0,TA,Gd,CBlock,TA,TA,No,Rec,922.0,0.0,5.973809611869261,1314.0,GasA,TA,Y,SBrkr,0.0,-1.3877787807814457e-17,1314.0,1.0,0.0,1.0,0.0,3.0,0.6931471805599453,TA,Typ,0.0,Gd,Attchd,RFn,1.0,TA,TA,Y,5.5254529391317835,0.0,0.0,0.0,0.0,0.0,0.0,6.0,2010.0,WD,Normal,11.884495917930655
4.110873864173311,RL,66.0,8738.0,IR1,Lvl,Inside,Gilbert,Norm,1Fam,2Story,7.0,5.0,1999.0,1999.0,Gable,CompShg,VinylSd,VinylSd,BrkFace,5.713732805509369,Gd,TA,PConc,Gd,TA,No,Unf,0.0,0.0,6.883462586413092,975.0,GasA,Ex,Y,SBrkr,7.160069207596127,-1.3877787807814457e-17,2291.0,0.0,0.0,2.0,1.0,4.0,0.6931471805599453,Gd,Typ,1.0,TA,BuiltIn,Fin,2.0,TA,TA,Y,5.262690188904886,0.0,0.0,0.0,0.0,0.0,0.0,2.0,2006.0,WD,Normal,12.345838935721968
4.110873864173311,FV,64.0,8791.0,IR1,Lvl,Inside,Somerst,Norm,1Fam,2Story,6.0,5.0,2003.0,2003.0,Gable,CompShg,VinylSd,VinylSd,BrkFace,0.0,Gd,TA,PConc,Gd,TA,No,Rec,503.0,0.0,5.8916442118257715,864.0,GasA,Ex,Y,SBrkr,6.762729506931878,-1.3877787807814457e-17,1728.0,0.0,0.0,2.0,1.0,3.0,0.6931471805599453,Gd,Typ,0.0,Gd,Attchd,RFn,2.0,TA,TA,Y,5.37989735354046,4.04305126783455,0.0,0.0,0.0,0.0,0.0,5.0,2008.0,WD,Normal,12.242891437918386
3.044522437723423,RL,68.0,8814.0,Reg,Lvl,Inside,CollgCr,Norm,1Fam,1Story,7.0,5.0,2006.0,2006.0,Gable,CompShg,VinylSd,VinylSd,Stone,5.198497031265826,Gd,TA,PConc,Gd,TA,No,GLQ,1334.0,0.0,5.602118820879701,1604.0,GasA,Ex,Y,SBrkr,0.0,-1.3877787807814457e-17,1604.0,1.0,0.0,2.0,1.0,3.0,0.6931471805599453,Gd,Typ,1.0,Gd,Attchd,RFn,2.0,TA,TA,Y,4.820281565605037,4.709530201312334,0.0,0.0,0.0,0.0,0.0,2.9999999999999996,2009.0,WD,Abnorml,12.301387370778713
4.110873864173311,RL,80.0,12435.0,Reg,Lvl,Inside,CollgCr,Norm,1Fam,2Story,7.0,5.0,2001.0,2001.0,Gable,CompShg,VinylSd,VinylSd,BrkFace,5.15329159449778,Gd,TA,PConc,Gd,TA,No,GLQ,361.0,0.0,6.401917196727186,963.0,GasA,Ex,Y,SBrkr,6.721425700790643,-1.3877787807814457e-17,1792.0,0.0,0.0,2.0,1.0,3.0,0.6931471805599453,Gd,Typ,1.0,TA,Attchd,RFn,2.0,TA,TA,Y,0.0,4.574710978503383,0.0,5.5053315359323625,0.0,0.0,0.0,5.0,2008.0,WD,Normal,12.352339472153524
3.044522437723423,RM,70.0,12702.0,Reg,Lvl,Inside,OldTown,Norm,1Fam,1Story,5.0,5.0,1956.0,1956.0,Gable,CompShg,BrkFace,BrkFace,BrkFace,0.0,TA,TA,PConc,TA,TA,No,Unf,0.0,0.0,0.0,42.0,GasA,Gd,Y,FuseA,0.0,-1.3877787807814457e-17,882.0,0.0,0.0,1.0,0.0,2.0,0.6931471805599453,TA,Typ,0.0,Gd,Detchd,Unf,1.0,TA,TA,Y,0.0,3.828641396489095,0.0,0.0,0.0,0.0,0.0,12.0,2008.0,WD,Normal,11.48247656671073
4.394449154672439,RL,111.5,17673.5,Reg,Lvl,Corner,NAmes,Artery,1Fam,SLvl,6.0,5.0,1962.0,1962.0,Gable,CompShg,Wd Sdng,Wd Sdng,BrkFace,5.991464547107982,TA,TA,CBlock,TA,TA,Gd,Rec,672.0,6.53813982376767,0.0,1362.0,GasA,TA,Y,SBrkr,0.0,-1.3877787807814457e-17,1382.0,1.0,0.0,1.0,0.0,3.0,0.6931471805599453,TA,Typ,1.0,TA,Attchd,Unf,2.0,TA,TA,Y,0.0,0.0,5.53338948872752,0.0,0.0,0.0,0.0,5.0,2009.0,WD,Normal,12.07824495582233
4.110873864173311,RL,69.0,9588.0,IR1,Lvl,Inside,CollgCr,Norm,1Fam,2Story,8.0,5.0,2007.0,2007.0,Gable,CompShg,CemntBd,CmentBd,Stone,5.602118820879701,Gd,TA,PConc,Ex,TA,No,Unf,0.0,0.0,7.301822342137932,1482.0,GasA,Ex,Y,SBrkr,6.996681488176538,-1.3877787807814457e-17,2574.0,0.0,0.0,2.0,1.0,3.0,0.6931471805599453,Ex,Typ,1.0,Gd,BuiltIn,Fin,3.0,TA,TA,Y,0.0,5.003946305945459,0.0,0.0,0.0,0.0,0.0,11.0,2007.0,New,Partial,12.52815976788113
4.394449154672439,RL,88.0,8471.0,IR1,Lvl,Corner,Sawyer,Norm,1Fam,SLvl,6.0,7.0,1977.0,1995.0,Gable,CompShg,HdBoard,Plywood,BrkFace,3.8501476017100584,TA,TA,CBlock,Gd,Gd,Av,ALQ,506.0,0.0,0.0,506.0,GasA,TA,Y,SBrkr,0.0,-1.3877787807814457e-17,1212.0,1.0,0.0,1.0,0.0,3.0,0.6931471805599453,TA,Typ,1.0,TA,Attchd,Unf,2.0,TA,TA,Y,5.680172609017068,2.5649493574615367,0.0,0.0,0.0,0.0,0.0,7.0,2006.0,WD,Normal,11.92504173829169
3.9318256327243257,RM,50.0,5500.0,Reg,Lvl,Corner,OldTown,Norm,1Fam,1.5Fin,5.0,7.0,1929.0,2001.0,Gable,CompShg,Wd Sdng,Wd Sdng,BrkFace,0.0,TA,TA,BrkTil,TA,TA,No,LwQ,234.0,6.541029999189902,0.0,926.0,GasA,TA,Y,SBrkr,0.0,5.968707559985366,1316.0,1.0,0.0,1.0,0.0,3.0,0.6931471805599453,TA,Typ,0.0,Gd,Detchd,Unf,2.0,TA,TA,Y,0.0,0.0,0.0,0.0,0.0,0.0,0.0,4.0,2010.0,WD,Normal,11.775297421715827
3.4339872044851463,RM,30.0,5232.0,IR3,Bnk,Inside,OldTown,Artery,1Fam,1Story,5.0,5.0,1925.0,2004.0,Gable,CompShg,Wd Sdng,Wd Sdng,BrkFace,0.0,TA,TA,BrkTil,Fa,TA,No,Unf,0.0,0.0,6.523562306149512,680.0,GasA,Gd,N,FuseP,0.0,-1.3877787807814457e-17,764.0,0.0,0.0,1.0,0.0,2.0,0.6931471805599453,TA,Typ,0.0,Gd,Detchd,Unf,2.0,TA,TA,N,0.0,0.0,0.0,0.0,0.0,0.0,0.0,6.0,2008.0,WD,Normal,11.19822841866684
3.044522437723423,RL,78.0,12090.0,IR1,Lvl,Inside,NWAmes,Norm,1Fam,1Story,6.0,6.0,1981.0,1981.0,Gable,CompShg,MetalSd,MetalSd,BrkFace,5.3518581334760675,TA,Gd,CBlock,Gd,TA,No,GLQ,588.0,5.433722003554239,6.408528791059498,1422.0,GasA,TA,Y,SBrkr,0.0,-1.3877787807814457e-17,1422.0,0.0,0.0,2.0,0.0,3.0,0.6931471805599453,Gd,Typ,1.0,TA,Attchd,Fin,2.0,TA,TA,Y,5.624017506187339,0.0,0.0,0.0,0.0,0.0,0.0,6.0,2008.0,WD,Normal,12.075400019877522
4.110873864173311,RL,70.0,11207.0,IR1,HLS,FR2,Gilbert,Norm,1Fam,2Story,6.0,5.0,1997.0,1997.0,Gable,CompShg,VinylSd,VinylSd,BrkFace,0.0,TA,TA,PConc,Gd,TA,Av,GLQ,714.0,0.0,4.48863636973214,802.0,GasA,Gd,Y,SBrkr,6.565264970035361,-1.3877787807814457e-17,1511.0,1.0,0.0,2.0,1.0,3.0,0.6931471805599453,TA,Typ,1.0,TA,Attchd,Fin,2.0,TA,TA,Y,4.564348191467836,4.330733340286331,0.0,0.0,0.0,0.0,0.0,6.0,2006.0,WD,Normal,12.128116509451258
4.330733340286331,RL,60.0,8400.0,Reg,Bnk,Inside,SWISU,Norm,1Fam,2.5Fin,5.0,7.5,1939.0,1997.0,Gable,CompShg,Wd Sdng,Wd Sdng,BrkFace,0.0,TA,TA,PConc,TA,TA,No,LwQ,378.0,0.0,5.8377304471659395,720.0,GasA,Ex,Y,SBrkr,6.580639137284949,6.042632833682381,2192.0,0.0,0.0,2.0,1.0,4.0,0.6931471805599453,Gd,Typ,1.0,Gd,Detchd,Unf,1.0,TA,TA,Y,5.572154032177765,3.2188758248682006,0.0,0.0,0.0,0.0,0.0,7.0,2008.0,WD,Normal,12.097936057925594
3.4339872044851463,RM,71.0,6900.0,Reg,Lvl,Inside,IDOTRR,Norm,1Fam,1Story,5.0,6.0,1940.0,1955.0,Gable,CompShg,VinylSd,VinylSd,BrkFace,0.0,TA,TA,CBlock,TA,TA,No,ALQ,403.0,4.836281906951477,5.3612921657094255,740.0,GasA,Ex,Y,SBrkr,0.0,-1.3877787807814457e-17,778.0,0.0,0.0,1.0,0.0,2.0,0.6931471805599453,TA,Typ,1.0,Gd,Detchd,Fin,1.0,Ex,Ex,Y,0.0,3.258096538021482,0.0,0.0,0.0,0.0,0.0,2.0,2008.0,WD,Normal,11.699413330633599
3.044522437723423,RL,79.4,7917.0,IR1,Lvl,Corner,Edwards,Norm,1Fam,1Story,6.0,7.0,1976.0,1976.0,Hip,CompShg,HdBoard,HdBoard,BrkFace,5.1647859739235145,TA,Gd,CBlock,TA,Gd,No,BLQ,751.0,0.0,5.973809611869261,1143.0,GasA,TA,Y,SBrkr,0.0,-1.3877787807814457e-17,1113.0,1.0,0.0,1.0,1.0,3.0,0.6931471805599453,TA,Typ,1.0,Fa,Attchd,RFn,1.0,TA,Gd,Y,5.916202062607435,3.4339872044851463,0.0,0.0,0.0,0.0,0.0,5.0,2007.0,WD,Normal,11.904974309480183
4.110873864173311,FV,84.0,10728.0,Reg,Lvl,Inside,Somerst,Norm,1Fam,2Story,8.0,5.0,2006.0,2006.0,Gable,CompShg,VinylSd,VinylSd,BrkFace,0.0,Gd,TA,PConc,Gd,TA,Mn,Unf,0.0,0.0,6.999422467507961,1095.0,GasA,Gd,Y,SBrkr,6.739336627357174,-1.3877787807814457e-17,1939.0,0.0,0.0,2.0,1.0,3.0,0.6931471805599453,Gd,Typ,1.0,Gd,Attchd,RFn,3.0,TA,TA,Y,5.262690188904886,3.9512437185814275,0.0,0.0,0.0,0.0,0.0,8.0,2006.0,New,Partial,12.491255347155265
3.044522437723423,RL,73.0,17673.5,IR1,Low,CulDSac,ClearCr,Norm,1Fam,1Story,7.0,7.0,1954.0,2005.0,Flat,Membran,Plywood,Plywood,BrkFace,0.0,TA,TA,CBlock,Gd,TA,Gd,LwQ,226.0,6.96979066990159,4.574710978503383,1385.0,GasA,Ex,Y,SBrkr,0.0,-1.3877787807814457e-17,1363.0,1.0,0.0,1.0,0.0,2.0,0.6931471805599453,TA,Mod,2.0,TA,Attchd,Unf,2.0,TA,TA,Y,4.406719247264253,0.0,0.0,0.0,0.0,0.0,0.0,4.0,2008.0,WD,Normal,12.394628892852941
4.110873864173311,RL,92.0,11764.0,IR1,Lvl,CulDSac,NoRidge,Norm,1Fam,2Story,8.0,7.0,1999.0,2007.0,Gable,CompShg,VinylSd,VinylSd,BrkFace,5.855071922202427,Gd,TA,PConc,Gd,TA,No,GLQ,524.0,0.0,6.444131256700441,1152.0,GasA,Ex,Y,SBrkr,7.009408932708636,-1.3877787807814457e-17,2270.0,0.0,0.0,2.0,1.0,4.0,0.6931471805599453,Gd,Typ,1.0,Gd,Attchd,Fin,3.0,TA,TA,Y,4.890349128221754,4.060443010546419,0.0,0.0,0.0,0.0,0.0,4.0,2010.0,WD,Normal,12.577639650232573
3.044522437723423,RL,80.0,9600.0,Reg,Lvl,Inside,NAmes,Feedr,1Fam,1Story,6.0,6.0,1958.0,1988.0,Hip,CompShg,Wd Sdng,Wd Sdng,BrkCmn,5.214935757608986,TA,TA,CBlock,TA,TA,No,Rec,620.0,6.431331081933479,0.0,1240.0,GasA,Gd,Y,SBrkr,0.0,-1.3877787807814457e-17,1632.0,1.0,0.0,2.0,0.0,3.0,0.6931471805599453,TA,Min1,1.0,Gd,Attchd,RFn,1.0,TA,TA,Y,5.66988092298052,0.0,0.0,0.0,0.0,0.0,0.0,4.0,2009.0,WD,Normal,11.842236406331555
3.044522437723423,RL,76.0,8314.0,Reg,Lvl,Corner,Mitchel,Norm,1Fam,1Story,5.0,7.0,1982.0,1982.0,Gable,CompShg,HdBoard,ImStucc,BrkFace,0.0,TA,TA,CBlock,TA,TA,Gd,ALQ,546.0,0.0,5.602118820879701,816.0,GasA,TA,Y,SBrkr,0.0,-1.3877787807814457e-17,816.0,0.0,0.0,1.0,0.0,2.0,0.6931471805599453,TA,Typ,0.0,Gd,Attchd,Unf,1.0,TA,TA,Y,5.1298987149230735,0.0,0.0,0.0,0.0,0.0,0.0,6.0,2007.0,WD,Normal,11.732069026983156
3.9318256327243257,RL,55.0,7264.0,Reg,Lvl,Inside,BrkSide,Norm,1Fam,1.5Fin,7.0,7.0,1925.0,2007.0,Gable,CompShg,Wd Sdng,Wd Sdng,BrkFace,0.0,Gd,Gd,BrkTil,TA,TA,No,Unf,0.0,0.0,6.859614903654202,952.0,GasW,Gd,N,SBrkr,6.391917113392602,-1.3877787807814457e-17,1548.0,0.0,0.0,2.0,1.0,3.0,0.6931471805599453,Ex,Typ,0.0,Gd,Detchd,Unf,2.0,TA,TA,Y,4.31748811353631,0.0,0.0,0.0,4.976733742420574,0.0,0.0,10.0,2009.0,WD,Normal,12.230770136157428
3.044522437723423,RL,111.5,9196.0,IR1,Lvl,Inside,Mitchel,Norm,1Fam,1Story,7.0,5.0,2003.0,2003.0,Gable,CompShg,VinylSd,VinylSd,BrkFace,0.0,Gd,TA,PConc,Ex,TA,No,Unf,0.0,0.0,7.353081920515432,1560.0,GasA,Ex,Y,SBrkr,0.0,-1.3877787807814457e-17,1560.0,0.0,0.0,2.0,0.0,3.0,0.6931471805599453,Gd,Typ,0.0,Gd,Attchd,Fin,2.0,TA,TA,Y,4.61512051684126,5.017279836814924,0.0,0.0,0.0,0.0,0.0,4.0,2010.0,WD,Normal,12.211065162153215
3.044522437723423,RL,111.5,17673.5,Reg,Lvl,Corner,Gilbert,Norm,1Fam,1Story,4.0,5.0,1951.0,1951.0,Gable,CompShg,VinylSd,VinylSd,BrkFace,0.0,TA,TA,CBlock,TA,TA,No,LwQ,120.0,0.0,6.61338421837956,864.0,GasA,Ex,Y,SBrkr,0.0,-1.3877787807814457e-17,864.0,0.0,0.0,1.0,0.0,2.0,0.6931471805599453,TA,Typ,0.0,Gd,Detchd,Unf,2.0,TA,TA,Y,0.0,0.0,0.0,0.0,0.0,0.0,0.0,6.0,2010.0,WD,Normal,11.856522261533737
3.044522437723423,RL,107.0,14450.0,Reg,Lvl,Inside,NridgHt,Norm,1Fam,1Story,9.0,5.0,2006.0,2007.0,Gable,CompShg,CemntBd,CmentBd,BrkFace,5.755742213586912,Ex,TA,PConc,Ex,TA,Gd,Unf,0.0,0.0,7.430410654501705,2052.0,GasA,Ex,Y,SBrkr,0.0,-1.3877787807814457e-17,2121.0,0.0,0.0,2.0,1.0,3.0,0.6931471805599453,Ex,Typ,1.0,Ex,Attchd,Fin,3.0,TA,TA,Y,4.8283137373023015,4.59511985013459,0.0,0.0,4.962844630259907,0.0,0.0,5.0,2007.0,New,Partial,12.936754021718041
4.110873864173311,RL,83.0,10005.0,Reg,Lvl,Inside,ClearCr,Norm,1Fam,2Story,7.0,5.0,1977.0,1977.0,Hip,CompShg,Plywood,Plywood,BrkFace,5.703782474656201,TA,TA,CBlock,Gd,TA,No,BLQ,392.0,0.0,6.645090969505644,1160.0,GasA,Ex,Y,SBrkr,6.7650389767805414,-1.3877787807814457e-17,2022.0,0.0,0.0,2.0,1.0,4.0,0.6931471805599453,TA,Typ,1.0,TA,Attchd,Fin,2.0,TA,TA,Y,5.666426688112432,4.770684624465665,0.0,0.0,0.0,0.0,0.0,2.9999999999999996,2008.0,WD,Normal,12.165255859329688
4.110873864173311,RL,82.0,11287.0,Reg,Lvl,Inside,SawyerW,Norm,1Fam,2Story,7.0,6.0,1989.0,1989.0,Gable,CompShg,Plywood,Plywood,BrkFace,5.831882477283517,Gd,TA,CBlock,Gd,TA,Av,GLQ,421.0,0.0,5.958424693029782,807.0,GasA,Gd,Y,SBrkr,6.694562058521095,-1.3877787807814457e-17,1982.0,0.0,0.0,2.0,1.0,3.0,0.6931471805599453,Gd,Typ,1.0,TA,Attchd,Fin,2.0,TA,TA,Y,0.0,4.442651256490317,0.0,5.2832037287379885,0.0,0.0,0.0,1.0,2007.0,WD,Normal,12.339295865674435
3.044522437723423,FV,60.0,7200.0,Reg,Lvl,Inside,Somerst,Norm,1Fam,1Story,6.0,5.0,2006.0,2006.0,Gable,CompShg,VinylSd,VinylSd,Stone,4.23410650459726,Gd,TA,PConc,Gd,TA,No,GLQ,905.0,0.0,5.8805329864007,1262.0,GasA,Gd,Y,SBrkr,0.0,-1.3877787807814457e-17,1262.0,0.0,0.0,2.0,0.0,2.0,0.6931471805599453,Gd,Typ,0.0,Gd,Attchd,Fin,2.0,TA,TA,Y,0.0,4.795790545596741,0.0,0.0,0.0,0.0,0.0,5.0,2006.0,New,Partial,12.128116509451258
4.795790545596741,RL,34.0,5063.0,Reg,Lvl,Inside,NridgHt,Norm,Twnhs,1Story,7.0,5.0,2007.0,2008.0,Gable,CompShg,VinylSd,VinylSd,Stone,5.117993812416755,Gd,TA,PConc,Gd,TA,No,GLQ,904.0,0.0,6.018593214496234,1314.0,GasA,Ex,Y,SBrkr,0.0,-1.3877787807814457e-17,1314.0,1.0,0.0,2.0,0.0,2.0,0.6931471805599453,Gd,Typ,1.0,Gd,Attchd,RFn,2.0,TA,TA,Y,5.153291594497779,4.143134726391533,0.0,0.0,0.0,0.0,0.0,4.0,2009.0,ConLw,Normal,12.242891437918386
3.044522437723423,RL,74.0,9612.0,Reg,Lvl,Inside,Somerst,Feedr,1Fam,1Story,8.0,5.0,2008.0,2009.0,Gable,CompShg,VinylSd,VinylSd,Stone,4.290459441148391,Gd,TA,PConc,Gd,TA,No,Unf,0.0,0.0,7.292337176173877,1468.0,GasA,Ex,Y,SBrkr,0.0,-1.3877787807814457e-17,1468.0,0.0,0.0,2.0,0.0,3.0,0.6931471805599453,Gd,Typ,1.0,Gd,Attchd,Fin,3.0,TA,TA,Y,5.351858133476067,5.017279836814924,0.0,0.0,0.0,0.0,0.0,12.0,2009.0,New,Partial,12.407383590534293
4.795790545596741,RL,50.0,8012.0,Reg,Lvl,Inside,SawyerW,Norm,TwnhsE,1Story,6.0,5.0,1992.0,1992.0,Gable,CompShg,Plywood,ImStucc,BrkFace,0.0,Gd,TA,PConc,Gd,TA,No,GLQ,430.0,0.0,7.044032897274685,1575.0,GasA,Gd,Y,SBrkr,0.0,-1.3877787807814457e-17,1575.0,1.0,0.0,2.0,0.0,2.0,0.6931471805599453,Gd,Typ,0.0,Gd,Attchd,RFn,2.0,TA,TA,Y,0.0,0.0,3.970291913552122,0.0,0.0,0.0,0.0,7.0,2007.0,WD,Normal,12.09626335986454
4.983606621708336,FV,35.0,4251.0,IR1,Lvl,Inside,Somerst,Norm,TwnhsE,2Story,7.0,5.0,2006.0,2007.0,Gable,CompShg,MetalSd,MetalSd,BrkFace,0.0,Gd,TA,PConc,Gd,TA,No,Unf,0.0,0.0,6.439350371100098,625.0,GasA,Ex,Y,SBrkr,6.439350371100099,-1.3877787807814457e-17,1250.0,0.0,0.0,2.0,1.0,2.0,0.6931471805599453,Gd,Typ,0.0,Gd,Detchd,RFn,2.0,TA,TA,Y,0.0,4.007333185232471,0.0,0.0,0.0,0.0,0.0,6.0,2007.0,New,Partial,12.011886987792716
3.9318256327243257,RL,77.0,9786.0,IR1,Bnk,Inside,NAmes,Norm,1Fam,1.5Fin,6.0,7.0,1962.0,1981.0,Gable,CompShg,Wd Sdng,Wd Sdng,BrkFace,0.0,TA,TA,CBlock,TA,TA,No,Rec,600.0,0.0,5.746203190540153,912.0,GasA,TA,Y,SBrkr,6.476972362889683,-1.3877787807814457e-17,1734.0,0.0,0.0,1.0,1.0,3.0,0.6931471805599453,Gd,Typ,1.0,Gd,Attchd,RFn,2.0,TA,TA,Y,0.0,0.0,0.0,0.0,4.859812404361672,0.0,0.0,6.0,2006.0,WD,Normal,11.976665770490767
3.044522437723423,RL,67.8,8125.0,IR1,Lvl,Corner,NAmes,Norm,1Fam,1Story,4.0,4.0,1971.0,1971.0,Gable,CompShg,HdBoard,HdBoard,BrkFace,0.0,TA,TA,CBlock,TA,TA,No,BLQ,614.0,0.0,5.501258210544727,858.0,GasA,TA,Y,SBrkr,0.0,-1.3877787807814457e-17,858.0,0.0,0.0,1.0,0.0,3.0,0.6931471805599453,TA,Typ,0.0,Gd,Attchd,Unf,-2.220446049250313e-16,TA,TA,Y,0.0,0.0,0.0,0.0,0.0,0.0,0.0,6.0,2006.0,WD,Normal,11.385103457032141
3.044522437723423,RL,73.6,9819.0,IR1,Lvl,Inside,Sawyer,Norm,1Fam,1Story,5.0,5.0,1967.0,1967.0,Gable,CompShg,MetalSd,MetalSd,BrkFace,3.465735902799727,TA,Gd,CBlock,TA,TA,No,BLQ,450.0,0.0,6.07073772800249,882.0,GasA,TA,Y,SBrkr,0.0,-1.3877787807814457e-17,900.0,0.0,0.0,1.0,0.0,3.0,0.6931471805599453,TA,Typ,0.0,Gd,Detchd,Unf,1.0,TA,TA,Y,0.0,0.0,0.0,0.0,0.0,0.0,0.0,2.0,2010.0,WD,Normal,11.711784520403112
4.2626798770413155,RL,60.0,8730.0,Reg,Lvl,Inside,BrkSide,RRAn,1Fam,2Story,6.0,7.0,1915.0,2003.0,Gable,CompShg,Wd Sdng,Wd Sdng,BrkFace,0.0,TA,TA,BrkTil,TA,TA,No,Unf,0.0,0.0,6.54965074223381,698.0,GasA,Ex,Y,FuseA,6.54965074223381,-1.3877787807814457e-17,1396.0,0.0,0.0,1.0,0.0,3.0,0.6931471805599453,TA,Typ,0.0,Gd,Detchd,Unf,1.0,TA,TA,Y,0.0,0.0,0.0,0.0,5.560681631015528,0.0,0.0,7.0,2007.0,WD,Normal,11.941950837487406
4.110873864173311,RL,111.5,15611.0,Reg,Lvl,Inside,CollgCr,Norm,1Fam,2Story,8.0,5.0,2006.0,2006.0,Gable,CompShg,VinylSd,VinylSd,BrkFace,0.0,Gd,TA,PConc,Gd,TA,Av,Unf,0.0,0.0,6.984716320118266,1079.0,GasA,Ex,Y,SBrkr,6.734591659972948,-1.3877787807814457e-17,1919.0,0.0,0.0,2.0,1.0,3.0,0.6931471805599453,Gd,Typ,1.0,Gd,Attchd,RFn,2.0,Gd,TA,Y,0.0,3.9512437185814275,0.0,0.0,0.0,0.0,0.0,7.0,2006.0,New,Partial,12.359784657728284
4.983606621708336,RL,55.0,5687.0,Reg,Bnk,Inside,SWISU,Norm,2fmCon,2Story,5.0,6.0,1912.0,2000.0,Gable,CompShg,VinylSd,VinylSd,BrkFace,0.0,TA,Fa,PConc,TA,Fa,No,Rec,209.99999999999997,0.0,6.3473892096560105,780.0,GasA,Ex,N,SBrkr,6.660575149839686,-1.3877787807814457e-17,1716.0,1.0,0.0,2.0,0.0,4.5,0.6931471805599453,Fa,Typ,0.0,Gd,Attchd,Unf,-2.220446049250313e-16,TA,TA,N,0.0,5.14166355650266,0.0,0.0,0.0,0.0,0.0,2.9999999999999996,2008.0,WD,Normal,11.819681958463892
3.9318256327243257,RL,60.0,11409.0,Reg,Lvl,Inside,Edwards,Norm,1Fam,1.5Fin,5.0,4.0,1949.0,2008.0,Gable,CompShg,Wd Sdng,Wd Sdng,BrkFace,0.0,TA,TA,CBlock,TA,TA,No,LwQ,292.0,0.0,6.1675164908883415,768.0,GasA,Gd,Y,SBrkr,6.343880434126331,-1.3877787807814457e-17,1716.0,0.0,0.0,1.0,1.0,3.0,0.6931471805599453,TA,Min2,1.0,Gd,Attchd,Unf,1.0,TA,TA,Y,0.0,0.0,0.0,0.0,5.081404364984463,0.0,0.0,1.0,2009.0,WD,Normal,11.782960235741939
4.110873864173311,RL,69.8,16659.0,IR1,Lvl,Corner,NWAmes,PosA,1Fam,2Story,7.0,7.0,1977.0,1994.0,Gable,CompShg,Plywood,Plywood,BrkFace,3.5553480614894135,TA,TA,CBlock,TA,TA,No,ALQ,795.0,0.0,0.0,795.0,GasA,Fa,Y,SBrkr,6.679599185844383,-1.3877787807814457e-17,2263.0,1.0,0.0,2.0,1.0,3.0,0.6931471805599453,Gd,Typ,1.0,TA,Attchd,Fin,2.0,TA,TA,Y,0.0,5.14166355650266,0.0,0.0,0.0,0.0,0.0,2.9999999999999996,2006.0,WD,Normal,12.367345048436391
3.044522437723423,RL,80.0,9600.0,Reg,Lvl,Inside,NAmes,Norm,1Fam,1Story,6.0,5.0,1953.0,1953.0,Hip,CompShg,HdBoard,HdBoard,Stone,5.476463551931511,TA,TA,CBlock,TA,TA,No,GLQ,1285.0,0.0,4.882801922586371,1416.0,GasA,TA,Y,SBrkr,0.0,-1.3877787807814457e-17,1644.0,1.0,0.0,1.0,0.0,3.0,0.6931471805599453,TA,Typ,2.0,Gd,Attchd,Fin,2.0,TA,TA,Y,4.709530201312334,0.0,0.0,0.0,0.0,0.0,0.0,10.0,2009.0,WD,Normal,12.025755079404917
4.394449154672439,RL,37.0,7937.0,IR1,Lvl,CulDSac,Mitchel,Norm,1Fam,SLvl,6.0,6.0,1984.0,1984.0,Gable,CompShg,HdBoard,HdBoard,BrkFace,0.0,TA,TA,CBlock,TA,TA,Av,GLQ,819.0,0.0,5.220355825078324,1003.0,GasA,TA,Y,SBrkr,0.0,-1.3877787807814457e-17,1003.0,1.0,0.0,1.0,0.0,3.0,0.6931471805599453,TA,Typ,0.0,Gd,Detchd,Unf,2.0,TA,TA,Y,4.795790545596741,0.0,0.0,0.0,0.0,0.0,0.0,2.9999999999999996,2006.0,WD,Normal,11.86710429621008
3.9318256327243257,RM,75.0,13710.0,Reg,Lvl,Inside,IDOTRR,Norm,1Fam,1.5Fin,5.0,5.0,1950.0,1950.0,Gable,CompShg,Wd Sdng,Wd Sdng,BrkFace,0.0,TA,TA,CBlock,TA,TA,No,BLQ,420.0,0.0,6.19644412779452,910.0,GasA,TA,Y,FuseA,6.47543271670409,-1.3877787807814457e-17,1558.0,0.0,0.0,1.0,1.0,4.0,0.6931471805599453,TA,Typ,0.0,Gd,Attchd,Unf,1.0,TA,TA,Y,5.66988092298052,0.0,0.0,0.0,0.0,0.0,0.0,6.0,2007.0,WD,Normal,11.931642378754141
4.110873864173311,FV,66.0,7399.0,IR1,Lvl,Inside,Somerst,Norm,1Fam,2Story,7.0,5.0,1997.0,1998.0,Hip,CompShg,VinylSd,VinylSd,BrkFace,6.030685260261263,Gd,TA,PConc,Gd,TA,No,BLQ,649.0,0.0,5.7899601708972535,975.0,GasA,Ex,Y,SBrkr,6.883462586413092,-1.3877787807814457e-17,1950.0,0.0,0.0,2.0,1.0,3.0,0.6931471805599453,Gd,Typ,1.0,TA,Detchd,RFn,2.0,TA,TA,Y,0.0,2.3978952727983707,0.0,0.0,5.293304824724492,0.0,0.0,6.0,2007.0,WD,Normal,12.384223015005313
4.110873864173311,RL,90.0,11700.0,Reg,Lvl,Inside,NWAmes,Norm,1Fam,2Story,6.0,6.0,1968.0,1968.0,Mansard,CompShg,HdBoard,AsphShn,BrkFace,5.902633333401366,Gd,TA,CBlock,TA,TA,No,ALQ,384.0,5.1704839950381505,4.969813299576001,702.0,GasA,Gd,Y,SBrkr,6.555356891810665,-1.3877787807814457e-17,1743.0,0.0,0.6931471805599452,1.0,2.0,3.0,0.6931471805599453,TA,Typ,1.0,Gd,Attchd,Unf,2.0,TA,TA,Y,5.41610040220442,0.0,0.0,0.0,0.0,0.0,0.0,6.0,2007.0,WD,Normal,12.07254696717504
3.044522437723423,RL,80.0,14000.0,Reg,Lvl,Inside,Crawfor,Norm,1Fam,1Story,6.0,7.5,1950.0,2004.0,Gable,CompShg,HdBoard,HdBoard,BrkFace,0.0,TA,Gd,CBlock,TA,TA,No,Unf,0.0,0.0,6.996681488176539,1092.0,GasA,Ex,Y,SBrkr,0.0,-1.3877787807814457e-17,1152.0,0.0,0.6931471805599452,1.0,0.0,3.0,0.6931471805599453,Gd,Typ,1.0,Gd,Attchd,Unf,1.0,TA,TA,Y,0.0,3.6109179126442243,0.0,0.0,0.0,0.0,0.0,8.0,2009.0,WD,Family,11.973516181427835
4.983606621708336,RL,90.0,15750.0,Reg,Lvl,Corner,Crawfor,Norm,2fmCon,1Story,5.0,5.0,1953.0,1953.0,Hip,CompShg,MetalSd,MetalSd,BrkFace,4.04305126783455,TA,TA,CBlock,TA,TA,Mn,BLQ,841.0,0.0,5.783825182329737,1165.0,GasA,TA,Y,SBrkr,0.0,-1.3877787807814457e-17,1336.0,1.0,0.0,1.0,0.0,2.0,0.6931471805599453,TA,Typ,2.0,Gd,Attchd,Unf,1.0,TA,TA,Y,0.0,0.0,0.0,0.0,0.0,0.0,0.0,6.0,2006.0,WD,Normal,11.964007453736912
4.110873864173311,RL,66.0,16226.0,IR3,Lvl,Inside,CollgCr,Norm,1Fam,2Story,8.0,5.0,1998.0,1999.0,Gable,CompShg,VinylSd,VinylSd,BrkFace,0.0,Gd,TA,PConc,Gd,TA,No,GLQ,281.0,0.0,6.617402977974478,1028.0,GasA,Ex,Y,SBrkr,7.1252830915107115,-1.3877787807814457e-17,2452.0,0.0,0.0,2.0,1.0,4.0,0.6931471805599453,Gd,Typ,1.0,TA,BuiltIn,Fin,2.0,TA,TA,Y,5.342334251964811,3.9318256327243257,0.0,0.0,0.0,0.0,0.0,5.0,2007.0,WD,Normal,12.495007682693725
3.044522437723423,RL,111.5,13704.0,IR1,Lvl,Corner,CollgCr,Norm,1Fam,1Story,7.0,5.0,2001.0,2002.0,Gable,CompShg,VinylSd,VinylSd,BrkFace,5.017279836814924,Gd,TA,PConc,Gd,TA,No,Unf,0.0,0.0,7.340835554123275,1541.0,GasA,Ex,Y,SBrkr,0.0,-1.3877787807814457e-17,1541.0,0.0,0.0,2.0,0.0,3.0,0.6931471805599453,Gd,Typ,1.0,TA,Attchd,RFn,3.0,TA,TA,Y,6.042632833682381,4.406719247264253,0.0,0.0,0.0,0.0,0.0,1.0,2006.0,WD,Normal,12.230770136157428
3.044522437723423,RL,70.0,9800.0,Reg,Lvl,Corner,CollgCr,Norm,1Fam,1Story,5.0,7.0,1972.0,1972.0,Gable,CompShg,VinylSd,VinylSd,BrkFace,0.0,TA,TA,PConc,TA,TA,No,ALQ,894.0,0.0,0.0,894.0,GasA,TA,Y,SBrkr,0.0,-1.3877787807814457e-17,894.0,1.0,0.0,1.0,0.0,3.0,0.6931471805599453,TA,Typ,0.0,Gd,Attchd,Unf,2.0,TA,TA,Y,5.54907608489522,0.0,0.0,0.0,0.0,0.0,0.0,7.0,2006.0,WD,Abnorml,11.917730355182513
4.330733340286331,RM,87.0,17673.5,Reg,Lvl,Inside,OldTown,Norm,1Fam,2.5Fin,7.0,7.5,1885.0,2002.0,Gable,CompShg,CemntBd,CmentBd,BrkFace,0.0,TA,TA,BrkTil,TA,TA,No,Unf,0.0,0.0,7.293697720601438,1470.0,GasA,Ex,Y,SBrkr,7.506042178518122,-1.3877787807814457e-17,2747.625,0.0,0.0,3.0,0.0,3.0,0.6931471805599453,Gd,Typ,1.0,Ex,Attchd,Unf,3.0,TA,TA,Y,5.713732805509369,0.0,0.0,0.0,0.0,0.0,0.0,5.0,2008.0,WD,Normal,12.59473402514672
3.044522437723423,RL,80.0,10386.0,Reg,Lvl,Inside,CollgCr,Norm,1Fam,1Story,8.0,5.0,2004.0,2005.0,Gable,CompShg,CemntBd,CmentBd,Stone,5.5093883366279774,Gd,TA,PConc,Gd,TA,No,GLQ,1464.0,0.0,6.285998094508865,2000.0,GasA,Ex,Y,SBrkr,0.0,-1.3877787807814457e-17,2000.0,1.0,0.0,2.0,0.0,3.0,0.6931471805599453,Gd,Typ,0.0,Gd,Attchd,Fin,3.0,TA,TA,Y,5.1298987149230735,0.0,0.0,0.0,0.0,0.0,0.0,7.0,2007.0,WD,Normal,12.631016799175821
4.110873864173311,RL,111.5,13474.0,Reg,Lvl,Inside,SawyerW,Feedr,1Fam,2Story,7.0,5.0,1990.0,1991.0,Gable,CompShg,HdBoard,Plywood,BrkFace,5.5093883366279774,Gd,TA,CBlock,Gd,TA,No,ALQ,700.0,0.0,0.0,700.0,GasA,Gd,Y,SBrkr,7.0228680860826405,-1.3877787807814457e-17,2243.0,1.0,0.0,2.0,1.0,4.0,0.6931471805599453,Gd,Typ,1.0,TA,Attchd,RFn,3.0,TA,TA,Y,4.852030263919617,3.8066624897703196,5.41610040220442,0.0,0.0,0.0,0.0,6.0,2007.0,WD,Normal,12.323860125621126
3.9318256327243257,RM,56.2,7920.0,IR1,Lvl,Inside,IDOTRR,Artery,1Fam,1.5Fin,6.0,7.0,1920.0,1950.0,Gable,CompShg,MetalSd,MetalSd,BrkFace,0.0,TA,Fa,CBlock,TA,TA,No,Unf,0.0,0.0,5.768320995793772,319.0,GasA,TA,Y,FuseA,5.918893854273146,-1.3877787807814457e-17,1406.0,0.0,0.0,1.0,0.0,3.0,0.6931471805599453,Fa,Typ,0.0,Gd,Attchd,Unf,-2.220446049250313e-16,TA,TA,N,0.0,4.976733742420574,0.0,0.0,0.0,0.0,0.0,2.9999999999999996,2008.0,WD,Normal,11.402005077384885
3.4339872044851463,RL,81.5,12342.0,IR1,Lvl,Inside,Edwards,Norm,1Fam,1Story,4.0,5.0,1940.0,1950.0,Gable,CompShg,VinylSd,VinylSd,BrkFace,0.0,TA,TA,CBlock,TA,TA,No,BLQ,262.0,0.0,6.396929655216146,861.0,GasA,Ex,Y,SBrkr,0.0,-1.3877787807814457e-17,861.0,0.0,0.0,1.0,0.0,1.0,0.6931471805599453,TA,Typ,0.0,Gd,Detchd,Unf,2.0,TA,TA,Y,5.0689042022202315,0.0,0.0,0.0,0.0,0.0,0.0,2.9999999999999996,2009.0,WD,Normal,11.320565693461432
3.044522437723423,RL,90.0,12378.0,IR1,Lvl,Inside,NridgHt,Norm,1Fam,1Story,9.0,5.0,2003.0,2004.0,Gable,CompShg,VinylSd,VinylSd,BrkFace,0.0,Gd,TA,PConc,Ex,TA,Gd,GLQ,1274.0,0.0,6.434546518787453,1896.0,GasA,Ex,Y,SBrkr,0.0,-1.3877787807814457e-17,1944.0,1.0,0.0,2.0,0.0,3.0,0.6931471805599453,Ex,Typ,2.5,Ex,Attchd,Fin,3.0,TA,TA,Y,5.342334251964811,5.14166355650266,0.0,0.0,0.0,0.0,0.0,11.0,2006.0,WD,Normal,12.793862088206213
4.110873864173311,RL,69.4,7685.0,IR1,Lvl,Inside,Gilbert,Norm,1Fam,2Story,6.0,5.0,1993.0,1994.0,Gable,CompShg,HdBoard,HdBoard,BrkFace,4.727387818712341,TA,TA,PConc,Gd,TA,No,ALQ,518.0,0.0,5.19295685089021,697.0,GasA,Gd,Y,SBrkr,6.690842277418564,-1.3877787807814457e-17,1501.0,0.0,0.0,2.0,1.0,3.0,0.6931471805599453,Gd,Typ,1.0,TA,Attchd,Fin,2.0,TA,TA,Y,5.25227342804663,4.1588830833596715,0.0,0.0,0.0,0.0,0.0,5.0,2006.0,WD,Normal,12.017336559562407
3.044522437723423,RL,50.0,8000.0,Reg,Lvl,Inside,NAmes,Norm,1Fam,1Story,6.0,6.0,1948.0,2002.0,Gable,CompShg,VinylSd,VinylSd,BrkFace,0.0,TA,Gd,CBlock,TA,TA,No,ALQ,680.0,0.0,5.680172609017068,972.0,GasA,Ex,Y,SBrkr,0.0,-1.3877787807814457e-17,972.0,1.0,0.0,1.0,0.0,2.0,0.6931471805599453,TA,Typ,1.0,Gd,Detchd,Unf,1.0,TA,TA,Y,0.0,0.0,0.0,0.0,0.0,0.0,0.0,5.0,2009.0,WD,Normal,11.790564777297387
4.983606621708336,RM,65.0,7800.0,Reg,Lvl,Inside,OldTown,Artery,2fmCon,1.5Fin,5.0,7.0,1939.0,1950.0,Gable,CompShg,MetalSd,MetalSd,BrkFace,0.0,TA,TA,CBlock,Gd,TA,Mn,Rec,507.0,0.0,5.659482215759621,793.0,GasA,TA,Y,SBrkr,5.786897381366708,-1.3877787807814457e-17,1118.0,1.0,0.0,1.0,0.0,3.0,0.6931471805599453,TA,Typ,1.0,Gd,Detchd,Unf,2.0,TA,TA,Y,0.0,0.0,0.0,0.0,5.605802066295998,0.0,0.0,5.0,2006.0,WD,Normal,11.694421681264394
3.044522437723423,RL,111.5,17673.5,IR3,Low,Inside,Timber,Norm,1Fam,1Story,7.0,5.0,1965.0,1965.0,Hip,CompShg,BrkFace,BrkFace,BrkFace,0.0,TA,TA,CBlock,Gd,TA,Gd,ALQ,1236.0,6.710523109452428,4.394449154672439,2052.0,GasW,TA,Y,SBrkr,0.0,-1.3877787807814457e-17,2036.0,2.0,0.0,2.0,0.0,3.0,0.6931471805599453,TA,Typ,2.0,Gd,Attchd,RFn,2.0,TA,TA,Y,0.0,0.0,0.0,0.0,0.0,0.0,0.0,6.0,2009.0,WD,Normal,12.834683971615659
4.2626798770413155,RM,60.0,9600.0,Reg,Lvl,Inside,OldTown,Norm,1Fam,2Story,7.0,7.0,1925.0,1990.0,Gable,CompShg,Wd Sdng,Wd Sdng,BrkFace,0.0,TA,TA,BrkTil,TA,Gd,No,LwQ,16.0,0.0,6.569481420414296,728.0,GasA,Ex,Y,SBrkr,6.697034247666484,-1.3877787807814457e-17,1641.0,0.0,0.6931471805599452,1.0,1.0,3.0,0.6931471805599453,Ex,Typ,1.0,Gd,Detchd,Unf,2.0,Fa,TA,Y,0.0,0.0,5.459585514144159,0.0,0.0,0.0,0.0,8.0,2006.0,WD,Normal,12.08954444723597
4.110873864173311,RL,71.0,7795.0,IR1,Lvl,Inside,Gilbert,Norm,1Fam,2Story,7.0,5.0,2004.0,2005.0,Gable,CompShg,VinylSd,VinylSd,BrkFace,0.0,Gd,TA,PConc,Gd,TA,No,GLQ,425.0,0.0,5.676753802268282,716.0,GasA,Ex,Y,SBrkr,6.57507584059962,-1.3877787807814457e-17,1432.0,1.0,0.0,2.0,1.0,3.0,0.6931471805599453,Gd,Typ,1.0,Gd,Attchd,Fin,2.0,TA,TA,Y,4.61512051684126,3.9512437185814275,0.0,0.0,0.0,0.0,0.0,7.0,2009.0,WD,Normal,12.146858590895919
4.110873864173311,RL,94.0,13005.0,IR1,Lvl,Corner,NWAmes,Norm,1Fam,2Story,7.0,7.0,1980.0,1980.0,Gable,CompShg,CemntBd,CmentBd,BrkFace,5.631211781821365,Gd,TA,CBlock,Gd,TA,No,GLQ,692.0,0.0,5.0369526024136295,845.0,GasA,TA,Y,SBrkr,7.090909822079983,-1.3877787807814457e-17,2353.0,1.0,0.0,2.0,1.0,4.0,0.6931471805599453,Ex,Typ,1.0,TA,Attchd,RFn,2.0,TA,TA,Y,5.666426688112432,5.14166355650266,0.0,0.0,0.0,0.0,0.0,8.0,2009.0,WD,Normal,12.468440756144114
4.110873864173311,FV,75.0,9000.0,Reg,Lvl,Inside,Somerst,Norm,1Fam,2Story,8.0,5.0,2006.0,2006.0,Gable,CompShg,VinylSd,VinylSd,BrkFace,0.0,Gd,TA,PConc,Gd,TA,Av,Unf,0.0,0.0,6.9930151229329605,1088.0,GasA,Ex,Y,SBrkr,6.77078942390898,-1.3877787807814457e-17,1959.0,0.0,0.0,2.0,1.0,3.0,0.6931471805599453,Gd,Typ,1.0,Gd,Attchd,RFn,3.0,TA,TA,Y,5.342334251964811,3.8501476017100584,0.0,0.0,0.0,0.0,0.0,12.0,2007.0,WD,Normal,12.506180941677357
4.110873864173311,RL,90.0,9900.0,Reg,Low,Inside,NoRidge,Norm,1Fam,2Story,7.0,5.0,1993.0,1993.0,Gable,CompShg,HdBoard,HdBoard,BrkFace,5.54907608489522,Gd,TA,PConc,Gd,TA,Gd,GLQ,987.0,0.0,5.8888779583328805,1347.0,GasA,Ex,Y,SBrkr,7.150701457592525,-1.3877787807814457e-17,2646.0,1.0,0.0,2.0,1.0,4.0,0.6931471805599453,Gd,Typ,1.0,TA,Attchd,RFn,3.0,TA,TA,Y,5.831882477283517,4.110873864173311,4.976733742420574,0.0,0.0,0.0,0.0,4.0,2009.0,WD,Normal,12.468440756144114
4.394449154672439,RL,76.0,14115.0,Reg,Lvl,Inside,NWAmes,Norm,1Fam,SLvl,7.0,5.0,1980.0,1980.0,Gable,CompShg,Plywood,Plywood,BrkFace,5.420534999272286,TA,TA,CBlock,Gd,TA,Av,GLQ,1036.0,0.0,5.820082930352362,1372.0,GasA,TA,Y,SBrkr,0.0,-1.3877787807814457e-17,1472.0,1.0,0.0,2.0,0.0,3.0,0.6931471805599453,TA,Typ,2.0,TA,Attchd,Unf,2.0,TA,TA,Y,5.455321115357702,3.8918202981106265,0.0,0.0,0.0,0.0,0.0,6.0,2009.0,WD,Normal,12.141539457711714
4.110873864173311,RL,111.0,16259.0,Reg,Lvl,Corner,NridgHt,Norm,1Fam,2Story,9.0,5.0,2006.0,2006.0,Gable,CompShg,VinylSd,VinylSd,Stone,5.916202062607435,TA,TA,PConc,Ex,Gd,Av,Unf,0.0,0.0,7.1308988302963465,1249.0,GasA,Ex,Y,SBrkr,7.206377291472252,-1.3877787807814457e-17,2596.0,0.0,0.0,3.0,1.0,4.0,0.6931471805599453,Gd,Typ,0.0,Gd,Attchd,RFn,3.0,TA,TA,Y,5.484796933490655,5.043425116919247,0.0,0.0,0.0,0.0,0.0,9.0,2006.0,New,Partial,12.74444728628135
4.110873864173311,RL,99.0,12099.0,IR1,Lvl,Inside,NridgHt,Norm,1Fam,2Story,8.0,5.0,2004.0,2004.0,Gable,CompShg,VinylSd,VinylSd,BrkFace,5.963579343618446,Gd,TA,PConc,Ex,TA,Av,GLQ,970.0,0.0,5.117993812416755,1136.0,GasA,Ex,Y,SBrkr,7.195187320178709,-1.3877787807814457e-17,2468.0,1.0,0.0,2.0,1.0,4.0,0.6931471805599453,Gd,Typ,1.0,Gd,BuiltIn,Fin,3.0,TA,TA,Y,5.2203558250783235,5.043425116919247,0.0,0.0,0.0,0.0,0.0,6.0,2007.0,WD,Normal,12.777055016970678
4.110873864173311,RL,86.0,10380.0,IR1,Lvl,Inside,SawyerW,Norm,1Fam,2Story,7.0,5.0,1986.0,1987.0,Gable,CompShg,Plywood,Plywood,BrkFace,5.15329159449778,Gd,TA,CBlock,TA,TA,Gd,LwQ,28.0,7.29641326877392,0.0,1502.0,GasA,Ex,Y,SBrkr,7.071573364211531,-1.3877787807814457e-17,2730.0,1.0,0.0,2.0,1.0,4.0,0.6931471805599453,Gd,Typ,1.0,TA,Attchd,Fin,2.0,TA,TA,Y,5.308267697401204,4.574710978503383,0.0,0.0,0.0,0.0,0.0,8.0,2007.0,WD,Normal,12.614868865984631
3.044522437723423,RM,49.0,5820.0,Reg,Lvl,Inside,OldTown,Norm,1Fam,1Story,3.0,7.5,1955.0,2005.0,Gable,CompShg,VinylSd,VinylSd,BrkFace,0.0,TA,Gd,CBlock,TA,TA,No,ALQ,256.0,0.0,6.810142450115136,1162.0,GasA,Ex,Y,SBrkr,0.0,-1.3877787807814457e-17,1163.0,1.0,0.0,1.0,0.0,3.0,0.6931471805599453,TA,Typ,0.0,Gd,Attchd,Unf,1.0,Fa,TA,Y,4.962844630259907,4.59511985013459,0.0,0.0,0.0,0.0,0.0,7.0,2006.0,WD,Normal,11.745433036677353
4.394449154672439,RL,96.0,11275.0,Reg,Lvl,Corner,NAmes,PosN,1Fam,SLvl,7.0,7.0,1967.0,2007.0,Mansard,WdShake,Wd Sdng,Wd Sdng,BrkFace,5.707110264748875,Gd,Gd,CBlock,Gd,TA,No,Unf,0.0,0.0,6.566672429803241,710.0,GasA,Ex,Y,SBrkr,6.985641817639207,-1.3877787807814457e-17,2747.625,0.0,0.0,2.0,1.0,4.5,0.6931471805599453,Gd,Typ,1.0,Gd,BuiltIn,Fin,2.0,TA,TA,Y,5.484796933490655,0.0,0.0,0.0,0.0,0.0,0.0,6.0,2010.0,WD,Normal,12.396697137361691
3.828641396489095,RM,50.0,5000.0,Reg,Lvl,Inside,IDOTRR,RRAe,1Fam,1.5Unf,5.0,6.0,1941.0,1950.0,Gable,CompShg,MetalSd,MetalSd,BrkFace,0.0,TA,TA,CBlock,TA,TA,Av,BLQ,116.0,0.0,6.405228458030842,720.0,GasA,Po,N,FuseF,0.0,-1.3877787807814457e-17,803.0,0.0,0.0,1.0,0.0,2.0,0.6931471805599453,TA,Typ,0.0,Gd,Detchd,Unf,2.0,TA,TA,Y,0.0,0.0,5.501258210544727,0.0,0.0,0.0,0.0,12.0,2007.0,WD,Normal,11.373674891823535
4.795790545596741,RL,32.0,10846.0,IR1,Lvl,CulDSac,Veenker,Norm,TwnhsE,1Story,8.0,5.0,1993.0,1993.0,Gable,CompShg,BrkFace,BrkFace,BrkFace,0.0,Gd,TA,PConc,Gd,TA,Gd,GLQ,1619.0,0.0,4.61512051684126,1719.0,GasA,Ex,Y,SBrkr,0.0,-1.3877787807814457e-17,1719.0,2.0,0.0,1.0,1.0,1.0,0.6931471805599453,Gd,Typ,2.0,Gd,Attchd,Fin,2.0,TA,TA,Y,4.812184355372417,3.4339872044851463,0.0,0.0,0.0,0.0,0.0,5.0,2008.0,Con,Normal,12.688501881189456
3.044522437723423,RL,80.0,11600.0,Reg,Lvl,Inside,NAmes,Norm,1Fam,1Story,6.0,5.0,1960.0,1960.0,Hip,CompShg,Wd Sdng,Wd Sdng,BrkFace,5.170483995038151,TA,TA,CBlock,TA,TA,No,Rec,565.0,0.0,6.70808408385307,1383.0,GasA,TA,Y,SBrkr,0.0,-1.3877787807814457e-17,1383.0,0.0,0.0,1.0,1.0,3.0,0.6931471805599453,TA,Typ,0.0,Gd,Attchd,RFn,1.0,TA,TA,Y,0.0,3.828641396489095,0.0,0.0,0.0,0.0,0.0,4.0,2006.0,WD,Normal,11.886218559372042
4.330733340286331,RL,56.6,11888.0,IR1,Bnk,Inside,BrkSide,PosN,1Fam,2.5Unf,6.0,6.0,1916.0,1994.0,Gable,CompShg,Wd Sdng,Wd Shng,BrkFace,0.0,TA,TA,BrkTil,TA,TA,No,Unf,0.0,0.0,6.739336627357174,844.0,GasA,Gd,N,FuseA,6.536691597591304,-1.3877787807814457e-17,2134.0,0.0,0.0,2.0,0.0,4.5,0.6931471805599453,Gd,Typ,0.0,Gd,Detchd,Unf,2.0,TA,TA,Y,0.0,4.110873864173311,5.594711379601839,0.0,0.0,0.0,0.0,7.0,2009.0,WD,Normal,12.276069679344003
4.2626798770413155,RM,60.0,6402.0,Reg,Lvl,Corner,IDOTRR,Norm,1Fam,2Story,5.0,5.0,1920.0,1950.0,Gable,CompShg,Wd Sdng,Wd Shng,BrkFace,0.0,TA,TA,PConc,TA,TA,Mn,Unf,0.0,0.0,6.391917113392602,596.0,GasA,TA,N,SBrkr,6.391917113392602,-1.3877787807814457e-17,1192.0,0.0,0.0,1.0,0.0,3.0,0.6931471805599453,TA,Typ,0.0,Gd,Detchd,Unf,1.0,Fa,Fa,N,0.0,0.0,4.927253685157205,0.0,0.0,0.0,0.0,7.0,2009.0,WD,Normal,11.264476926102367
4.51085950651685,RL,77.6,10624.0,IR1,Lvl,Inside,NAmes,Norm,Duplex,1Story,5.0,4.0,1964.0,1964.0,Gable,CompShg,HdBoard,HdBoard,BrkFace,4.442651256490317,TA,TA,CBlock,TA,TA,No,GLQ,40.0,5.579729825986222,7.261927092702751,1728.0,GasA,TA,Y,SBrkr,0.0,-1.3877787807814457e-17,1728.0,0.0,0.6931471805599452,2.0,0.0,4.5,1.0986122886681098,TA,Typ,0.0,Gd,Detchd,Unf,1.0,TA,TA,Y,5.049856007249537,0.0,0.0,0.0,0.0,0.0,0.0,11.0,2007.0,WD,Normal,11.686887175419702
3.044522437723423,RL,70.0,8176.0,Reg,Lvl,Inside,NAmes,Norm,1Fam,1Story,5.0,6.0,1958.0,1992.0,Gable,CompShg,Wd Sdng,Wd Sdng,BrkFace,0.0,TA,TA,CBlock,TA,TA,No,Rec,846.0,0.0,5.351858133476067,1056.0,GasA,Fa,Y,SBrkr,0.0,-1.3877787807814457e-17,1056.0,1.0,0.0,1.0,0.0,3.0,0.6931471805599453,TA,Typ,0.0,Gd,Attchd,RFn,1.0,TA,TA,Y,0.0,0.0,0.0,0.0,0.0,0.0,0.0,8.0,2007.0,WD,Normal,11.842236406331555
3.044522437723423,RL,85.0,10655.0,IR1,Lvl,Inside,NridgHt,Norm,1Fam,1Story,8.0,5.0,2003.0,2004.0,Gable,CompShg,VinylSd,VinylSd,BrkFace,5.6937321388027,Gd,TA,PConc,Gd,TA,No,GLQ,1124.0,6.173786103901936,7.38025578842646,2052.0,GasA,Ex,Y,SBrkr,0.0,-1.3877787807814457e-17,1629.0,1.0,0.0,2.0,0.0,3.0,0.6931471805599453,Gd,Typ,1.0,Gd,Attchd,RFn,3.0,TA,TA,Y,0.0,0.0,0.0,0.0,0.0,0.0,0.0,10.0,2009.0,WD,Normal,12.556733038263905
4.795790545596741,RM,59.0,8198.0,Reg,Lvl,FR3,NridgHt,Norm,TwnhsE,1Story,7.0,5.0,2004.0,2004.0,Gable,CompShg,VinylSd,VinylSd,Stone,4.990432586778736,Gd,TA,PConc,Gd,TA,Av,GLQ,720.0,0.0,6.459904454377535,1358.0,GasA,Ex,Y,SBrkr,0.0,-1.3877787807814457e-17,1358.0,1.0,0.0,2.0,0.0,2.0,0.6931471805599453,Gd,Typ,1.0,Gd,Attchd,RFn,2.0,TA,TA,Y,5.262690188904886,3.4339872044851463,0.0,0.0,0.0,0.0,0.0,7.0,2008.0,WD,Normal,12.240478903153711
4.110873864173311,RL,59.0,9042.0,IR1,Lvl,Inside,Gilbert,Norm,1Fam,2Story,6.0,5.0,1998.0,1998.0,Gable,CompShg,VinylSd,VinylSd,BrkFace,0.0,TA,TA,PConc,Gd,TA,Gd,GLQ,828.0,0.0,4.7535901911063645,943.0,GasA,Gd,Y,SBrkr,6.54534966033442,-1.3877787807814457e-17,1638.0,1.0,0.0,2.0,1.0,3.0,0.6931471805599453,TA,Typ,2.0,TA,Attchd,Fin,2.0,TA,TA,Y,4.61512051684126,3.6635616461296463,0.0,0.0,0.0,0.0,0.0,7.0,2008.0,WD,Normal,12.165255859329688
4.983606621708336,RL,85.9,17673.5,IR1,HLS,Corner,Timber,Norm,2fmCon,1.5Fin,5.0,6.0,1965.0,1965.0,Gable,CompShg,Plywood,Plywood,BrkFace,0.0,TA,TA,CBlock,TA,TA,Gd,ALQ,1249.0,4.997212273764115,4.6443908991413725,1499.0,GasA,Ex,Y,SBrkr,5.123963979403259,-1.3877787807814457e-17,1786.0,2.0,0.0,2.0,0.0,3.0,0.6931471805599453,TA,Typ,2.0,Gd,Attchd,Fin,2.0,TA,TA,Y,6.042632833682381,0.0,0.0,0.0,0.0,0.0,6.552507887034589,8.0,2008.0,WD,Normal,12.34126328584159
3.044522437723423,RL,86.0,14157.0,IR1,HLS,Corner,StoneBr,Norm,1Fam,1Story,9.0,5.0,2005.0,2006.0,Hip,CompShg,VinylSd,VinylSd,Stone,5.303304908059076,Gd,TA,PConc,Ex,TA,Gd,GLQ,1249.0,0.0,6.513230110912307,1922.0,GasA,Ex,Y,SBrkr,0.0,-1.3877787807814457e-17,1922.0,1.0,0.0,2.0,0.0,3.0,0.6931471805599453,Gd,Typ,1.0,Gd,Attchd,Fin,3.0,TA,TA,Y,5.187385805840755,3.9512437185814275,0.0,0.0,0.0,0.0,0.0,7.0,2007.0,WD,Normal,12.841132451487937
3.044522437723423,RL,70.0,9135.0,Reg,Lvl,Inside,CollgCr,Norm,1Fam,1Story,7.0,5.0,2002.0,2003.0,Gable,CompShg,VinylSd,VinylSd,BrkFace,4.736198448394495,Gd,TA,PConc,Gd,TA,Av,GLQ,810.0,0.0,6.588926477533519,1536.0,GasA,Ex,Y,SBrkr,0.0,-1.3877787807814457e-17,1536.0,1.0,0.0,2.0,0.0,3.0,0.6931471805599453,Gd,Typ,0.0,Gd,Attchd,RFn,2.0,TA,TA,Y,5.262690188904886,4.31748811353631,0.0,0.0,0.0,0.0,0.0,12.0,2008.0,WD,Normal,12.273735966890268
3.044522437723423,RL,91.0,14145.0,Reg,Lvl,Corner,NWAmes,Norm,1Fam,1Story,7.0,7.0,1984.0,1998.0,Gable,CompShg,Wd Sdng,Wd Sdng,BrkFace,0.0,Gd,TA,CBlock,Gd,TA,Mn,ALQ,213.0,0.0,6.903747257584598,1208.0,GasA,Ex,Y,SBrkr,0.0,-1.3877787807814457e-17,1621.0,1.0,0.0,2.0,0.0,3.0,0.6931471805599453,Gd,Typ,0.0,Gd,Attchd,RFn,2.0,TA,TA,Y,4.6913478822291435,3.828641396489095,0.0,0.0,0.0,0.0,5.993961427306569,5.0,2006.0,WD,Normal,12.218500103788143
3.044522437723423,RL,66.0,12400.0,IR1,Lvl,Inside,NAmes,Feedr,1Fam,1Story,6.0,7.0,1958.0,1998.0,Hip,CompShg,Wd Sdng,Wd Sdng,BrkFace,5.176149732573829,TA,TA,CBlock,TA,Fa,No,Rec,585.0,0.0,6.447305862541213,1215.0,GasA,TA,Y,FuseA,0.0,-1.3877787807814457e-17,1215.0,0.0,0.0,1.0,0.0,3.0,0.6931471805599453,TA,Typ,0.0,Gd,Attchd,Unf,1.0,TA,TA,Y,0.0,0.0,0.0,0.0,5.459585514144159,0.0,0.0,6.0,2009.0,WD,Normal,11.951186847493476
4.110873864173311,RL,85.0,14191.0,Reg,Lvl,Inside,Timber,Norm,1Fam,2Story,8.0,5.0,2002.0,2002.0,Gable,CompShg,VinylSd,VinylSd,BrkFace,0.0,Gd,TA,PConc,Gd,TA,No,Unf,0.0,0.0,6.875232087276577,967.0,GasA,Ex,Y,SBrkr,6.82001636467413,-1.3877787807814457e-17,1908.0,0.0,0.0,2.0,1.0,4.0,0.6931471805599453,Gd,Typ,0.0,Gd,Attchd,Fin,2.0,TA,TA,Y,4.912654885736052,0.0,0.0,0.0,0.0,0.0,0.0,4.0,2010.0,WD,Normal,12.220473454337986
3.044522437723423,RH,60.0,8400.0,Reg,Lvl,Inside,SawyerW,Feedr,1Fam,1Story,4.0,4.0,1950.0,1950.0,Gable,CompShg,Wd Sdng,AsbShng,BrkFace,0.0,Fa,Fa,CBlock,TA,Fa,No,Unf,0.0,0.0,6.582025138892826,721.0,GasA,Gd,Y,SBrkr,0.0,-1.3877787807814457e-17,841.0,0.0,0.0,1.0,0.0,2.0,0.6931471805599453,TA,Typ,0.0,Gd,CarPort,Unf,1.0,TA,TA,N,5.5254529391317835,0.0,3.2188758248682006,0.0,0.0,0.0,0.0,9.0,2009.0,WD,Normal,11.314486721293981
4.51085950651685,RL,63.0,8544.0,Reg,Lvl,Inside,NAmes,Norm,Duplex,1Story,3.0,4.0,1949.0,1950.0,Gable,CompShg,Stucco,Stucco,BrkFace,5.831882477283517,TA,TA,Slab,TA,TA,No,Unf,0.0,0.0,0.0,42.0,Wall,Fa,N,FuseA,0.0,-1.3877787807814457e-17,1040.0,0.0,0.0,2.0,0.0,2.0,1.0986122886681098,TA,Typ,0.0,Gd,Detchd,Unf,2.0,TA,TA,Y,0.0,0.0,0.0,0.0,0.0,0.0,0.0,5.0,2006.0,WD,Normal,11.37940550085183
4.795790545596741,RL,63.0,8849.0,IR1,Lvl,Inside,NridgHt,Norm,TwnhsE,1Story,9.0,5.0,2005.0,2005.0,Hip,CompShg,MetalSd,MetalSd,BrkFace,6.030685260261263,Ex,TA,PConc,Ex,TA,No,GLQ,28.0,0.0,7.4127640174265625,1684.0,GasA,Ex,Y,SBrkr,0.0,-1.3877787807814457e-17,1684.0,0.0,0.0,2.0,0.0,2.0,0.6931471805599453,Ex,Typ,1.0,Ex,Attchd,RFn,2.0,TA,TA,Y,6.042632833682381,4.290459441148391,0.0,0.0,0.0,0.0,0.0,7.0,2008.0,WD,Normal,12.491255347155265
4.983606621708336,RM,36.0,2592.0,Reg,Lvl,Inside,MeadowV,Norm,TwnhsE,2Story,5.0,3.5,1976.0,1976.0,Gable,CompShg,CemntBd,CmentBd,BrkFace,0.0,TA,TA,CBlock,Gd,TA,No,Rec,129.0,5.451038453565699,5.170483995038151,536.0,GasA,TA,Y,SBrkr,6.3578422665081,-1.3877787807814457e-17,1112.0,0.0,0.0,1.0,1.0,3.0,0.6931471805599453,TA,Typ,0.0,Gd,Attchd,Unf,1.0,TA,TA,Y,5.209486152841421,0.0,0.0,0.0,0.0,0.0,0.0,4.0,2010.0,WD,Normal,11.350418300109132
3.9318256327243257,RL,65.0,6435.0,Reg,Lvl,Inside,BrkSide,RRAn,1Fam,1.5Fin,6.0,5.0,1939.0,1950.0,Gable,CompShg,MetalSd,MetalSd,BrkFace,0.0,TA,TA,BrkTil,TA,TA,No,Unf,0.0,0.0,6.880384082186005,972.0,GasA,Gd,Y,SBrkr,6.406879986069314,-1.3877787807814457e-17,1577.0,0.0,0.0,1.0,0.0,3.0,0.6931471805599453,Fa,Typ,1.0,Gd,Detchd,Unf,1.0,TA,TA,Y,0.0,0.0,0.0,0.0,0.0,0.0,0.0,10.0,2006.0,WD,Normal,11.850832386224807
3.044522437723423,RL,66.4,12772.0,IR1,Lvl,CulDSac,NAmes,Norm,1Fam,1Story,6.0,7.5,1960.0,1998.0,Hip,CompShg,MetalSd,MetalSd,BrkFace,0.0,TA,Gd,CBlock,TA,TA,Mn,BLQ,498.0,0.0,6.133398042996649,958.0,GasA,TA,Y,SBrkr,0.0,-1.3877787807814457e-17,958.0,0.0,0.0,1.0,0.0,2.0,0.6931471805599453,TA,Typ,0.0,Gd,Attchd,RFn,1.0,TA,TA,Y,0.0,0.0,0.0,0.0,0.0,0.0,9.648659816955295,4.0,2007.0,WD,Normal,11.928347504569842
3.044522437723423,RL,85.1,17600.0,IR1,Lvl,Inside,NAmes,Norm,1Fam,1Story,6.0,5.0,1960.0,1960.0,Gable,CompShg,Wd Sdng,Wd Sdng,BrkFace,3.4339872044851463,TA,TA,CBlock,TA,TA,No,BLQ,1270.0,0.0,5.342334251964811,1478.0,GasA,Ex,Y,FuseA,0.0,-1.3877787807814457e-17,1478.0,1.0,0.0,2.0,0.0,3.0,0.6931471805599453,TA,Typ,2.0,Gd,Attchd,Unf,2.0,TA,TA,Y,0.0,3.713572066704308,0.0,0.0,0.0,0.0,0.0,12.0,2009.0,WD,Normal,11.967187086434018
4.983606621708336,RL,36.0,2448.0,Reg,Lvl,Inside,NridgHt,Norm,Twnhs,2Story,7.0,5.0,2003.0,2004.0,Gable,CompShg,VinylSd,Wd Shng,Stone,4.672828834461906,Gd,TA,PConc,Gd,TA,No,GLQ,573.0,0.0,5.2574953720277815,764.0,GasA,Ex,Y,SBrkr,6.760414691083428,-1.3877787807814457e-17,1626.0,1.0,0.0,2.0,1.0,2.0,0.6931471805599453,Gd,Typ,0.0,Gd,BuiltIn,RFn,2.0,TA,TA,Y,0.0,3.332204510175204,0.0,0.0,0.0,0.0,0.0,10.0,2008.0,WD,Normal,11.944714374881176
4.110873864173311,RL,56.0,17673.5,IR2,Lvl,Inside,NridgHt,Norm,1Fam,2Story,9.0,5.0,2005.0,2006.0,Hip,CompShg,CemntBd,CmentBd,BrkFace,6.030685260261263,Ex,TA,PConc,Ex,TA,No,GLQ,1409.9999999999998,0.0,6.0844994130751715,1848.0,GasA,Ex,Y,SBrkr,6.78105762593618,-1.3877787807814457e-17,2728.0,1.0,0.0,2.0,1.0,4.0,0.6931471805599453,Ex,Typ,2.0,Ex,Attchd,Fin,3.0,TA,TA,Y,0.0,0.0,0.0,0.0,0.0,0.0,0.0,4.0,2006.0,New,Partial,12.988043102265232
4.795790545596741,RL,68.0,7820.0,IR1,Lvl,Inside,NridgHt,Norm,TwnhsE,1Story,9.0,5.0,2007.0,2007.0,Hip,CompShg,MetalSd,MetalSd,BrkFace,5.8944028342648505,Ex,TA,PConc,Ex,TA,No,Unf,0.0,0.0,7.430410654501705,1869.0,GasA,Ex,Y,SBrkr,0.0,-1.3877787807814457e-17,1869.0,0.0,0.0,2.0,0.0,2.0,0.6931471805599453,Ex,Typ,1.0,Gd,Attchd,RFn,2.0,TA,TA,Y,5.351858133476067,4.007333185232471,0.0,0.0,0.0,0.0,0.0,12.0,2007.0,New,Partial,12.670001611311875
4.795790545596741,RL,52.400000000000006,5271.0,IR1,Low,Inside,ClearCr,Norm,1Fam,1Story,7.0,5.0,1986.0,1986.0,Gable,CompShg,Wd Sdng,Wd Sdng,BrkFace,0.0,TA,TA,PConc,Gd,TA,Gd,GLQ,1082.0,0.0,5.918893854273146,1453.0,GasA,Gd,Y,SBrkr,0.0,-1.3877787807814457e-17,1453.0,1.0,0.0,1.0,1.0,2.0,0.6931471805599453,Gd,Typ,1.0,TA,Attchd,RFn,2.0,TA,TA,Y,0.0,4.394449154672439,0.0,0.0,5.220355825078324,0.0,0.0,12.0,2006.0,WD,Abnorml,12.154784614286667
3.9318256327243257,RL,60.0,9084.0,Reg,Lvl,Inside,Edwards,Artery,1Fam,1.5Fin,5.0,6.0,1941.0,1950.0,Gable,CompShg,VinylSd,VinylSd,BrkFace,0.0,TA,TA,CBlock,TA,Fa,Mn,LwQ,236.0,5.9427993751267,0.0,616.0,GasA,TA,N,SBrkr,6.206575926724927,-1.3877787807814457e-17,1111.0,0.0,0.6931471805599452,1.0,0.0,3.0,0.6931471805599453,TA,Typ,0.0,Gd,Detchd,Unf,1.0,TA,Fa,Y,3.8918202981106265,0.0,0.0,0.0,0.0,0.0,0.0,2.9999999999999996,2008.0,ConLw,Normal,11.461642696843066
3.4339872044851463,RM,60.0,8520.0,Reg,Lvl,Inside,OldTown,Norm,1Fam,1Story,6.0,7.5,1928.0,2003.0,Gable,CompShg,VinylSd,VinylSd,BrkFace,0.0,TA,Gd,BrkTil,TA,TA,No,Unf,0.0,0.0,6.437751649736401,624.0,GasA,Gd,Y,SBrkr,0.0,-1.3877787807814457e-17,720.0,0.0,0.0,1.0,0.0,2.0,0.6931471805599453,TA,Typ,0.0,Gd,Detchd,Unf,2.0,TA,TA,Y,4.672828834461906,0.0,0.0,0.0,0.0,0.0,0.0,5.0,2010.0,WD,Normal,11.570259974415547
3.9318256327243257,RL,60.0,8400.0,Reg,Bnk,Inside,SWISU,Norm,1Fam,1.5Fin,6.0,5.0,1940.0,2000.0,Gable,CompShg,Wd Sdng,MetalSd,BrkFace,0.0,TA,TA,CBlock,TA,TA,No,LwQ,388.0,0.0,6.315358001522335,940.0,GasA,Ex,Y,SBrkr,6.0014148779611505,-1.3877787807814457e-17,1595.0,0.0,0.0,1.0,0.0,2.0,0.6931471805599453,TA,Typ,2.0,Gd,Attchd,Unf,1.0,TA,TA,Y,0.0,0.0,4.6913478822291435,0.0,0.0,0.0,0.0,6.0,2006.0,WD,Normal,11.849404844423074
3.044522437723423,RL,105.0,11249.0,IR2,Lvl,Inside,CollgCr,Norm,1Fam,1Story,6.0,5.0,1995.0,1995.0,Gable,CompShg,VinylSd,VinylSd,BrkFace,0.0,Gd,Gd,PConc,Gd,Gd,No,ALQ,334.0,6.300785794663243,5.777652323222656,1200.0,GasA,Ex,Y,SBrkr,0.0,-1.3877787807814457e-17,1200.0,1.0,0.0,2.0,0.0,3.0,0.6931471805599453,Gd,Typ,0.0,Gd,Attchd,RFn,2.0,TA,TA,Y,0.0,3.295836866004329,0.0,0.0,0.0,0.0,0.0,8.0,2007.0,WD,Normal,12.086731521684555
3.044522437723423,RL,72.0,9248.0,IR1,Lvl,Inside,Gilbert,Norm,1Fam,1Story,6.0,6.0,1992.0,1992.0,Gable,CompShg,HdBoard,HdBoard,BrkFace,4.672828834461906,TA,TA,PConc,Gd,TA,No,GLQ,560.0,0.0,6.395261598115449,1158.0,GasA,Gd,Y,SBrkr,0.0,-1.3877787807814457e-17,1167.0,1.0,0.0,2.0,0.0,3.0,0.6931471805599453,Gd,Typ,0.0,Gd,Attchd,RFn,2.0,TA,TA,Y,4.795790545596741,3.295836866004329,0.0,0.0,0.0,0.0,0.0,7.0,2009.0,WD,Normal,12.06105265381003
4.795790545596741,RM,44.0,4224.0,Reg,Lvl,Inside,MeadowV,Norm,TwnhsE,1Story,5.0,5.0,1976.0,1976.0,Gable,CompShg,CemntBd,CmentBd,BrkFace,0.0,TA,TA,PConc,Gd,TA,No,ALQ,874.0,0.0,5.594711379601839,1142.0,GasA,TA,Y,SBrkr,0.0,-1.3877787807814457e-17,1142.0,1.0,0.0,1.0,1.0,3.0,0.6931471805599453,TA,Typ,1.0,Po,Attchd,Fin,2.0,TA,TA,Y,6.042632833682381,4.51085950651685,0.0,0.0,0.0,0.0,0.0,8.0,2007.0,WD,Normal,11.80560254159177
4.394449154672439,RL,92.0,6930.0,IR1,Lvl,Inside,ClearCr,Norm,1Fam,SLvl,5.0,4.0,1958.0,1958.0,Hip,CompShg,Wd Sdng,ImStucc,BrkFace,4.795790545596741,TA,TA,CBlock,TA,TA,Av,BLQ,300.0,5.68697535633982,6.150602768446279,1062.0,GasA,Ex,Y,FuseF,0.0,-1.3877787807814457e-17,1352.0,0.0,0.6931471805599452,1.0,0.0,3.0,0.6931471805599453,Gd,Min2,0.0,Gd,BuiltIn,Unf,1.0,TA,TA,Y,5.1298987149230735,0.0,5.68697535633982,0.0,0.0,0.0,0.0,7.0,2006.0,WD,Abnorml,11.775297421715827
4.110873864173311,RL,78.0,12011.0,IR1,Lvl,CulDSac,NoRidge,Norm,1Fam,2Story,8.0,5.0,1998.0,1998.0,Gable,CompShg,VinylSd,VinylSd,BrkFace,6.030685260261263,Gd,TA,PConc,Gd,TA,Av,GLQ,956.0,0.0,4.875197323201151,1086.0,GasA,Ex,Y,SBrkr,6.732210706467206,-1.3877787807814457e-17,1924.0,1.0,0.0,2.0,1.0,3.0,0.6931471805599453,Gd,Typ,1.0,TA,Attchd,RFn,2.0,TA,TA,Y,5.342334251964811,4.330733340286331,0.0,0.0,5.926926025970411,0.0,0.0,6.0,2006.0,WD,Normal,12.54254845357358
4.454347296253507,RL,78.9,7540.0,IR1,Lvl,CulDSac,Mitchel,Norm,1Fam,SFoyer,6.0,6.0,1978.0,1978.0,Gable,CompShg,VinylSd,VinylSd,BrkFace,0.0,TA,TA,CBlock,Gd,TA,Av,GLQ,773.0,0.0,4.7535901911063645,888.0,GasA,Ex,Y,SBrkr,0.0,-1.3877787807814457e-17,912.0,1.0,0.0,1.0,0.0,2.0,0.6931471805599453,TA,Typ,1.0,TA,Attchd,RFn,2.0,TA,TA,Y,0.0,0.0,0.0,0.0,5.262690188904886,0.0,0.0,6.0,2007.0,WD,Normal,11.957617696467539
3.9318256327243257,RL,67.8,9144.0,Reg,Lvl,Inside,BrkSide,Norm,1Fam,1.5Fin,5.0,5.0,1940.0,1982.0,Gable,CompShg,MetalSd,MetalSd,BrkFace,0.0,TA,TA,CBlock,TA,TA,No,Rec,399.0,0.0,6.184148890937483,883.0,GasA,Gd,Y,SBrkr,6.249975242259483,-1.3877787807814457e-17,1505.0,1.0,0.0,1.0,0.0,3.0,0.6931471805599453,TA,Typ,0.0,Gd,Detchd,Unf,1.0,TA,TA,N,0.0,0.0,0.0,0.0,0.0,0.0,0.0,7.0,2008.0,WD,Normal,11.884495917930655
4.454347296253507,RL,64.0,7301.0,Reg,Lvl,Corner,Edwards,Norm,1Fam,SFoyer,7.0,5.0,2003.0,2003.0,Gable,CompShg,HdBoard,HdBoard,BrkFace,6.030685260261263,Gd,TA,Slab,TA,TA,No,Unf,0.0,0.0,0.0,42.0,GasA,Ex,Y,SBrkr,7.264030142899529,-1.3877787807814457e-17,1922.0,0.0,0.0,3.0,0.0,4.0,0.6931471805599453,Gd,Typ,1.0,Ex,BuiltIn,RFn,2.0,TA,TA,Y,0.0,0.0,5.181783550292085,0.0,0.0,0.0,0.0,7.0,2009.0,ConLD,Normal,12.198549416880068
4.983606621708336,RM,27.500000000000007,1679.999999999999,Reg,Lvl,Inside,BrDale,Norm,Twnhs,2Story,6.0,7.5,1972.0,2007.0,Gable,CompShg,HdBoard,HdBoard,BrkFace,6.030685260261263,TA,TA,CBlock,TA,TA,No,ALQ,162.0,0.0,5.7745515455444085,483.0,GasA,Gd,Y,SBrkr,6.22455842927536,-1.3877787807814457e-17,987.0,0.0,0.0,1.0,1.0,2.0,0.6931471805599453,Gd,Typ,0.0,Gd,Detchd,Unf,1.0,TA,TA,Y,5.5254529391317835,0.0,0.0,0.0,0.0,0.0,0.0,5.0,2009.0,WD,Normal,11.678448377988165
4.110873864173311,RL,69.4,17673.5,IR1,Lvl,FR2,NWAmes,Norm,1Fam,2Story,6.0,5.0,1976.0,1976.0,Gable,CompShg,HdBoard,HdBoard,BrkFace,4.795790545596741,TA,TA,PConc,Gd,TA,Mn,GLQ,712.0,0.0,4.442651256490317,796.0,GasA,TA,Y,SBrkr,6.665683717782409,-1.3877787807814457e-17,1574.0,1.0,0.0,2.0,1.0,3.0,0.6931471805599453,TA,Typ,1.0,TA,Attchd,Fin,2.0,TA,TA,Y,5.726847747587197,4.718498871295094,0.0,0.0,0.0,0.0,0.0,7.0,2006.0,WD,Normal,12.154784614286667
4.2626798770413155,RM,59.0,10690.0,Reg,Lvl,Inside,IDOTRR,Norm,1Fam,2Story,5.0,7.0,1920.0,1997.0,Hip,CompShg,VinylSd,VinylSd,BrkFace,0.0,TA,Gd,CBlock,TA,Fa,No,Rec,456.0,0.0,5.37989735354046,672.0,GasA,Gd,Y,FuseA,6.511745329644728,-1.3877787807814457e-17,1344.0,0.0,0.0,1.0,0.0,3.0,0.6931471805599453,TA,Typ,0.0,Gd,Detchd,Unf,1.0,TA,Fa,Y,0.0,4.859812404361672,5.389071729816501,0.0,0.0,0.0,0.0,7.0,2009.0,WD,Normal,11.898194668458823
3.044522437723423,RL,79.9,9500.0,IR1,Lvl,Inside,NAmes,Norm,1Fam,1Story,6.0,5.0,1963.0,1963.0,Gable,CompShg,Plywood,Plywood,BrkFace,5.5134287461649825,TA,TA,CBlock,Gd,TA,No,BLQ,609.0,0.0,6.666956792429207,1394.0,GasA,Gd,Y,SBrkr,0.0,-1.3877787807814457e-17,1394.0,1.0,0.0,1.0,1.0,3.0,0.6931471805599453,TA,Typ,2.0,Gd,Attchd,RFn,2.0,TA,TA,Y,0.0,4.343805421853684,0.0,0.0,5.225746673713202,0.0,0.0,7.0,2009.0,WD,Normal,11.976665770490767
4.394449154672439,RL,101.0,9150.0,IR1,Lvl,Corner,NAmes,Norm,1Fam,SLvl,6.0,5.0,1962.0,1962.0,Gable,Tar&Grv,Plywood,Plywood,BrkFace,5.723585101952381,TA,TA,CBlock,Gd,TA,Gd,GLQ,371.0,0.0,6.591673732008658,1099.0,GasA,Gd,Y,SBrkr,0.0,-1.3877787807814457e-17,1431.0,0.0,0.6931471805599452,1.0,0.0,3.0,0.6931471805599453,TA,Typ,1.0,Gd,Basment,RFn,1.0,TA,TA,Y,4.174387269895637,4.709530201312334,0.0,0.0,0.0,0.0,0.0,12.0,2008.0,WD,Normal,12.013706813470414
3.044522437723423,RL,78.0,7800.0,Reg,Lvl,Inside,NAmes,Norm,1Fam,1Story,5.0,6.0,1954.0,1954.0,Gable,CompShg,HdBoard,HdBoard,BrkFace,5.303304908059076,TA,TA,PConc,TA,TA,No,LwQ,540.0,0.0,6.591673732008658,1268.0,GasA,Gd,Y,SBrkr,0.0,-1.3877787807814457e-17,1268.0,0.0,0.0,1.0,0.0,2.0,0.6931471805599453,TA,Typ,1.0,Gd,Attchd,Fin,1.0,TA,TA,Y,0.0,4.59511985013459,0.0,0.0,0.0,0.0,0.0,2.9999999999999996,2010.0,WD,Normal,11.790564777297387
3.044522437723423,RL,67.8,9830.0,IR1,Lvl,Corner,NAmes,Norm,1Fam,1Story,5.0,7.0,1959.0,2006.0,Gable,CompShg,Wd Sdng,Wd Sdng,BrkFace,0.0,TA,Gd,CBlock,TA,TA,No,ALQ,72.0,5.556828061699537,6.598509028614515,1063.0,GasA,Ex,Y,SBrkr,0.0,-1.3877787807814457e-17,1287.0,1.0,0.0,1.0,0.0,3.0,0.6931471805599453,Gd,Typ,1.0,Gd,Detchd,Fin,2.0,TA,TA,Y,5.8998973535824915,2.8903717578961645,0.0,0.0,5.209486152841421,0.0,0.0,2.9999999999999996,2010.0,WD,Normal,11.995357787034976
4.110873864173311,RL,67.2,8121.0,IR1,Lvl,Inside,Gilbert,Norm,1Fam,2Story,6.0,5.0,2000.0,2000.0,Gable,CompShg,VinylSd,VinylSd,BrkFace,0.0,TA,TA,PConc,Gd,TA,No,Unf,0.0,0.0,6.860663671448287,953.0,GasA,Ex,Y,SBrkr,6.568077911411976,-1.3877787807814457e-17,1664.0,0.0,0.0,2.0,1.0,3.0,0.6931471805599453,TA,Typ,1.0,TA,Attchd,RFn,2.0,TA,TA,Y,4.61512051684126,3.713572066704308,0.0,0.0,0.0,0.0,0.0,1.0,2006.0,WD,Normal,12.057578437658945
3.9318256327243257,RL,80.0,17120.0,Reg,Lvl,Inside,ClearCr,Feedr,1Fam,1.5Fin,4.0,4.0,1959.0,1959.0,Gable,CompShg,WdShing,Plywood,BrkFace,0.0,TA,TA,CBlock,TA,TA,No,Unf,0.0,0.0,0.0,42.0,GasA,TA,Y,SBrkr,6.150602768446279,-1.3877787807814457e-17,1588.0,0.0,0.0,2.0,0.0,4.0,0.6931471805599453,TA,Min2,1.0,Gd,Detchd,Fin,2.0,TA,TA,N,0.0,4.0943445622221,0.0,0.0,0.0,0.0,0.0,7.0,2008.0,WD,Normal,11.808821212646512
4.795790545596741,RL,50.0,7175.0,Reg,Lvl,Inside,SawyerW,Norm,TwnhsE,1Story,6.0,5.0,1984.0,1984.0,Gable,CompShg,Plywood,Plywood,BrkFace,0.0,TA,TA,CBlock,Gd,TA,No,ALQ,623.0,4.804021044733256,0.0,744.0,GasA,TA,Y,SBrkr,0.0,-1.3877787807814457e-17,752.0,1.0,0.0,1.0,0.0,2.0,0.6931471805599453,TA,Typ,0.0,Gd,Attchd,Unf,1.0,TA,TA,Y,5.869296913133774,0.0,0.0,0.0,4.51085950651685,0.0,0.0,2.0,2010.0,WD,Normal,11.736077016252437
3.044522437723423,RL,79.0,10634.0,Reg,Lvl,Inside,NAmes,Norm,1Fam,1Story,5.0,6.0,1953.0,1953.0,Gable,CompShg,MetalSd,MetalSd,BrkFace,0.0,TA,TA,PConc,TA,TA,No,BLQ,428.0,5.198497031265825,0.0,608.0,GasA,TA,Y,SBrkr,0.0,-1.3877787807814457e-17,1319.0,1.0,0.0,1.0,0.0,3.0,0.6931471805599453,TA,Min2,0.0,Gd,Attchd,Unf,1.0,TA,TA,Y,4.204692619390966,0.0,0.0,0.0,0.0,0.0,0.0,11.0,2009.0,WD,Normal,11.719947764402807
4.110873864173311,RL,65.0,8200.0,Reg,Lvl,Inside,CollgCr,Norm,1Fam,2Story,7.0,5.0,2003.0,2004.0,Gable,CompShg,VinylSd,VinylSd,BrkFace,0.0,Gd,TA,PConc,Gd,TA,No,Unf,0.0,0.0,6.742880635791903,847.0,GasA,Ex,Y,SBrkr,6.986566459406426,-1.3877787807814457e-17,1928.0,0.0,0.0,2.0,1.0,4.0,0.6931471805599453,Gd,Typ,1.0,Gd,BuiltIn,Fin,2.0,TA,TA,Y,4.61512051684126,3.8918202981106265,0.0,0.0,0.0,0.0,0.0,7.0,2007.0,WD,Normal,12.299112067295642
3.4339872044851463,RL,49.6,10020.0,IR1,Low,Inside,Edwards,Norm,1Fam,1Story,2.0,3.5,1922.0,1950.0,Gable,CompShg,Wd Sdng,Wd Sdng,BrkFace,0.0,Fa,Fa,BrkTil,Fa,Po,Gd,BLQ,350.0,0.0,5.811140992976701,683.0,GasA,Gd,N,FuseA,0.0,-1.3877787807814457e-17,904.0,1.0,0.0,0.0,1.0,1.0,0.6931471805599453,Fa,Maj1,0.0,Gd,Attchd,Unf,-2.220446049250313e-16,TA,TA,Y,0.0,0.0,0.0,0.0,0.0,0.0,0.0,2.9999999999999996,2009.0,WD,Normal,11.0186455364637
4.454347296253507,RL,57.0,8846.0,IR1,Lvl,CulDSac,CollgCr,Norm,1Fam,SFoyer,5.0,5.0,1996.0,1996.0,Gable,CompShg,VinylSd,VinylSd,BrkFace,0.0,Gd,TA,PConc,Gd,TA,Av,GLQ,298.0,0.0,6.35088571671474,870.0,GasA,Ex,Y,SBrkr,0.0,-1.3877787807814457e-17,914.0,0.0,0.0,1.0,0.0,2.0,0.6931471805599453,TA,Typ,0.0,Gd,Detchd,Unf,2.0,TA,TA,Y,0.0,0.0,0.0,0.0,0.0,0.0,0.0,7.0,2006.0,WD,Normal,11.904974309480183
4.110873864173311,FV,102.0,11143.0,IR1,Lvl,Corner,Somerst,Norm,1Fam,2Story,8.0,5.0,2004.0,2005.0,Gable,CompShg,CemntBd,CmentBd,BrkFace,0.0,Gd,TA,PConc,Gd,TA,No,Unf,0.0,0.0,7.365812837209472,1580.0,GasA,Ex,Y,SBrkr,6.787844982309579,-1.3877787807814457e-17,2466.0,0.0,0.0,3.0,0.0,4.0,0.6931471805599453,Gd,Typ,1.0,Gd,Attchd,RFn,2.0,TA,TA,Y,5.075173815233827,5.14166355650266,0.0,0.0,0.0,0.0,0.0,12.0,2007.0,WD,Normal,12.73670383776449
3.044522437723423,RL,88.0,11394.0,Reg,Lvl,Corner,StoneBr,Norm,1Fam,1Story,9.0,3.5,2010.0,2010.0,Hip,CompShg,VinylSd,VinylSd,Stone,5.860786223465865,Gd,TA,PConc,Ex,TA,Av,GLQ,1445.0,0.0,6.021023349349527,1856.0,GasA,Ex,Y,SBrkr,0.0,-1.3877787807814457e-17,1856.0,1.0,0.0,1.0,1.0,1.0,0.6931471805599453,Ex,Typ,1.0,Ex,Attchd,Fin,3.0,TA,TA,Y,4.736198448394496,0.0,0.0,0.0,0.0,0.0,0.0,6.0,2010.0,New,Partial,12.885204569609956
4.110873864173311,RL,60.0,8123.0,IR1,Lvl,Inside,Gilbert,RRAn,1Fam,2Story,6.0,5.0,2000.0,2000.0,Gable,CompShg,VinylSd,VinylSd,BrkFace,2.833213344056216,TA,TA,PConc,Gd,TA,No,Unf,0.0,0.0,6.890609120147166,982.0,GasA,Ex,Y,SBrkr,6.677083461247136,-1.3877787807814457e-17,1800.0,0.0,0.0,2.0,1.0,3.0,0.6931471805599453,TA,Typ,1.0,TA,Attchd,Fin,2.0,TA,TA,Y,4.61512051684126,4.1588830833596715,0.0,0.0,0.0,0.0,0.0,6.0,2009.0,WD,Normal,12.095146671399466
3.9318256327243257,RL,50.0,5000.0,Reg,Lvl,Inside,SWISU,Norm,1Fam,1.5Fin,5.0,6.0,1924.0,1950.0,Gable,CompShg,BrkFace,Wd Sdng,BrkFace,0.0,TA,TA,BrkTil,TA,TA,No,LwQ,218.00000000000003,0.0,6.695798917058491,1026.0,GasA,TA,Y,SBrkr,6.501289670540389,-1.3877787807814457e-17,1691.0,0.0,0.0,2.0,0.0,3.0,0.6931471805599453,Gd,Typ,1.0,Gd,Detchd,Unf,1.0,TA,TA,Y,0.0,0.0,5.493061443340548,0.0,0.0,0.0,0.0,5.0,2010.0,WD,Normal,11.751950239425476
3.044522437723423,FV,60.0,7200.0,Reg,Lvl,Inside,Somerst,Norm,1Fam,1Story,7.0,5.0,2006.0,2006.0,Gable,CompShg,VinylSd,VinylSd,BrkFace,0.0,Gd,TA,PConc,Gd,Gd,No,Unf,0.0,0.0,7.165493475060845,1293.0,GasA,Ex,Y,SBrkr,0.0,-1.3877787807814457e-17,1301.0,1.0,0.0,2.0,0.0,2.0,0.6931471805599453,Gd,Typ,1.0,Gd,Attchd,RFn,2.0,TA,TA,Y,5.37989735354046,4.804021044733257,0.0,0.0,0.0,0.0,0.0,8.0,2006.0,New,Partial,12.142871895843887
4.110873864173311,RL,79.0,9245.0,IR1,Lvl,Inside,CollgCr,Norm,1Fam,2Story,7.0,5.0,2006.0,2006.0,Gable,CompShg,VinylSd,VinylSd,BrkFace,0.0,Gd,TA,PConc,Gd,TA,Av,Unf,0.0,0.0,6.84587987526405,939.0,GasA,Ex,Y,SBrkr,6.755768921984255,-1.3877787807814457e-17,1797.0,0.0,0.0,2.0,1.0,3.0,0.6931471805599453,Gd,Typ,0.0,Gd,Attchd,RFn,2.0,TA,TA,Y,4.976733742420574,3.9889840465642745,0.0,0.0,0.0,0.0,0.0,4.0,2007.0,WD,Normal,12.271396795480596
3.828641396489095,RH,60.0,9000.0,Reg,Lvl,Corner,SawyerW,Norm,1Fam,1.5Unf,6.0,3.5,1928.0,1950.0,Gable,CompShg,Wd Sdng,Wd Sdng,BrkFace,0.0,TA,TA,BrkTil,Fa,Fa,No,Unf,0.0,0.0,6.665683717782408,784.0,GasA,TA,N,FuseA,0.0,-1.3877787807814457e-17,784.0,0.0,0.0,1.0,0.0,2.0,0.6931471805599453,TA,Typ,0.0,Gd,Detchd,Unf,2.0,Fa,Fa,N,0.0,0.0,4.52178857704904,0.0,0.0,0.0,0.0,10.0,2009.0,WD,Normal,11.23850177707664
4.110873864173311,RL,67.6,17673.5,IR2,Low,Corner,ClearCr,Feedr,1Fam,2Story,6.0,5.0,1992.0,1992.0,Gable,CompShg,HdBoard,HdBoard,BrkFace,0.0,Gd,TA,PConc,Gd,TA,Av,GLQ,985.0,0.0,6.39024066706535,1580.0,GasA,Ex,Y,SBrkr,6.774223886357614,-1.3877787807814457e-17,1953.0,1.0,0.0,2.0,1.0,3.0,0.6931471805599453,Gd,Typ,2.0,Fa,Attchd,Fin,2.0,TA,TA,Y,5.37989735354046,5.14166355650266,0.0,0.0,0.0,0.0,0.0,6.0,2007.0,WD,Normal,12.388398368982115
4.795790545596741,RL,43.0,3182.0,Reg,Lvl,Inside,Blmngtn,Norm,TwnhsE,1Story,8.0,5.0,2004.0,2005.0,Gable,CompShg,VinylSd,VinylSd,BrkFace,2.833213344056216,Gd,TA,PConc,Gd,TA,No,GLQ,24.0,0.0,7.117205503164344,1256.0,GasA,Ex,Y,SBrkr,0.0,-1.3877787807814457e-17,1269.0,0.0,0.0,2.0,0.0,2.0,0.6931471805599453,Gd,Typ,1.0,TA,Attchd,Fin,2.0,TA,TA,Y,4.990432586778736,3.044522437723423,0.0,0.0,4.976733742420574,0.0,0.0,4.0,2010.0,WD,Normal,12.165255859329688
3.9318256327243257,RL,58.0,8410.0,Reg,Lvl,FR2,Edwards,Feedr,1Fam,1.5Fin,5.0,3.5,1910.0,1996.0,Gambrel,CompShg,Wd Sdng,VinylSd,BrkFace,0.0,TA,Fa,PConc,TA,TA,No,Unf,0.0,0.0,6.490723534502507,658.0,GasA,TA,Y,SBrkr,6.267200548541362,-1.3877787807814457e-17,1184.0,0.0,0.0,1.0,0.0,4.5,0.6931471805599453,TA,Typ,0.0,Gd,Attchd,Unf,-2.220446049250313e-16,TA,TA,N,0.0,5.0238805208462765,0.0,0.0,0.0,0.0,0.0,5.0,2006.0,WD,AdjLand,11.302216779257382
4.394449154672439,RL,72.0,7200.0,Reg,Lvl,Inside,Edwards,Norm,1Fam,SLvl,6.0,6.0,1976.0,1976.0,Hip,CompShg,MetalSd,MetalSd,BrkFace,5.545177444479562,TA,TA,CBlock,TA,TA,Av,ALQ,631.0,0.0,6.018593214496234,1041.0,GasA,Ex,Y,SBrkr,0.0,-1.3877787807814457e-17,1125.0,1.0,0.0,1.0,0.0,3.0,0.6931471805599453,TA,Typ,1.0,Fa,Detchd,Unf,1.0,TA,TA,Y,5.6937321388027,0.0,0.0,0.0,0.0,0.0,0.0,10.0,2009.0,WD,Abnorml,11.736077016252437
3.044522437723423,RL,93.0,9382.0,IR1,Lvl,CulDSac,CollgCr,Norm,1Fam,1Story,7.0,5.0,1999.0,2000.0,Gable,CompShg,VinylSd,VinylSd,BrkFace,4.836281906951478,Gd,TA,PConc,Gd,TA,No,Unf,0.0,0.0,7.292337176173877,1468.0,GasA,Ex,Y,SBrkr,0.0,-1.3877787807814457e-17,1479.0,0.0,0.0,2.0,0.0,3.0,0.6931471805599453,Gd,Typ,0.0,Gd,Attchd,RFn,2.0,TA,TA,Y,4.795790545596741,3.258096538021482,0.0,0.0,0.0,0.0,0.0,7.0,2008.0,WD,Normal,12.160033942617156
4.110873864173311,RL,96.0,12474.0,Reg,Lvl,Inside,NridgHt,Norm,1Fam,2Story,10.0,5.0,2007.0,2008.0,Gable,CompShg,VinylSd,VinylSd,Stone,5.60947179518496,Ex,TA,PConc,Ex,TA,Av,GLQ,1280.0,0.0,5.998936561946683,1682.0,GasA,Ex,Y,SBrkr,6.3818160174060985,-1.3877787807814457e-17,2332.0,1.0,0.0,2.0,1.0,3.0,0.6931471805599453,Ex,Typ,1.0,Ex,BuiltIn,Fin,3.0,TA,TA,Y,5.2832037287379885,4.90527477843843,0.0,0.0,0.0,0.0,0.0,8.0,2008.0,New,Partial,12.962196972666593
3.9318256327243257,RL,50.0,8405.0,Reg,Lvl,Inside,Edwards,Norm,1Fam,1.5Fin,5.0,7.5,1900.0,1950.0,Gable,CompShg,MetalSd,MetalSd,BrkFace,0.0,TA,TA,BrkTil,TA,Gd,No,Rec,241.0,5.971261839790461,5.438079308923196,861.0,GasA,Ex,Y,SBrkr,6.008813185442595,-1.3877787807814457e-17,1367.0,1.0,0.0,1.0,0.0,4.0,0.6931471805599453,TA,Typ,0.0,Gd,Detchd,Unf,1.0,TA,TA,Y,0.0,4.875197323201151,4.727387818712341,0.0,0.0,0.0,0.0,4.0,2008.0,WD,Normal,11.686887175419702
4.110873864173311,RL,71.0,12209.0,IR1,Lvl,CulDSac,Mitchel,Norm,1Fam,2Story,6.0,5.0,2001.0,2002.0,Gable,CompShg,VinylSd,VinylSd,BrkFace,0.0,TA,TA,PConc,Ex,TA,No,ALQ,690.0,0.0,4.74493212836325,804.0,GasA,Ex,Y,SBrkr,7.05444965813294,-1.3877787807814457e-17,1961.0,1.0,0.0,2.0,1.0,3.0,0.6931471805599453,Gd,Typ,1.0,TA,BuiltIn,Fin,2.0,TA,TA,Y,4.836281906951478,5.14166355650266,0.0,0.0,0.0,0.0,0.0,6.0,2009.0,WD,Normal,12.278397958261774
3.044522437723423,RL,67.6,8339.0,IR1,Lvl,Inside,NAmes,Norm,1Fam,1Story,5.0,7.0,1959.0,1959.0,Gable,CompShg,MetalSd,MetalSd,BrkFace,0.0,TA,TA,Slab,TA,TA,No,Unf,0.0,0.0,0.0,42.0,GasA,TA,Y,SBrkr,0.0,-1.3877787807814457e-17,882.0,0.0,0.0,1.0,0.0,3.0,0.6931471805599453,TA,Typ,0.0,Gd,Attchd,RFn,1.0,TA,TA,Y,0.0,0.0,0.0,0.0,0.0,0.0,7.0909098220799835,7.0,2007.0,WD,Normal,11.575909653758895
3.4339872044851463,RL,66.3,7446.0,Reg,Lvl,Corner,BrkSide,Feedr,1Fam,1Story,4.0,5.0,1941.0,1950.0,Gable,CompShg,WdShing,Wd Shng,BrkFace,0.0,TA,TA,CBlock,TA,TA,No,Rec,266.0,0.0,6.259581464064923,788.0,GasA,TA,Y,FuseA,0.0,-1.3877787807814457e-17,788.0,0.0,0.0,1.0,0.0,2.0,0.6931471805599453,TA,Typ,2.0,TA,Attchd,Unf,-2.220446049250313e-16,TA,TA,Y,0.0,0.0,0.0,0.0,0.0,0.0,0.0,4.0,2006.0,WD,Abnorml,11.51293546492023
3.9318256327243257,RL,60.0,10134.0,Reg,Lvl,Inside,OldTown,Norm,1Fam,1.5Fin,5.0,6.0,1940.0,1950.0,Gable,CompShg,MetalSd,MetalSd,BrkFace,0.0,TA,TA,CBlock,TA,TA,No,Unf,0.0,0.0,6.601230118728877,735.0,GasA,Gd,Y,FuseA,5.703782474656201,-1.3877787807814457e-17,1034.0,0.0,0.0,1.0,0.0,2.0,0.6931471805599453,TA,Typ,0.0,Gd,Detchd,Unf,1.0,TA,TA,Y,0.0,3.6888794541139363,0.0,0.0,0.0,0.0,0.0,7.0,2007.0,WD,Normal,11.599112335481124
3.044522437723423,RL,68.0,9571.0,Reg,Lvl,Inside,Edwards,Norm,1Fam,1Story,5.0,6.0,1956.0,1956.0,Gable,CompShg,Wd Sdng,Wd Sdng,BrkFace,0.0,TA,TA,CBlock,TA,TA,Av,BLQ,739.0,0.0,6.0063531596017325,1144.0,GasA,TA,Y,SBrkr,0.0,-1.3877787807814457e-17,1144.0,1.0,0.0,1.0,0.0,3.0,0.6931471805599453,TA,Typ,0.0,Gd,Attchd,Unf,1.0,TA,TA,Y,3.8066624897703196,0.0,0.0,0.0,0.0,0.0,0.0,6.0,2010.0,WD,Normal,11.767575435251748
3.044522437723423,RL,60.0,7200.0,Reg,Low,Inside,CollgCr,Norm,1Fam,1Story,5.0,5.0,1972.0,1972.0,Hip,CompShg,MetalSd,MetalSd,BrkFace,0.0,TA,TA,CBlock,TA,TA,Av,Rec,777.0,0.0,4.770684624465665,894.0,GasA,TA,Y,SBrkr,0.0,-1.3877787807814457e-17,894.0,0.0,0.0,1.0,0.0,2.0,0.6931471805599453,TA,Typ,0.0,Gd,Detchd,RFn,2.0,TA,TA,Y,5.375278407684165,0.0,0.0,0.0,0.0,0.0,0.0,9.0,2009.0,WD,Normal,11.719947764402807
4.110873864173311,RL,69.0,7590.0,Reg,Lvl,Inside,NAmes,PosN,1Fam,2Story,5.0,5.0,1962.0,1962.0,Gable,CompShg,VinylSd,VinylSd,BrkFace,5.666426688112432,TA,TA,CBlock,TA,TA,No,ALQ,540.0,0.0,5.783825182329737,864.0,GasA,TA,Y,SBrkr,6.842683282238422,-1.3877787807814457e-17,1812.0,0.0,0.0,2.0,0.0,4.0,0.6931471805599453,TA,Typ,1.0,TA,Attchd,RFn,1.0,TA,TA,Y,0.0,5.1298987149230735,0.0,0.0,0.0,0.0,0.0,7.0,2007.0,WD,Normal,12.040614105490253
3.4339872044851463,RM,60.0,8967.0,Reg,Lvl,Corner,IDOTRR,Norm,1Fam,1Story,5.0,3.5,1920.0,1950.0,Gable,CompShg,MetalSd,MetalSd,BrkFace,0.0,TA,Fa,BrkTil,Fa,Po,No,Unf,0.0,0.0,6.8690144506657065,961.0,GasA,Gd,Y,Mix,0.0,-1.3877787807814457e-17,1077.0,0.0,0.0,1.0,0.0,2.0,0.6931471805599453,TA,Maj2,0.0,Gd,Detchd,Unf,1.0,Po,Po,N,0.0,0.0,0.0,0.0,0.0,0.0,0.0,11.0,2007.0,WD,Abnorml,11.112462823634855
4.110873864173311,FV,65.0,8125.0,Reg,Lvl,Inside,Somerst,Norm,1Fam,2Story,7.0,5.0,2006.0,2007.0,Gable,CompShg,CemntBd,CmentBd,Stone,4.61512051684126,Gd,TA,PConc,Gd,TA,No,GLQ,812.0,0.0,5.638354669333745,1092.0,GasA,Ex,Y,SBrkr,6.0844994130751715,-1.3877787807814457e-17,1550.0,1.0,0.0,2.0,0.0,2.0,0.6931471805599453,Gd,Typ,0.0,Gd,Attchd,Fin,2.0,TA,TA,Y,0.0,5.1298987149230735,0.0,0.0,0.0,0.0,0.0,10.0,2009.0,WD,Normal,12.392556361841777
4.795790545596741,RL,38.0,14963.0,IR2,Lvl,Inside,Veenker,Norm,TwnhsE,1Story,8.0,5.0,1996.0,1996.0,Gable,CompShg,BrkFace,BrkFace,BrkFace,0.0,Gd,TA,PConc,Gd,TA,No,GLQ,786.0,0.0,6.163314804034641,1260.0,GasA,Ex,Y,SBrkr,0.0,-1.3877787807814457e-17,1288.0,1.0,0.0,1.0,1.0,1.0,0.6931471805599453,Ex,Typ,2.0,Gd,Attchd,Fin,2.0,TA,TA,Y,4.795790545596741,3.4339872044851463,0.0,0.0,5.41610040220442,0.0,0.0,12.0,2008.0,WD,Normal,12.411056299528171
3.044522437723423,RL,65.0,8767.0,IR1,Lvl,Inside,CollgCr,Norm,1Fam,1Story,7.0,5.0,2005.0,2005.0,Gable,CompShg,VinylSd,VinylSd,BrkFace,0.0,Gd,TA,PConc,Gd,TA,Av,GLQ,24.0,0.0,7.160069207596127,1310.0,GasA,Ex,Y,SBrkr,0.0,-1.3877787807814457e-17,1310.0,0.0,0.0,2.0,0.0,3.0,0.6931471805599453,Gd,Typ,1.0,Gd,Attchd,Fin,2.0,TA,TA,Y,0.0,0.0,0.0,0.0,0.0,0.0,0.0,7.0,2006.0,New,Partial,12.013646205940514
3.4339872044851463,RL,60.0,10200.0,Reg,Lvl,Inside,Sawyer,Norm,1Fam,1Story,5.0,7.5,1940.0,1997.0,Gable,CompShg,Wd Sdng,Wd Sdng,BrkFace,0.0,TA,TA,PConc,TA,TA,No,Unf,0.0,0.0,6.511745329644728,672.0,GasA,Ex,Y,SBrkr,0.0,-1.3877787807814457e-17,672.0,0.0,0.0,1.0,0.0,2.0,0.6931471805599453,TA,Typ,0.0,Gd,Detchd,Unf,1.0,TA,TA,N,5.1298987149230735,0.0,0.0,0.0,0.0,0.0,0.0,8.0,2008.0,WD,Normal,11.58989576532275
4.110873864173311,RL,93.0,12090.0,Reg,Lvl,Corner,NoRidge,Norm,1Fam,2Story,8.0,5.0,1998.0,1998.0,Hip,CompShg,VinylSd,VinylSd,BrkFace,6.030685260261263,Gd,TA,PConc,Gd,TA,No,Unf,0.0,0.0,7.040536390215956,1141.0,GasA,Gd,Y,SBrkr,7.002155954403621,-1.3877787807814457e-17,2263.0,0.0,0.0,2.0,1.0,4.0,0.6931471805599453,Gd,Typ,1.0,TA,BuiltIn,Fin,2.0,TA,TA,Y,4.976733742420574,4.820281565605037,0.0,0.0,0.0,0.0,0.0,7.0,2006.0,WD,Abnorml,12.460718739865236
4.110873864173311,RL,71.0,10364.0,IR1,Lvl,Inside,Gilbert,Norm,1Fam,2Story,6.0,5.0,1995.0,1996.0,Gable,CompShg,MetalSd,MetalSd,BrkFace,0.0,TA,TA,PConc,Gd,TA,No,Unf,0.0,0.0,6.693323668269949,806.0,GasA,Gd,Y,SBrkr,6.642486801367255,-1.3877787807814457e-17,1572.0,0.0,0.0,2.0,1.0,3.0,0.6931471805599453,TA,Typ,1.0,TA,BuiltIn,Fin,2.0,TA,TA,Y,0.0,3.713572066704308,0.0,0.0,0.0,0.0,0.0,5.0,2007.0,WD,Normal,12.031725210748633
3.044522437723423,RL,80.7,9991.0,IR1,Lvl,Corner,Sawyer,Feedr,1Fam,1Story,4.0,4.0,1976.0,1993.0,Gable,CompShg,Plywood,Plywood,BrkFace,0.0,TA,TA,CBlock,TA,TA,No,BLQ,1116.0,0.0,5.111987788356544,1281.0,GasA,Ex,Y,SBrkr,0.0,-1.3877787807814457e-17,1620.0,1.0,0.0,2.0,0.0,3.0,0.6931471805599453,TA,Min1,1.0,TA,Attchd,Unf,2.0,TA,TA,Y,4.795790545596741,4.3694478524670215,0.0,0.0,0.0,0.0,0.0,6.0,2009.0,WD,Normal,11.918397239722838
3.9318256327243257,RL,51.0,10480.0,Reg,Lvl,Inside,SWISU,Norm,1Fam,1.5Fin,6.0,5.0,1936.0,1950.0,Gable,CompShg,MetalSd,MetalSd,BrkFace,0.0,TA,TA,BrkTil,TA,TA,No,Unf,0.0,0.0,6.970730078143525,1064.0,GasA,Ex,Y,FuseA,0.0,6.161207321695077,1639.0,0.0,0.0,1.0,0.0,3.0,0.6931471805599453,TA,Maj2,0.0,Gd,Detchd,Unf,1.0,TA,TA,Y,0.0,0.0,0.0,0.0,0.0,0.0,0.0,2.9999999999999996,2008.0,WD,Normal,11.652696102959753
4.2626798770413155,RL,63.0,15576.0,Reg,Lvl,Inside,Crawfor,Norm,1Fam,2Story,6.0,7.0,1915.0,1976.0,Gable,CompShg,Wd Sdng,Plywood,BrkFace,0.0,TA,TA,BrkTil,Gd,TA,No,Unf,0.0,0.0,6.734591659972948,840.0,GasA,Ex,Y,SBrkr,6.734591659972948,-1.3877787807814457e-17,1680.0,0.0,0.0,2.0,0.0,4.0,0.6931471805599453,TA,Typ,0.0,Gd,Attchd,Unf,1.0,TA,TA,Y,0.0,0.0,5.081404364984463,0.0,0.0,0.0,0.0,2.9999999999999996,2008.0,WD,Normal,12.083910661257521
4.110873864173311,RL,109.0,14154.0,Reg,Lvl,Corner,NridgHt,Norm,1Fam,2Story,7.0,5.0,2006.0,2006.0,Gable,CompShg,VinylSd,VinylSd,BrkFace,5.860786223465865,Gd,TA,PConc,Ex,Gd,No,Unf,0.0,0.0,6.96979066990159,1063.0,GasA,Ex,Y,SBrkr,7.0048819897128585,-1.3877787807814457e-17,2172.0,0.0,0.0,2.0,1.0,3.0,0.6931471805599453,Gd,Typ,1.0,Gd,Attchd,RFn,3.0,TA,TA,Y,5.262690188904886,4.143134726391533,0.0,0.0,0.0,0.0,0.0,8.0,2007.0,New,Partial,12.54254845357358
4.110873864173311,FV,85.0,10800.0,Reg,Lvl,Inside,Somerst,Norm,1Fam,2Story,8.0,5.0,2007.0,2008.0,Gable,CompShg,VinylSd,VinylSd,Stone,4.61512051684126,Gd,TA,PConc,Ex,TA,No,GLQ,789.0,0.0,5.5053315359323625,1034.0,GasA,Ex,Y,SBrkr,6.9363427358340495,-1.3877787807814457e-17,2078.0,1.0,0.0,2.0,1.0,3.0,0.6931471805599453,Ex,Typ,1.0,Gd,Attchd,Fin,3.0,TA,TA,Y,0.0,4.634728988229636,0.0,0.0,0.0,0.0,0.0,4.0,2008.0,New,Partial,12.73596827534975
3.044522437723423,RL,68.0,9571.0,Reg,Lvl,Inside,Edwards,Norm,1Fam,1Story,5.0,3.5,1958.0,1958.0,Gable,CompShg,BrkComm,Brk Cmn,BrkFace,0.0,TA,Fa,CBlock,TA,Fa,No,Unf,0.0,0.0,7.152268856032539,1276.0,GasA,TA,Y,FuseA,0.0,-1.3877787807814457e-17,1276.0,0.0,0.0,1.0,0.0,3.0,0.6931471805599453,TA,Mod,0.0,Gd,Attchd,Unf,1.0,TA,TA,Y,0.0,0.0,0.0,0.0,0.0,0.0,0.0,6.0,2009.0,COD,Abnorml,11.002116507732017
4.983606621708336,RL,100.0,17673.5,Reg,Bnk,Inside,Gilbert,Norm,2fmCon,1Story,5.0,5.0,1955.0,1955.0,Hip,CompShg,Wd Sdng,Wd Sdng,BrkFace,0.0,TA,TA,CBlock,TA,TA,Mn,Rec,1056.0,0.0,0.0,1056.0,GasA,TA,N,SBrkr,0.0,-1.3877787807814457e-17,1056.0,1.0,0.0,1.0,0.0,3.0,0.6931471805599453,TA,Typ,0.0,Gd,Attchd,Fin,2.0,TA,TA,Y,5.579729825986222,0.0,0.0,0.0,0.0,0.0,0.0,1.0,2006.0,WD,Normal,11.884495917930655
3.044522437723423,FV,72.0,4403.0,IR2,Lvl,Inside,Somerst,Norm,1Fam,1Story,7.0,5.0,2009.0,2009.0,Gable,CompShg,MetalSd,MetalSd,Stone,6.030685260261263,Ex,TA,PConc,Ex,TA,Av,GLQ,578.0,0.0,6.794586580876499,1470.0,GasA,Ex,Y,SBrkr,0.0,-1.3877787807814457e-17,1478.0,1.0,0.0,2.0,1.0,2.0,0.6931471805599453,Gd,Typ,1.0,Gd,Attchd,Fin,2.0,TA,TA,Y,0.0,4.976733742420574,0.0,0.0,0.0,0.0,0.0,6.0,2010.0,New,Partial,12.310437165348775
3.4339872044851463,RM,56.0,8960.0,Reg,Lvl,Inside,OldTown,Artery,1Fam,1Story,5.0,6.0,1927.0,1950.0,Gable,CompShg,WdShing,Wd Shng,BrkFace,0.0,TA,TA,CBlock,TA,TA,No,Unf,0.0,0.0,6.9167150203536085,1008.0,GasA,Gd,Y,FuseA,0.0,-1.3877787807814457e-17,1028.0,0.0,0.0,1.0,0.0,2.0,0.6931471805599453,TA,Typ,1.0,Gd,Detchd,Unf,2.0,TA,TA,Y,0.0,0.0,4.875197323201151,0.0,0.0,0.0,0.0,2.9999999999999996,2010.0,WD,Normal,11.652696102959753
4.110873864173311,RL,59.0,11228.0,IR2,Lvl,CulDSac,SawyerW,Norm,1Fam,2Story,7.0,5.0,1993.0,1993.0,Gable,CompShg,VinylSd,VinylSd,BrkFace,0.0,Gd,TA,PConc,Gd,TA,No,BLQ,50.0,6.2766434893416445,6.214608098422191,1080.0,GasA,Ex,Y,SBrkr,6.925595197110468,-1.3877787807814457e-17,2097.0,0.0,0.6931471805599452,2.0,1.0,3.0,0.6931471805599453,Gd,Typ,1.0,TA,Attchd,Unf,3.0,TA,TA,Y,5.2832037287379885,5.14166355650266,0.0,0.0,0.0,0.0,0.0,12.0,2008.0,WD,Normal,12.337105293891872
3.044522437723423,RL,73.0,8899.0,IR1,Lvl,Inside,Gilbert,Norm,1Fam,1Story,7.0,5.0,2007.0,2007.0,Gable,CompShg,VinylSd,VinylSd,BrkFace,0.0,Gd,TA,PConc,Gd,TA,Av,GLQ,24.0,0.0,7.183111701743281,1340.0,GasA,Ex,Y,SBrkr,0.0,-1.3877787807814457e-17,1340.0,0.0,0.0,2.0,0.0,3.0,0.6931471805599453,Gd,Typ,0.0,Gd,Attchd,Fin,2.0,TA,TA,Y,4.61512051684126,3.4339872044851463,0.0,0.0,0.0,0.0,0.0,8.0,2007.0,New,Partial,12.106997888588934
4.110873864173311,RL,74.0,7844.0,Reg,Lvl,Inside,Sawyer,Norm,1Fam,2Story,6.0,7.0,1978.0,1978.0,Hip,CompShg,HdBoard,HdBoard,BrkFace,5.318119993844217,TA,TA,CBlock,TA,TA,No,ALQ,209.00000000000003,0.0,6.139884552226255,672.0,GasA,TA,Y,SBrkr,6.591673732008658,-1.3877787807814457e-17,1400.0,0.0,0.0,1.0,1.0,3.0,0.6931471805599453,TA,Typ,1.0,TA,Attchd,Fin,2.0,TA,TA,Y,0.0,0.0,0.0,0.0,0.0,0.0,0.0,2.9999999999999996,2006.0,WD,Normal,11.915058360753719
4.2626798770413155,RL,86.0,17673.5,IR1,Lvl,Inside,Crawfor,Feedr,1Fam,2Story,6.0,6.0,1918.0,1950.0,Hip,CompShg,Wd Sdng,Stucco,BrkFace,0.0,TA,TA,BrkTil,Gd,TA,No,BLQ,1128.0,0.0,5.493061443340548,1370.0,GasW,TA,N,FuseA,7.134890851565883,-1.3877787807814457e-17,2624.0,1.0,0.0,2.0,1.0,4.0,0.6931471805599453,TA,Typ,1.0,Gd,Detchd,Unf,3.0,TA,TA,N,0.0,0.0,0.0,0.0,0.0,0.0,0.0,11.0,2007.0,WD,Normal,12.384223015005313
3.9318256327243257,RL,60.0,8160.0,Reg,Lvl,Inside,Edwards,Norm,1Fam,1.5Fin,5.0,6.0,1940.0,1950.0,Gable,CompShg,MetalSd,MetalSd,BrkFace,0.0,TA,TA,BrkTil,TA,TA,No,ALQ,312.0,0.0,6.09807428216624,756.0,GasA,Fa,N,FuseF,5.937536205082426,-1.3877787807814457e-17,1134.0,1.0,0.0,1.0,1.0,3.0,0.6931471805599453,TA,Typ,0.0,Gd,Detchd,Unf,1.0,TA,TA,P,0.0,0.0,0.0,0.0,0.0,0.0,0.0,4.0,2007.0,WD,AdjLand,11.744045122410057
3.044522437723423,RL,65.0,8450.0,Reg,Lvl,Inside,NAmes,Norm,1Fam,1Story,5.0,6.0,1968.0,1968.0,Gable,CompShg,VinylSd,VinylSd,BrkFace,0.0,TA,TA,CBlock,TA,TA,No,BLQ,775.0,0.0,5.641907070938114,1056.0,GasA,Ex,Y,SBrkr,0.0,-1.3877787807814457e-17,1056.0,1.0,0.0,1.0,0.0,3.0,0.6931471805599453,TA,Typ,1.0,Fa,Attchd,Unf,1.0,TA,TA,Y,0.0,4.454347296253507,5.220355825078324,0.0,0.0,0.0,0.0,7.0,2010.0,WD,Normal,11.863589378812122
4.51085950651685,RM,78.0,7060.0,Reg,Lvl,Inside,Mitchel,Norm,Duplex,SFoyer,7.0,5.0,1997.0,1998.0,Gable,CompShg,VinylSd,VinylSd,BrkFace,5.303304908059076,TA,Gd,PConc,Gd,Gd,Gd,GLQ,1309.0,0.0,3.58351893845611,1344.0,GasA,Ex,Y,SBrkr,0.0,-1.3877787807814457e-17,1344.0,2.0,0.0,2.0,0.0,2.0,1.0986122886681098,TA,Typ,0.0,Gd,Attchd,Fin,3.5,TA,TA,Y,0.0,0.0,0.0,0.0,0.0,0.0,0.0,11.0,2008.0,WD,Alloca,12.237091546357338
3.044522437723423,RL,78.8,16635.0,IR1,Lvl,FR2,NWAmes,Norm,1Fam,1Story,6.0,7.0,1977.0,2000.0,Gable,CompShg,CemntBd,CmentBd,Stone,4.844187086458591,Gd,TA,CBlock,Gd,TA,No,ALQ,1246.0,0.0,5.877735781779639,1602.0,GasA,Gd,Y,SBrkr,0.0,-1.3877787807814457e-17,1602.0,0.0,0.6931471805599452,2.0,0.0,3.0,0.6931471805599453,Gd,Typ,1.0,TA,Attchd,Fin,2.0,TA,TA,Y,5.484796933490655,0.0,0.0,0.0,0.0,0.0,0.0,6.0,2009.0,WD,Normal,12.278397958261774
3.044522437723423,RL,100.0,17673.5,Reg,HLS,Inside,Mitchel,Artery,1Fam,1Story,5.0,5.0,1954.0,1954.0,Hip,CompShg,HdBoard,HdBoard,BrkFace,0.0,TA,TA,CBlock,TA,TA,No,Unf,0.0,0.0,6.8966943316227125,988.0,GasA,Ex,Y,FuseA,0.0,-1.3877787807814457e-17,988.0,0.0,0.0,1.0,0.0,2.0,0.6931471805599453,TA,Typ,0.0,Gd,Attchd,RFn,2.0,TA,TA,N,0.0,0.0,0.0,0.0,0.0,0.0,0.0,2.0,2008.0,WD,Normal,11.635151947212842
4.110873864173311,RL,80.0,9200.0,Reg,Lvl,Inside,NoRidge,Norm,1Fam,2Story,8.0,5.0,1998.0,1998.0,Gable,CompShg,VinylSd,VinylSd,BrkFace,6.030685260261263,Gd,TA,PConc,Gd,TA,No,GLQ,986.0,0.0,6.184148890937483,1470.0,GasA,Gd,Y,SBrkr,7.057036981697891,-1.3877787807814457e-17,2630.0,1.0,0.0,2.0,1.0,4.0,0.6931471805599453,Gd,Typ,1.0,TA,Attchd,Fin,3.0,TA,TA,Y,0.0,4.204692619390966,0.0,0.0,0.0,0.0,0.0,6.0,2008.0,WD,Normal,12.660331092405906
3.044522437723423,RL,72.0,9000.0,Reg,Lvl,Inside,NAmes,Norm,1Fam,1Story,6.0,5.0,1956.0,1956.0,Gable,CompShg,Wd Sdng,Wd Sdng,BrkFace,4.31748811353631,TA,TA,CBlock,Gd,TA,No,LwQ,616.0,0.0,6.364750756851911,1196.0,GasA,Gd,Y,FuseA,0.0,-1.3877787807814457e-17,1196.0,1.0,0.0,1.0,0.0,2.0,0.6931471805599453,TA,Typ,1.0,Gd,Attchd,RFn,1.0,TA,TA,Y,0.0,3.8066624897703196,0.0,0.0,0.0,0.0,0.0,5.0,2008.0,WD,Normal,11.842236406331555
4.110873864173311,RM,60.0,3378.0,Reg,HLS,Inside,OldTown,Norm,1Fam,2Story,7.0,7.5,1946.0,1992.0,Gable,CompShg,HdBoard,HdBoard,BrkFace,0.0,TA,Gd,CBlock,TA,TA,No,Unf,0.0,0.0,6.480044561926653,651.0,GasA,Gd,Y,SBrkr,6.526494859570791,-1.3877787807814457e-17,1389.0,0.0,0.0,1.0,1.0,3.0,0.6931471805599453,TA,Typ,2.0,Gd,Detchd,Unf,1.0,TA,TA,P,0.0,0.0,4.844187086458591,0.0,0.0,0.0,0.0,9.0,2009.0,WD,Normal,11.813037464800539
4.394449154672439,RL,62.0,12800.0,Reg,Low,Inside,SawyerW,Norm,1Fam,SLvl,7.0,5.0,1989.0,1989.0,Gable,CompShg,Wd Sdng,Wd Sdng,BrkFace,4.983606621708336,Gd,TA,PConc,Gd,TA,Gd,GLQ,1518.0,0.0,0.0,1518.0,GasA,Gd,Y,SBrkr,0.0,-1.3877787807814457e-17,1644.0,1.0,0.6931471805599452,2.0,0.0,2.0,0.6931471805599453,Gd,Typ,1.0,TA,Attchd,Fin,2.0,TA,TA,Y,4.394449154672439,0.0,0.0,0.0,5.983936280687191,0.0,0.0,8.0,2009.0,WD,Normal,12.524530013005734
3.044522437723423,RL,77.0,8593.0,IR1,Lvl,Inside,NAmes,Norm,1Fam,1Story,4.0,6.0,1957.0,1957.0,Hip,CompShg,MetalSd,MetalSd,BrkFace,0.0,TA,TA,CBlock,TA,TA,No,Rec,288.0,0.0,6.429719478039138,907.0,GasA,Ex,Y,SBrkr,0.0,-1.3877787807814457e-17,907.0,0.0,0.0,1.0,0.0,3.0,0.6931471805599453,TA,Typ,0.0,Gd,Detchd,Unf,1.0,TA,TA,Y,0.0,0.0,0.0,0.0,0.0,0.0,0.0,7.0,2008.0,WD,Normal,11.599185726610004
3.044522437723423,RL,64.0,6762.0,Reg,Lvl,Inside,CollgCr,Norm,1Fam,1Story,7.0,5.0,2007.0,2007.0,Gable,CompShg,VinylSd,VinylSd,BrkFace,4.6913478822291435,Gd,TA,PConc,Gd,TA,No,GLQ,664.0,0.0,6.300785794663244,1208.0,GasA,Ex,Y,SBrkr,0.0,-1.3877787807814457e-17,1208.0,1.0,0.0,2.0,0.0,2.0,0.6931471805599453,Gd,Typ,0.0,Gd,Attchd,RFn,2.0,TA,TA,Y,4.663439094112067,4.007333185232471,0.0,0.0,0.0,0.0,0.0,9.0,2007.0,New,Partial,12.182809136284991
3.044522437723423,RL,111.5,11457.0,IR1,Lvl,Corner,Timber,Norm,1Fam,1Story,6.0,5.0,1988.0,1988.0,Gable,CompShg,HdBoard,HdBoard,BrkFace,0.0,TA,TA,CBlock,Gd,TA,Mn,GLQ,1005.0,0.0,5.961005339623274,1392.0,GasA,TA,Y,SBrkr,0.0,-1.3877787807814457e-17,1412.0,1.0,0.0,2.0,0.0,3.0,0.6931471805599453,Gd,Typ,1.0,TA,Attchd,Unf,2.0,TA,TA,Y,0.0,0.0,5.135798437050262,0.0,0.0,0.0,0.0,2.9999999999999996,2009.0,WD,Normal,12.07254696717504
4.983606621708336,RM,27.500000000000007,1679.999999999999,Reg,Lvl,Inside,BrDale,Norm,Twnhs,2Story,6.0,5.0,1971.0,1971.0,Gable,CompShg,HdBoard,HdBoard,BrkFace,5.451038453565701,TA,TA,CBlock,TA,TA,No,ALQ,387.0,0.0,4.574710978503383,483.0,GasA,TA,Y,SBrkr,6.22455842927536,-1.3877787807814457e-17,987.0,0.0,0.0,1.0,1.0,2.0,0.6931471805599453,TA,Typ,0.0,Gd,Detchd,Unf,1.0,TA,TA,Y,0.0,0.0,0.0,0.0,0.0,0.0,0.0,7.0,2008.0,COD,Abnorml,11.355113089309977
3.9318256327243257,RM,60.0,5586.0,IR1,Bnk,Inside,OldTown,Feedr,1Fam,1.5Fin,6.0,7.0,1920.0,1998.0,Gable,CompShg,MetalSd,MetalSd,BrkFace,0.0,TA,TA,BrkTil,TA,TA,No,Unf,0.0,0.0,6.804614520062624,901.0,GasA,Gd,Y,SBrkr,4.709530201312334,-1.3877787807814457e-17,1198.0,0.0,0.0,1.0,0.0,4.0,0.6931471805599453,TA,Typ,0.0,Gd,Attchd,Unf,-2.220446049250313e-16,TA,TA,N,0.0,4.59511985013459,0.0,0.0,0.0,0.0,0.0,9.0,2008.0,ConLD,Abnorml,11.288543647320601
4.983606621708336,RM,27.500000000000007,1920.0,Reg,Lvl,Inside,BrDale,Norm,TwnhsE,2Story,5.0,5.0,1971.0,1971.0,Gable,CompShg,HdBoard,HdBoard,BrkFace,5.932245187448011,TA,TA,CBlock,TA,TA,No,ALQ,471.0,0.0,5.68697535633982,765.0,GasA,Ex,Y,SBrkr,6.398594934535208,-1.3877787807814457e-17,1365.0,1.0,0.0,1.0,1.0,2.0,0.6931471805599453,TA,Min1,0.0,Gd,Detchd,Unf,2.0,TA,TA,Y,5.484796933490655,3.6109179126442243,0.0,0.0,0.0,0.0,0.0,8.0,2007.0,WD,Normal,11.715874472198905
4.110873864173311,RL,100.0,10839.0,IR1,Lvl,Corner,Gilbert,Norm,1Fam,2Story,6.0,5.0,1997.0,1998.0,Gable,CompShg,VinylSd,VinylSd,BrkFace,0.0,TA,TA,PConc,Gd,TA,No,Unf,0.0,0.0,6.831953565565855,926.0,GasA,Ex,Y,SBrkr,6.520621127558696,-1.3877787807814457e-17,1604.0,0.0,0.0,2.0,1.0,3.0,0.6931471805599453,TA,Typ,1.0,TA,Attchd,Fin,2.0,TA,TA,Y,0.0,3.6109179126442243,0.0,0.0,0.0,0.0,0.0,7.0,2008.0,WD,Normal,12.10625783509458
4.983606621708336,RM,27.500000000000007,1890.0,Reg,Lvl,Inside,MeadowV,Norm,Twnhs,SFoyer,4.0,7.0,1972.0,1972.0,Gable,CompShg,CemntBd,CmentBd,BrkFace,0.0,TA,Gd,CBlock,Gd,TA,Av,ALQ,495.0,0.0,4.912654885736052,630.0,GasA,Gd,Y,SBrkr,0.0,-1.3877787807814457e-17,630.0,1.0,0.0,1.0,0.0,1.0,0.6931471805599453,TA,Typ,0.0,Gd,Attchd,Unf,-2.220446049250313e-16,TA,TA,Y,4.48863636973214,0.0,0.0,0.0,0.0,0.0,0.0,6.0,2008.0,WD,Normal,11.302216779257382
4.110873864173311,RL,43.0,10667.0,IR2,Lvl,CulDSac,CollgCr,PosN,1Fam,2Story,7.0,6.0,1996.0,1996.0,Gable,CompShg,VinylSd,VinylSd,BrkFace,0.0,Gd,TA,PConc,Gd,TA,Av,GLQ,385.0,5.84354441703136,4.2626798770413155,799.0,GasA,Ex,Y,SBrkr,6.727431724850854,-1.3877787807814457e-17,1661.0,1.0,0.0,2.0,1.0,3.0,0.6931471805599453,Gd,Typ,1.0,TA,Attchd,RFn,2.0,TA,TA,Y,5.0689042022202315,4.127134385045092,0.0,0.0,0.0,0.0,0.0,4.0,2009.0,ConLw,Normal,12.264346270624157
3.9318256327243257,RM,40.0,4400.0,Reg,Lvl,Inside,OldTown,Norm,1Fam,1.5Fin,6.0,7.5,1920.0,1950.0,Gable,CompShg,Stucco,Stucco,BrkFace,0.0,TA,TA,BrkTil,Fa,TA,No,Unf,0.0,0.0,6.47543271670409,648.0,GasA,TA,Y,FuseA,5.953243334287785,-1.3877787807814457e-17,1118.0,0.0,0.0,1.0,0.0,2.0,0.6931471805599453,TA,Typ,0.0,Gd,Detchd,Unf,2.0,TA,TA,Y,0.0,0.0,0.0,0.0,0.0,0.0,0.0,10.0,2006.0,WD,Normal,11.661354090741
3.828641396489095,RM,50.0,6000.0,Reg,Lvl,Inside,BrkSide,Norm,1Fam,1.5Unf,6.0,7.0,1926.0,2004.0,Gable,CompShg,Wd Sdng,Wd Sdng,BrkFace,0.0,Gd,TA,PConc,TA,TA,No,Unf,0.0,0.0,6.785587645007929,884.0,GasA,Gd,Y,SBrkr,0.0,-1.3877787807814457e-17,904.0,0.0,0.0,1.0,0.0,2.0,0.6931471805599453,TA,Typ,0.0,Gd,Detchd,Unf,1.0,TA,TA,Y,0.0,0.0,4.663439094112067,0.0,0.0,0.0,0.0,1.0,2009.0,WD,Normal,11.686887175419702
3.4339872044851463,RL,40.0,4280.0,Reg,Lvl,Inside,Crawfor,Norm,1Fam,1Story,5.0,6.0,1913.0,2002.0,Gable,CompShg,WdShing,Stucco,BrkFace,0.0,TA,TA,PConc,TA,TA,No,LwQ,365.0,0.0,4.330733340286331,440.0,GasA,TA,N,SBrkr,0.0,-1.3877787807814457e-17,694.0,0.0,0.0,1.0,0.0,2.0,0.6931471805599453,Gd,Typ,1.0,Gd,Detchd,Unf,1.0,Gd,TA,P,0.0,0.0,3.5553480614894135,0.0,0.0,0.0,0.0,2.9999999999999996,2007.0,WD,Normal,11.411457364027745
3.9318256327243257,RL,67.0,12354.0,Reg,Lvl,Corner,Edwards,Norm,1Fam,1.5Fin,6.0,7.5,1920.0,2000.0,Gable,CompShg,Wd Sdng,Wd Sdng,BrkFace,0.0,TA,TA,BrkTil,TA,Fa,Mn,Unf,0.0,0.0,6.529418838262226,684.0,GasA,Gd,Y,SBrkr,6.240275845170769,-1.3877787807814457e-17,1196.0,0.0,0.0,1.0,0.0,3.0,0.6931471805599453,Gd,Typ,0.0,Gd,Detchd,Unf,2.0,TA,TA,Y,0.0,3.8501476017100584,0.0,0.0,0.0,0.0,6.68586094706836,8.0,2009.0,ConLI,Normal,11.608244735642321
3.044522437723423,RL,105.0,15431.0,Reg,Lvl,Inside,NridgHt,Norm,1Fam,1Story,10.0,5.0,2008.0,2008.0,Hip,CompShg,VinylSd,VinylSd,Stone,5.303304908059076,Ex,TA,PConc,Ex,TA,Gd,GLQ,1767.0,6.2915691395583195,6.670766320845874,2052.0,GasA,Ex,Y,SBrkr,0.0,-1.3877787807814457e-17,2402.0,1.0,0.0,2.0,0.0,2.0,0.6931471805599453,Ex,Typ,2.0,Gd,Attchd,Fin,3.0,TA,TA,Y,0.0,4.290459441148391,0.0,0.0,5.14166355650266,0.0,0.0,4.0,2009.0,WD,Normal,13.22672519452875
4.51085950651685,RL,92.0,12108.0,Reg,Lvl,Inside,Edwards,Norm,Duplex,1Story,4.0,4.0,1955.0,1955.0,Gable,CompShg,VinylSd,VinylSd,BrkFace,5.602118820879701,TA,TA,CBlock,TA,TA,No,ALQ,133.0,0.0,7.176254532017144,1440.0,GasA,TA,N,FuseF,0.0,-1.3877787807814457e-17,1440.0,0.0,0.0,2.0,0.0,4.0,1.0986122886681098,Fa,Typ,0.0,Gd,Attchd,Unf,-2.220446049250313e-16,TA,TA,Y,0.0,0.0,0.0,0.0,0.0,0.0,0.0,9.0,2008.0,WD,Normal,11.678448377988165
3.9318256327243257,RM,52.0,6240.0,Reg,Lvl,Inside,BrkSide,Norm,1Fam,1.5Fin,5.0,7.0,1930.0,1992.0,Gable,CompShg,MetalSd,MetalSd,BrkFace,0.0,TA,TA,PConc,TA,TA,No,Unf,0.0,0.0,6.983789965258135,1078.0,GasA,TA,Y,SBrkr,6.100318952020064,-1.3877787807814457e-17,1573.0,0.0,0.0,2.0,0.0,3.0,0.6931471805599453,TA,Typ,1.0,Gd,Detchd,Unf,2.0,TA,TA,P,0.0,0.0,0.0,0.0,0.0,0.0,0.0,6.0,2008.0,WD,Normal,12.000897933306716
4.795790545596741,RL,53.0,3922.0,Reg,Lvl,Inside,Blmngtn,Norm,TwnhsE,1Story,7.0,5.0,2006.0,2007.0,Gable,CompShg,WdShing,Wd Shng,BrkFace,4.290459441148391,Gd,TA,PConc,Ex,TA,Av,Unf,0.0,0.0,7.138073034044347,1258.0,GasA,Ex,Y,SBrkr,0.0,-1.3877787807814457e-17,1258.0,0.0,0.0,2.0,0.0,2.0,0.6931471805599453,Gd,Typ,1.0,Gd,Attchd,Fin,3.0,TA,TA,Y,4.976733742420574,2.833213344056216,0.0,0.0,0.0,0.0,0.0,6.0,2007.0,New,Partial,12.058158312538197
4.110873864173311,RL,70.0,8750.0,Reg,Lvl,Inside,CollgCr,Norm,1Fam,2Story,7.0,5.0,1994.0,1995.0,Gable,CompShg,VinylSd,VinylSd,BrkFace,0.0,Gd,Gd,PConc,Gd,TA,No,GLQ,642.0,0.0,5.6131281063880705,915.0,GasA,Ex,Y,SBrkr,6.883462586413092,-1.3877787807814457e-17,1908.0,1.0,0.0,2.0,1.0,4.0,0.6931471805599453,Gd,Typ,1.0,TA,Attchd,Unf,2.0,TA,TA,Y,4.976733742420574,4.897839799950911,0.0,0.0,0.0,0.0,0.0,7.0,2008.0,WD,Normal,12.25486757159303
3.044522437723423,RL,73.0,9855.0,Reg,Lvl,Corner,Edwards,Norm,1Fam,1Story,6.0,5.0,1956.0,1956.0,Hip,CompShg,Wd Sdng,Wd Sdng,BrkFace,0.0,TA,TA,CBlock,TA,TA,No,Unf,0.0,0.0,7.270312886079025,1436.0,GasA,Fa,Y,SBrkr,0.0,-1.3877787807814457e-17,1689.0,0.0,0.0,1.0,0.0,3.0,0.6931471805599453,TA,Typ,1.0,Gd,Attchd,Unf,2.0,TA,TA,Y,0.0,0.0,0.0,0.0,0.0,0.0,0.0,11.0,2009.0,COD,Normal,11.755879486687116
3.044522437723423,RL,111.5,16492.0,IR1,Lvl,Corner,NAmes,PosA,1Fam,1Story,6.0,6.0,1966.0,2002.0,Gable,CompShg,BrkFace,Plywood,BrkFace,0.0,Gd,TA,CBlock,TA,TA,No,ALQ,247.0,6.570882962339583,6.324358962381311,1517.0,GasA,Ex,Y,SBrkr,0.0,-1.3877787807814457e-17,1888.0,0.0,0.0,2.0,1.0,2.0,0.6931471805599453,Gd,Mod,1.0,Gd,Attchd,Fin,2.0,TA,TA,Y,0.0,0.0,0.0,0.0,0.0,0.0,0.0,6.0,2010.0,WD,Normal,12.154784614286667
4.110873864173311,RL,57.599999999999994,11214.0,IR1,Lvl,Corner,Gilbert,Norm,1Fam,2Story,7.0,5.0,1998.0,1999.0,Gable,CompShg,VinylSd,VinylSd,BrkFace,0.0,Gd,TA,PConc,Gd,TA,No,Unf,0.0,0.0,6.836259277277067,930.0,GasA,Gd,Y,SBrkr,6.836259277277067,-1.3877787807814457e-17,1886.0,0.0,0.0,2.0,1.0,4.0,0.6931471805599453,Gd,Typ,1.0,TA,Attchd,Fin,2.0,TA,TA,Y,4.499809670330265,0.0,0.0,0.0,0.0,0.0,0.0,7.0,2006.0,WD,Normal,12.20557752297723
3.9318256327243257,RM,50.0,8600.0,Reg,Bnk,Inside,IDOTRR,Norm,1Fam,1.5Fin,6.0,6.0,1937.0,1950.0,Gable,CompShg,MetalSd,MetalSd,BrkFace,0.0,TA,TA,BrkTil,TA,TA,No,Unf,0.0,0.0,6.660575149839686,780.0,GasA,TA,Y,SBrkr,6.391917113392602,-1.3877787807814457e-17,1376.0,0.0,0.0,2.0,0.0,3.0,0.6931471805599453,TA,Typ,1.0,Gd,Detchd,Unf,1.0,TA,TA,N,0.0,0.0,0.0,0.0,0.0,0.0,0.0,6.0,2006.0,WD,Normal,11.691080018519527
3.9318256327243257,RM,50.0,6000.0,Reg,Lvl,Inside,OldTown,Norm,1Fam,1.5Fin,3.0,7.0,1948.0,2002.0,Gable,CompShg,MetalSd,MetalSd,BrkFace,0.0,TA,Gd,CBlock,TA,TA,No,ALQ,331.0,0.0,5.765191102784844,649.0,GasA,Ex,Y,SBrkr,6.22455842927536,-1.3877787807814457e-17,1183.0,0.0,0.0,1.0,1.0,2.0,0.6931471805599453,TA,Typ,0.0,Gd,Detchd,Unf,1.0,TA,TA,Y,0.0,5.14166355650266,0.0,0.0,0.0,0.0,0.0,6.0,2007.0,WD,Normal,11.695255355062795
3.4339872044851463,RM,70.0,5684.0,Reg,Lvl,Inside,OldTown,Norm,1Fam,1Story,6.0,7.5,1930.0,2005.0,Hip,CompShg,Wd Sdng,Wd Sdng,BrkFace,0.0,TA,TA,BrkTil,TA,TA,No,Unf,0.0,0.0,6.70196036600254,813.0,GasA,Ex,Y,FuseA,0.0,-1.3877787807814457e-17,813.0,0.0,0.0,1.0,0.0,2.0,0.6931471805599453,Gd,Typ,0.0,Gd,Detchd,Unf,1.0,Fa,Fa,N,0.0,4.736198448394496,0.0,0.0,0.0,0.0,0.0,6.0,2006.0,WD,Normal,11.608244735642321
3.044522437723423,RL,62.0,17673.5,IR1,Low,Inside,ClearCr,Norm,1Fam,1Story,7.0,5.0,1975.0,1975.0,Gable,WdShngl,Plywood,Plywood,BrkFace,0.0,TA,TA,CBlock,Gd,TA,Gd,ALQ,655.0,0.0,6.778784897685177,1533.0,GasA,TA,Y,SBrkr,0.0,-1.3877787807814457e-17,1533.0,1.0,0.0,2.0,0.0,2.0,0.6931471805599453,Gd,Typ,2.0,TA,Attchd,Unf,2.0,TA,TA,Y,5.303304908059076,4.007333185232471,0.0,0.0,0.0,0.0,0.0,12.0,2006.0,WD,Normal,12.54254845357358
4.110873864173311,RL,74.8,9303.0,IR1,Lvl,Corner,Timber,Norm,1Fam,2Story,6.0,5.0,1996.0,1997.0,Hip,CompShg,VinylSd,VinylSd,BrkFace,3.7612001156935624,Gd,TA,PConc,Ex,TA,No,ALQ,742.0,0.0,4.875197323201151,872.0,GasA,Ex,Y,SBrkr,6.767343125265393,-1.3877787807814457e-17,1756.0,1.0,0.0,2.0,1.0,3.0,0.6931471805599453,TA,Typ,0.0,Gd,Attchd,Fin,2.0,TA,TA,Y,4.976733742420574,4.812184355372417,0.0,0.0,0.0,0.0,0.0,7.0,2007.0,WD,Normal,12.225880174775122
4.110873864173311,FV,75.0,9000.0,Reg,Lvl,Inside,Somerst,Norm,1Fam,2Story,8.0,5.0,2008.0,2008.0,Gable,CompShg,VinylSd,VinylSd,BrkFace,0.0,Gd,TA,PConc,Gd,TA,No,Unf,0.0,0.0,6.645090969505644,768.0,GasA,Ex,Y,SBrkr,6.690842277418564,-1.3877787807814457e-17,1590.0,0.0,0.0,2.0,1.0,3.0,0.6931471805599453,Gd,Typ,0.0,Gd,Attchd,RFn,2.0,TA,TA,Y,0.0,3.4339872044851463,0.0,0.0,0.0,0.0,0.0,6.0,2009.0,WD,Normal,12.25486757159303
4.51085950651685,RL,63.0,9297.0,Reg,Lvl,Inside,Mitchel,Norm,Duplex,1Story,5.0,5.0,1976.0,1976.0,Gable,CompShg,Plywood,Plywood,BrkFace,0.0,TA,TA,CBlock,TA,TA,No,ALQ,1606.0,0.0,4.812184355372417,1728.0,GasA,TA,Y,SBrkr,0.0,-1.3877787807814457e-17,1728.0,2.0,0.0,2.0,0.0,4.0,1.0986122886681098,TA,Typ,0.0,Gd,Detchd,Unf,2.0,TA,TA,Y,0.0,0.0,0.0,0.0,0.0,0.0,0.0,7.0,2006.0,WD,Family,12.144202560946876
3.044522437723423,RL,80.0,9600.0,Reg,Lvl,Inside,NWAmes,Norm,1Fam,1Story,7.0,6.0,1973.0,1973.0,Hip,CompShg,HdBoard,HdBoard,BrkFace,5.771441123130016,TA,TA,CBlock,TA,TA,No,ALQ,916.0,0.0,5.7899601708972535,1242.0,GasA,Fa,Y,SBrkr,0.0,-1.3877787807814457e-17,1242.0,0.0,0.0,1.0,1.0,3.0,0.6931471805599453,TA,Typ,1.0,TA,Attchd,Unf,2.0,TA,TA,Y,0.0,0.0,0.0,0.0,0.0,0.0,0.0,9.0,2007.0,WD,Normal,12.075400019877522
4.2626798770413155,RM,34.0,4571.0,Reg,Lvl,Inside,OldTown,Norm,1Fam,2Story,5.0,5.0,1916.0,1950.0,Gable,CompShg,AsbShng,AsbShng,BrkFace,0.0,TA,TA,BrkTil,TA,TA,No,Unf,0.0,0.0,6.437751649736401,624.0,GasA,Fa,N,SBrkr,6.580639137284949,-1.3877787807814457e-17,1344.0,0.0,0.0,1.0,0.0,4.0,0.6931471805599453,TA,Typ,0.0,Gd,Detchd,Unf,3.0,Fa,Fa,Y,0.0,0.0,4.574710978503382,0.0,0.0,0.0,0.0,5.0,2008.0,COD,Abnorml,11.49273296168228
3.044522437723423,RL,78.1,17673.5,IR1,Low,CulDSac,ClearCr,Norm,1Fam,1Story,4.0,6.0,1954.0,1994.0,Flat,Tar&Grv,Plywood,Plywood,BrkFace,0.0,TA,TA,CBlock,Gd,TA,Gd,BLQ,1116.0,0.0,5.517452896464707,1364.0,GasA,Ex,Y,SBrkr,0.0,-1.3877787807814457e-17,1663.0,1.0,0.0,1.0,0.0,2.0,0.6931471805599453,Gd,Min1,2.0,Gd,Attchd,Fin,2.0,TA,TA,Y,5.41610040220442,4.927253685157205,0.0,0.0,0.0,0.0,0.0,2.9999999999999996,2008.0,WD,Normal,12.45293662970407
4.2626798770413155,RM,55.0,5100.0,Reg,Lvl,Inside,OldTown,Norm,1Fam,2Story,8.0,7.0,1925.0,1996.0,Hip,CompShg,Stucco,Wd Shng,BrkFace,0.0,TA,Gd,PConc,TA,TA,No,Unf,0.0,0.0,6.3784261836515865,588.0,GasA,Fa,Y,SBrkr,6.726233402358747,-1.3877787807814457e-17,1666.0,0.0,0.0,1.0,0.0,3.0,0.6931471805599453,Gd,Typ,1.0,Gd,Detchd,Unf,1.0,TA,TA,Y,5.262690188904886,4.1588830833596715,0.0,0.0,0.0,0.0,0.0,6.0,2008.0,WD,Normal,11.989165855127435
3.9318256327243257,RL,61.6,7015.0,IR1,Bnk,Corner,BrkSide,Norm,1Fam,1.5Fin,5.0,4.0,1950.0,1950.0,Gable,CompShg,MetalSd,MetalSd,BrkCmn,5.087596335232384,TA,TA,CBlock,TA,TA,No,LwQ,185.0,0.0,6.263398262591624,709.0,GasA,TA,Y,SBrkr,5.41610040220442,-1.3877787807814457e-17,1203.0,1.0,0.0,1.0,0.0,3.0,0.6931471805599453,Gd,Typ,1.0,TA,Detchd,Unf,1.0,TA,TA,Y,0.0,0.0,5.517452896464707,0.0,0.0,0.0,0.0,7.0,2009.0,WD,Normal,11.608244735642321
4.110873864173311,FV,75.0,8004.0,IR1,Lvl,Inside,Somerst,RRAn,1Fam,2Story,8.0,5.0,2009.0,2009.0,Gable,CompShg,VinylSd,VinylSd,Stone,4.709530201312334,Gd,TA,PConc,Gd,TA,No,GLQ,544.0,0.0,5.666426688112432,832.0,GasA,Ex,Y,SBrkr,7.00669522683704,-1.3877787807814457e-17,1935.0,1.0,0.0,2.0,1.0,3.0,0.6931471805599453,TA,Typ,0.0,Gd,BuiltIn,Fin,2.0,TA,TA,Y,0.0,5.017279836814924,0.0,0.0,0.0,0.0,0.0,12.0,2009.0,New,Partial,12.481565733211923
4.2626798770413155,RL,60.0,7200.0,Reg,Lvl,Inside,SWISU,Feedr,1Fam,2Story,7.0,7.5,1936.0,2007.0,Gable,CompShg,Wd Sdng,Wd Sdng,BrkFace,0.0,Gd,Gd,PConc,Gd,Gd,No,ALQ,350.0,5.351858133476066,0.0,560.0,GasA,Ex,Y,SBrkr,6.329720905522696,-1.3877787807814457e-17,1135.0,1.0,0.0,1.0,0.0,3.0,0.6931471805599453,Gd,Typ,0.0,Gd,Detchd,RFn,2.0,TA,TA,Y,5.54907608489522,0.0,0.0,0.0,0.0,0.0,0.0,4.0,2009.0,WD,Normal,11.951186847493476
3.044522437723423,RL,60.0,8281.0,IR1,Lvl,Inside,Sawyer,Norm,1Fam,1Story,5.0,5.0,1965.0,1965.0,Gable,CompShg,MetalSd,MetalSd,BrkFace,0.0,TA,TA,CBlock,TA,TA,No,Rec,553.0,5.743003187809482,0.0,864.0,GasA,Gd,Y,SBrkr,0.0,-1.3877787807814457e-17,864.0,0.0,0.0,1.0,0.0,3.0,0.6931471805599453,TA,Typ,1.0,Po,Detchd,Unf,1.0,TA,TA,Y,0.0,0.0,5.4680601411351315,0.0,0.0,0.0,0.0,12.0,2009.0,WD,Normal,11.04106411122238
4.2626798770413155,RL,74.0,11988.0,IR1,HLS,Inside,Crawfor,Norm,1Fam,2Story,6.0,7.0,1934.0,1995.0,Hip,CompShg,Stucco,Stucco,BrkFace,0.0,TA,TA,CBlock,TA,TA,No,LwQ,326.0,0.0,5.966146739123692,715.0,GasA,Fa,Y,FuseA,6.699500340161678,-1.3877787807814457e-17,1660.0,0.0,0.0,1.0,1.0,3.0,0.6931471805599453,TA,Typ,1.0,Gd,Detchd,Unf,1.0,TA,TA,Y,0.0,0.0,0.0,0.0,0.0,0.0,0.0,8.0,2008.0,WD,Normal,12.147919030759663
3.044522437723423,RL,60.0,8430.0,Reg,HLS,Inside,CollgCr,Norm,1Fam,1Story,5.0,5.0,1978.0,1978.0,Gable,CompShg,HdBoard,HdBoard,BrkFace,4.919980925828125,TA,TA,CBlock,Gd,TA,No,Rec,616.0,0.0,6.052089168924417,1040.0,GasA,TA,Y,SBrkr,0.0,-1.3877787807814457e-17,1040.0,0.0,0.0,2.0,0.0,3.0,0.6931471805599453,TA,Typ,0.0,Gd,Attchd,Unf,-2.220446049250313e-16,TA,TA,Y,0.0,0.0,0.0,0.0,0.0,0.0,0.0,8.0,2009.0,WD,Normal,11.728044909070785
4.795790545596741,RM,47.0,3072.0,Reg,Lvl,Inside,Blmngtn,Norm,TwnhsE,1Story,7.0,5.0,2004.0,2004.0,Hip,CompShg,VinylSd,VinylSd,BrkFace,2.9444389791664403,Gd,TA,PConc,Gd,TA,No,Unf,0.0,0.0,7.226936018493289,1375.0,GasA,Ex,Y,SBrkr,0.0,-1.3877787807814457e-17,1414.0,0.0,0.0,2.0,0.0,2.0,0.6931471805599453,Gd,Typ,1.0,TA,Attchd,Fin,2.0,TA,TA,Y,4.976733742420574,3.044522437723423,0.0,0.0,0.0,0.0,0.0,5.0,2006.0,WD,Normal,12.093693109638318
3.044522437723423,RL,85.0,10628.0,Reg,Lvl,Inside,NAmes,Norm,1Fam,1Story,7.0,5.0,1970.0,1970.0,Flat,Tar&Grv,Plywood,Plywood,BrkFace,0.0,TA,Gd,CBlock,TA,Gd,Gd,GLQ,778.0,0.0,6.214608098422191,1277.0,GasA,TA,Y,SBrkr,0.0,-1.3877787807814457e-17,1277.0,1.0,0.0,1.0,0.0,2.0,0.6931471805599453,TA,Typ,1.0,Po,Attchd,Unf,2.0,TA,TA,Y,0.0,0.0,0.0,0.0,5.176149732573829,0.0,0.0,4.0,2007.0,WD,Normal,12.025755079404917
4.2626798770413155,RL,79.0,9480.0,Reg,Lvl,Inside,NAmes,Artery,1Fam,2Story,5.0,7.0,1942.0,1995.0,Gable,CompShg,MetalSd,MetalSd,Stone,5.41610040220442,TA,TA,CBlock,TA,TA,No,LwQ,386.0,0.0,5.8377304471659395,728.0,GasA,Ex,Y,SBrkr,6.6293632534374485,-1.3877787807814457e-17,1644.0,0.0,0.0,1.0,1.0,3.0,0.6931471805599453,Gd,Typ,2.0,Gd,Attchd,Unf,1.0,TA,TA,Y,5.1298987149230735,0.0,0.0,0.0,0.0,0.0,0.0,6.0,2007.0,WD,Normal,11.89478753335453
3.044522437723423,RL,98.0,11428.0,IR1,Lvl,Inside,NridgHt,Norm,1Fam,1Story,8.0,5.0,2006.0,2006.0,Gable,CompShg,VinylSd,VinylSd,Stone,5.517452896464707,Gd,TA,PConc,Gd,TA,No,Unf,0.0,0.0,7.394493107219038,1626.0,GasA,Ex,Y,SBrkr,0.0,-1.3877787807814457e-17,1634.0,0.0,0.0,2.0,0.0,3.0,0.6931471805599453,Gd,Typ,1.0,Gd,Attchd,RFn,3.0,TA,TA,Y,0.0,3.8066624897703196,0.0,0.0,0.0,0.0,0.0,5.0,2007.0,WD,Normal,12.429220196836383
4.110873864173311,RL,76.0,9291.0,IR1,Lvl,Corner,SawyerW,RRNe,1Fam,2Story,6.0,5.0,1993.0,1993.0,Gable,CompShg,HdBoard,HdBoard,BrkFace,4.795790545596741,Gd,TA,PConc,Gd,TA,No,GLQ,426.0,0.0,6.008813185442595,832.0,GasA,Ex,Y,SBrkr,6.778784897685178,-1.3877787807814457e-17,1710.0,0.0,0.0,2.0,1.0,3.0,0.6931471805599453,Gd,Typ,0.0,Gd,Attchd,RFn,2.0,TA,TA,Y,4.976733742420574,4.2626798770413155,0.0,0.0,0.0,0.0,0.0,6.0,2008.0,WD,Normal,12.138869243416009
4.795790545596741,RL,56.2,6820.0,IR1,Lvl,Corner,StoneBr,Norm,TwnhsE,1Story,8.0,5.0,1985.0,1985.0,Gable,CompShg,HdBoard,HdBoard,BrkFace,0.0,Gd,TA,PConc,Gd,TA,Av,GLQ,368.0,7.021976423072159,0.0,1488.0,GasA,TA,Y,SBrkr,0.0,-1.3877787807814457e-17,1502.0,1.0,0.0,1.0,1.0,1.0,0.6931471805599453,Gd,Typ,0.0,Gd,Attchd,RFn,2.0,TA,TA,Y,0.0,4.007333185232471,0.0,0.0,4.948759890378168,0.0,0.0,6.0,2010.0,WD,Normal,12.264346270624157
4.110873864173311,RL,92.0,11952.0,Reg,Lvl,Inside,NWAmes,PosA,1Fam,2Story,7.0,6.0,1977.0,1977.0,Mansard,WdShake,WdShing,Plywood,BrkFace,0.0,TA,TA,CBlock,Gd,TA,No,Unf,0.0,0.0,6.695798917058491,808.0,GasA,TA,Y,SBrkr,6.695798917058491,-1.3877787807814457e-17,1969.0,0.0,0.0,2.0,1.0,3.0,0.6931471805599453,TA,Typ,1.0,Gd,Attchd,RFn,2.0,TA,TA,Y,0.0,0.0,0.0,0.0,5.6240175061873385,0.0,0.0,11.0,2007.0,WD,Normal,12.154784614286667
4.983606621708336,RM,35.0,3675.0,Reg,Lvl,Inside,Edwards,Norm,TwnhsE,SLvl,6.0,5.0,2005.0,2005.0,Gable,CompShg,VinylSd,VinylSd,BrkFace,4.394449154672439,TA,TA,PConc,Gd,TA,Gd,GLQ,459.0,0.0,4.48863636973214,547.0,GasA,Ex,Y,SBrkr,0.0,-1.3877787807814457e-17,1072.0,1.0,0.0,1.0,0.0,2.0,0.6931471805599453,TA,Typ,0.0,Gd,Basment,RFn,2.0,TA,TA,Y,0.0,3.367295829986474,0.0,0.0,0.0,0.0,0.0,6.0,2008.0,WD,Normal,11.904974309480183
3.044522437723423,RL,110.0,14977.0,IR1,Lvl,Inside,NridgHt,Norm,1Fam,1Story,8.0,5.0,2006.0,2007.0,Gable,CompShg,VinylSd,VinylSd,BrkFace,5.720311776607412,Gd,TA,PConc,Ex,TA,Gd,GLQ,1350.0,0.0,6.440946540632921,1976.0,GasA,Ex,Y,SBrkr,0.0,-1.3877787807814457e-17,1976.0,1.0,0.0,2.0,0.0,2.0,0.6931471805599453,Gd,Typ,1.0,Ex,Attchd,RFn,3.0,TA,TA,Y,5.5254529391317835,4.1588830833596715,0.0,0.0,0.0,0.0,0.0,7.0,2007.0,New,Partial,12.994532278619134
4.795790545596741,RL,41.0,5330.0,Reg,Lvl,Inside,StoneBr,Norm,TwnhsE,1Story,8.0,5.0,2000.0,2000.0,Gable,CompShg,CemntBd,CmentBd,BrkFace,0.0,Gd,TA,PConc,Gd,TA,Av,GLQ,1196.0,0.0,5.700443573390687,1494.0,GasA,Ex,Y,SBrkr,0.0,-1.3877787807814457e-17,1652.0,1.0,0.0,2.0,0.0,2.0,0.6931471805599453,Ex,Typ,0.0,Gd,Attchd,RFn,2.0,TA,TA,Y,4.574710978503383,3.8918202981106265,0.0,0.0,0.0,0.0,0.0,8.0,2007.0,WD,Normal,12.433212202169729
3.044522437723423,RL,80.0,8480.0,Reg,Lvl,Corner,Sawyer,Norm,1Fam,1Story,5.0,6.0,1963.0,1963.0,Hip,CompShg,HdBoard,HdBoard,BrkFace,0.0,TA,TA,CBlock,TA,TA,No,GLQ,630.0,0.0,5.831882477283517,970.0,GasA,TA,Y,SBrkr,0.0,-1.3877787807814457e-17,970.0,1.0,0.0,1.0,0.0,2.0,0.6931471805599453,TA,Typ,0.0,Gd,Detchd,Unf,2.0,TA,TA,Y,0.0,3.2188758248682006,0.0,0.0,5.262690188904886,0.0,0.0,7.0,2007.0,WD,Normal,11.794345471549745
3.044522437723423,RL,75.0,13125.0,Reg,Lvl,Inside,CollgCr,Norm,1Fam,1Story,6.0,5.0,1997.0,1998.0,Gable,CompShg,VinylSd,VinylSd,BrkFace,5.375278407684165,TA,TA,PConc,Gd,TA,Gd,GLQ,994.0,0.0,6.184148890937483,1478.0,GasA,Ex,Y,SBrkr,0.0,-1.3877787807814457e-17,1493.0,1.0,0.0,2.0,0.0,3.0,0.6931471805599453,Gd,Typ,1.0,TA,Attchd,Fin,2.0,TA,TA,Y,4.948759890378168,3.6888794541139363,0.0,0.0,0.0,0.0,0.0,4.0,2008.0,WD,Normal,12.249615734512616
4.110873864173311,RL,105.0,13693.0,Reg,Lvl,Inside,NridgHt,Norm,1Fam,2Story,9.0,5.0,2006.0,2006.0,Hip,CompShg,VinylSd,VinylSd,BrkFace,6.030685260261263,Ex,TA,PConc,Gd,TA,Av,Unf,0.0,0.0,7.430410654501705,2052.0,GasA,Ex,Y,SBrkr,6.354370040797351,-1.3877787807814457e-17,2643.0,0.0,0.0,2.0,1.0,3.0,0.6931471805599453,Ex,Typ,1.0,Gd,BuiltIn,Fin,3.0,TA,TA,Y,6.028278520230698,4.442651256490317,0.0,0.0,0.0,0.0,0.0,2.9999999999999996,2007.0,WD,Normal,12.847929163278053
3.044522437723423,RL,79.0,10637.0,Reg,Lvl,Inside,CollgCr,Norm,1Fam,1Story,8.0,5.0,2007.0,2008.0,Hip,CompShg,VinylSd,VinylSd,Stone,5.820082930352362,Gd,TA,PConc,Ex,TA,Gd,GLQ,1288.0,0.0,6.035481432524756,1705.0,GasA,Ex,Y,SBrkr,0.0,-1.3877787807814457e-17,1718.0,1.0,0.0,2.0,0.0,3.0,0.6931471805599453,Gd,Typ,1.0,Gd,Attchd,RFn,3.0,TA,TA,Y,5.342334251964811,3.8066624897703196,0.0,0.0,0.0,0.0,0.0,9.0,2009.0,WD,Normal,12.601490784782536
3.4339872044851463,RM,50.0,5925.0,Reg,Bnk,Inside,OldTown,Norm,1Fam,1Story,4.0,7.0,1937.0,2000.0,Hip,CompShg,Stucco,Stucco,BrkCmn,6.030685260261263,TA,TA,BrkTil,Fa,TA,No,Rec,168.0,0.0,6.606650186198215,907.0,GasA,TA,Y,SBrkr,0.0,-1.3877787807814457e-17,1131.0,0.0,0.0,1.0,0.0,2.0,0.6931471805599453,TA,Typ,0.0,Gd,Detchd,Unf,2.0,TA,TA,Y,0.0,4.290459441148391,0.0,0.0,0.0,0.0,0.0,2.9999999999999996,2007.0,WD,Alloca,11.401681006153428
3.044522437723423,RL,98.0,16033.0,IR1,Lvl,FR2,NridgHt,Norm,1Fam,1Story,9.0,5.0,2004.0,2005.0,Hip,CompShg,VinylSd,VinylSd,BrkFace,5.937536205082426,Gd,TA,PConc,Ex,TA,Gd,GLQ,1261.0,0.0,6.35088571671474,1833.0,GasA,Ex,Y,SBrkr,0.0,-1.3877787807814457e-17,1850.0,1.0,0.0,2.0,0.0,3.0,0.6931471805599453,Gd,Typ,1.0,Gd,Attchd,Fin,3.0,TA,TA,Y,6.042632833682381,4.727387818712341,0.0,0.0,0.0,0.0,0.0,2.9999999999999996,2006.0,WD,Normal,12.694655727828803
3.044522437723423,RL,72.0,11846.0,IR1,HLS,Inside,NridgHt,Norm,1Fam,1Story,9.0,5.0,2003.0,2004.0,Hip,CompShg,VinylSd,VinylSd,BrkFace,6.030685260261263,Gd,TA,PConc,Ex,TA,Gd,GLQ,1567.0,0.0,5.420534999272286,1792.0,GasA,Ex,Y,SBrkr,0.0,-1.3877787807814457e-17,1792.0,1.0,0.0,2.0,0.0,2.0,0.6931471805599453,Ex,Typ,1.0,Gd,Attchd,Fin,3.0,TA,TA,Y,5.332718793265369,3.912023005428146,0.0,0.0,0.0,0.0,0.0,8.0,2006.0,WD,Normal,12.832013750189885
4.2626798770413155,RM,50.0,2500.0,Reg,Lvl,Corner,OldTown,Norm,1Fam,2Story,7.0,7.5,1915.0,2005.0,Gable,CompShg,Stucco,Stucco,BrkFace,0.0,Gd,TA,PConc,TA,TA,No,ALQ,299.0,0.0,6.416732282512326,910.0,GasA,Ex,Y,SBrkr,6.814542897259958,-1.3877787807814457e-17,1826.0,1.0,0.0,1.0,1.0,4.0,0.6931471805599453,Ex,Min2,1.0,Gd,Attchd,Unf,1.0,Fa,Fa,Y,0.0,0.0,0.0,0.0,0.0,0.0,0.0,6.0,2009.0,WD,Normal,11.951186847493476
4.795790545596741,RM,32.0,4500.0,Reg,Lvl,FR2,Mitchel,Norm,Twnhs,1Story,6.0,5.0,1998.0,1998.0,Hip,CompShg,VinylSd,VinylSd,BrkFace,4.762173934797756,TA,TA,PConc,Ex,TA,No,GLQ,897.0,0.0,5.768320995793772,1216.0,GasA,Ex,Y,SBrkr,0.0,-1.3877787807814457e-17,1216.0,1.0,0.0,2.0,0.0,2.0,0.6931471805599453,TA,Typ,0.0,Gd,Attchd,Unf,2.0,TA,TA,Y,0.0,4.836281906951478,0.0,0.0,0.0,0.0,0.0,5.0,2006.0,WD,Normal,12.00762780434872
3.044522437723423,RL,65.4,7758.0,IR1,Lvl,Corner,Sawyer,Norm,1Fam,1Story,5.0,7.0,1962.0,2001.0,Gable,CompShg,HdBoard,Plywood,BrkFace,0.0,TA,Gd,CBlock,TA,TA,No,ALQ,588.0,0.0,6.021023349349527,999.0,GasA,Gd,Y,SBrkr,0.0,-1.3877787807814457e-17,999.0,1.0,0.0,1.0,0.0,3.0,0.6931471805599453,Gd,Typ,0.0,Gd,Detchd,Unf,1.0,TA,TA,Y,0.0,4.890349128221754,0.0,0.0,0.0,0.0,0.0,2.9999999999999996,2007.0,WD,Normal,11.794345471549745
3.044522437723423,RL,80.0,9600.0,Reg,Lvl,Inside,NAmes,Norm,1Fam,1Story,5.0,7.0,1950.0,2007.0,Gable,CompShg,MetalSd,MetalSd,BrkFace,0.0,Gd,TA,CBlock,TA,TA,No,ALQ,607.0,0.0,6.2285110035911835,1113.0,GasA,Gd,Y,SBrkr,0.0,-1.3877787807814457e-17,1113.0,0.0,0.0,1.0,0.0,3.0,0.6931471805599453,Gd,Typ,1.0,Gd,Attchd,Unf,1.0,TA,TA,Y,0.0,4.394449154672439,4.795790545596741,0.0,0.0,0.0,0.0,7.0,2009.0,WD,Normal,11.898194668458823
3.044522437723423,RL,79.0,10289.0,Reg,Lvl,Inside,NAmes,Norm,1Fam,1Story,5.0,7.0,1965.0,1965.0,Hip,CompShg,MetalSd,MetalSd,BrkFace,5.1298987149230735,TA,TA,CBlock,TA,TA,No,ALQ,836.0,0.0,5.472270673671475,1073.0,GasA,TA,Y,SBrkr,0.0,-1.3877787807814457e-17,1073.0,1.0,0.0,1.0,1.0,3.0,0.6931471805599453,TA,Typ,0.0,Gd,Attchd,RFn,2.0,TA,TA,Y,0.0,0.0,0.0,0.0,0.0,0.0,0.0,6.0,2007.0,WD,Normal,11.957617696467539
3.044522437723423,RL,70.0,12243.0,IR1,Lvl,Inside,NWAmes,Norm,1Fam,1Story,5.0,6.0,1971.0,1971.0,Gable,CompShg,Plywood,Plywood,BrkFace,0.0,TA,TA,CBlock,Gd,TA,Av,ALQ,998.0,0.0,6.18826412308259,1484.0,GasA,Gd,Y,SBrkr,0.0,-1.3877787807814457e-17,1484.0,0.0,0.0,2.0,0.0,3.0,0.6931471805599453,TA,Typ,1.0,TA,Attchd,Unf,2.0,TA,TA,Y,5.41610040220442,0.0,0.0,0.0,5.198497031265826,0.0,0.0,2.0,2007.0,WD,Normal,12.07254696717504
4.983606621708336,RL,60.0,10800.0,Reg,Lvl,Corner,OldTown,Norm,2fmCon,1.5Fin,5.0,4.0,1900.0,1970.0,Gable,CompShg,Wd Sdng,Wd Sdng,BrkFace,0.0,TA,Fa,CBlock,TA,Fa,No,BLQ,664.0,0.0,5.673323267171493,954.0,GasA,TA,N,FuseA,6.47543271670409,-1.3877787807814457e-17,2414.0,0.0,0.0,2.0,0.0,3.0,1.0986122886681098,TA,Mod,1.0,Gd,Attchd,Unf,2.0,TA,Fa,N,4.962844630259907,0.0,0.0,0.0,0.0,0.0,0.0,5.0,2006.0,ConLD,Normal,11.982935344196433
4.983606621708336,RM,27.500000000000007,1526.0,Reg,Lvl,Inside,MeadowV,Norm,Twnhs,SFoyer,4.0,7.5,1970.0,2002.0,Gable,CompShg,CemntBd,CmentBd,BrkFace,0.0,TA,Gd,CBlock,Gd,TA,Av,GLQ,515.0,0.0,4.7535901911063645,630.0,GasA,TA,Y,SBrkr,0.0,-1.3877787807814457e-17,630.0,1.0,0.0,1.0,0.0,1.0,0.6931471805599453,Gd,Typ,0.0,Gd,Attchd,Unf,1.0,TA,TA,Y,0.0,0.0,0.0,0.0,0.0,0.0,0.0,5.0,2009.0,WD,Normal,11.362114203075018
4.983606621708336,RM,41.900000000000006,2665.0,Reg,Lvl,Inside,MeadowV,Norm,TwnhsE,2Story,5.0,6.0,1976.0,1976.0,Gable,CompShg,CemntBd,CmentBd,BrkFace,0.0,TA,TA,PConc,Gd,TA,Mn,Unf,0.0,0.0,5.579729825986222,264.0,GasA,TA,Y,SBrkr,6.535241271013659,-1.3877787807814457e-17,1304.0,0.0,0.0,1.0,1.0,3.0,0.6931471805599453,TA,Typ,1.0,Gd,BuiltIn,Fin,1.0,TA,TA,Y,4.955827057601261,3.2188758248682006,0.0,0.0,0.0,0.0,0.0,6.0,2008.0,WD,Normal,11.652696102959753
3.9318256327243257,RL,79.0,9490.0,Reg,Lvl,Inside,NAmes,Artery,1Fam,1.5Fin,6.0,7.0,1941.0,1950.0,Gable,CompShg,Wd Sdng,Wd Sdng,BrkFace,0.0,TA,TA,CBlock,TA,TA,No,BLQ,403.0,5.111987788356544,5.476463551931511,806.0,GasA,TA,Y,FuseA,6.431331081933479,-1.3877787807814457e-17,1578.0,1.0,0.0,1.0,0.0,3.0,0.6931471805599453,Fa,Typ,2.0,TA,Attchd,Unf,1.0,TA,TA,Y,0.0,0.0,3.4965075614664802,0.0,0.0,0.0,0.0,8.0,2006.0,WD,Normal,11.798111925972618
4.110873864173311,RL,105.0,15578.0,IR1,Lvl,Corner,Gilbert,Norm,1Fam,2Story,6.0,5.0,2006.0,2006.0,Gable,CompShg,VinylSd,VinylSd,BrkFace,0.0,Gd,TA,PConc,Gd,TA,No,Unf,0.0,0.0,6.591673732008658,728.0,GasA,Gd,Y,SBrkr,6.591673732008658,-1.3877787807814457e-17,1456.0,0.0,0.0,2.0,1.0,3.0,0.6931471805599453,TA,Typ,0.0,Gd,Attchd,RFn,2.0,TA,TA,Y,0.0,0.0,0.0,0.0,0.0,0.0,0.0,5.0,2006.0,New,Partial,12.059809113551397
3.044522437723423,RL,70.0,7931.0,Reg,Lvl,Inside,NAmes,Norm,1Fam,1Story,5.0,6.0,1960.0,1960.0,Gable,CompShg,BrkFace,Wd Sdng,BrkFace,0.0,TA,TA,CBlock,TA,TA,No,BLQ,374.0,6.278521424165843,5.8971538676367405,1269.0,GasA,TA,Y,FuseA,0.0,-1.3877787807814457e-17,1269.0,0.0,0.0,1.0,1.0,3.0,0.6931471805599453,TA,Typ,1.0,Fa,Detchd,Unf,1.0,TA,TA,Y,0.0,0.0,0.0,0.0,0.0,0.0,0.0,6.0,2008.0,WD,Normal,11.951186847493476
3.4339872044851463,RM,50.0,5784.0,Reg,Lvl,Inside,OldTown,Artery,1Fam,1Story,5.0,7.5,1938.0,1996.0,Gable,CompShg,MetalSd,MetalSd,BrkFace,0.0,TA,TA,BrkTil,Fa,TA,No,Unf,0.0,0.0,5.25227342804663,190.0000000000001,GasA,Gd,Y,FuseA,0.0,-1.3877787807814457e-17,886.0,0.0,0.0,1.0,0.0,2.0,0.6931471805599453,TA,Typ,0.0,Gd,Attchd,Unf,1.0,TA,TA,Y,4.976733742420574,3.044522437723423,4.394449154672439,0.0,0.0,0.0,0.0,12.0,2009.0,WD,Normal,11.421917019425596
3.4339872044851463,C (all),60.0,7879.0,Reg,Lvl,Inside,IDOTRR,Norm,1Fam,1Story,4.0,5.0,1920.0,1950.0,Gable,CompShg,Wd Sdng,Wd Sdng,BrkFace,0.0,TA,TA,CBlock,TA,TA,No,Rec,495.0,0.0,5.420534999272286,720.0,GasA,TA,N,FuseA,0.0,-1.3877787807814457e-17,720.0,0.0,0.0,1.0,0.0,2.0,0.6931471805599453,TA,Typ,0.0,Gd,Attchd,Unf,-2.220446049250313e-16,TA,TA,N,0.0,5.14166355650266,4.7535901911063645,0.0,0.0,0.0,0.0,11.0,2009.0,WD,Abnorml,10.460270761075149
3.044522437723423,RL,84.3,12692.0,IR1,Lvl,Inside,NoRidge,Norm,1Fam,1Story,8.0,5.0,1992.0,1993.0,Hip,CompShg,BrkFace,BrkFace,BrkFace,0.0,Gd,TA,PConc,Gd,TA,No,GLQ,1231.0,0.0,7.430410654501705,2052.0,GasA,Ex,Y,SBrkr,0.0,-1.3877787807814457e-17,2747.625,1.0,0.0,3.0,0.0,4.0,0.6931471805599453,Gd,Typ,1.0,Gd,Attchd,RFn,2.0,TA,TA,Y,5.579729825986222,4.330733340286331,5.676753802268282,0.0,0.0,0.0,0.0,5.0,2007.0,WD,Normal,12.971542813248437
3.9318256327243257,RL,60.0,9120.0,Reg,Lvl,Inside,BrkSide,Norm,1Fam,1.5Fin,7.0,6.0,1925.0,1950.0,Gable,CompShg,Wd Sdng,Wd Sdng,BrkFace,0.0,TA,Gd,PConc,TA,TA,No,Rec,329.0,0.0,6.548219102762372,1026.0,GasA,Ex,Y,SBrkr,6.5337888379333435,-1.3877787807814457e-17,1820.0,1.0,0.0,2.0,0.0,4.0,0.6931471805599453,TA,Typ,0.0,Gd,Detchd,Unf,1.0,TA,TA,N,0.0,4.61512051684126,0.0,0.0,0.0,0.0,0.0,6.0,2008.0,WD,Normal,12.122696471358964
3.044522437723423,RL,65.0,7800.0,Reg,Lvl,Inside,Sawyer,Norm,1Fam,1Story,5.0,7.0,1967.0,2004.0,Hip,CompShg,HdBoard,HdBoard,BrkFace,4.499809670330265,TA,TA,PConc,TA,TA,No,ALQ,450.0,0.0,6.028278520230698,864.0,GasA,Ex,Y,SBrkr,0.0,-1.3877787807814457e-17,899.0,0.0,0.0,1.0,0.0,3.0,0.6931471805599453,Gd,Typ,0.0,Gd,Attchd,Fin,1.0,TA,TA,Y,4.174387269895637,0.0,0.0,0.0,0.0,0.0,0.0,6.0,2009.0,WD,Normal,11.775297421715827
3.044522437723423,RL,70.0,7535.0,IR1,Lvl,Inside,NAmes,Norm,1Fam,1Story,5.0,7.0,1958.0,1985.0,Gable,CompShg,MetalSd,MetalSd,BrkFace,0.0,TA,TA,CBlock,TA,TA,No,BLQ,111.0,5.634789603169249,6.259581464064923,912.0,GasA,Fa,Y,SBrkr,0.0,-1.3877787807814457e-17,912.0,0.0,0.6931471805599452,1.0,0.0,2.0,0.6931471805599453,TA,Typ,0.0,Gd,Attchd,Fin,1.0,TA,TA,Y,2.5649493574615367,5.14166355650266,0.0,0.0,0.0,0.0,6.175867270105762,6.0,2007.0,WD,Normal,11.695255355062795
4.983606621708336,RM,27.500000000000007,1890.0,Reg,Lvl,Inside,BrDale,Norm,Twnhs,2Story,6.0,5.0,1973.0,1973.0,Gable,CompShg,HdBoard,HdBoard,BrkFace,5.655991810819852,TA,TA,CBlock,TA,TA,No,BLQ,356.0,0.0,5.75890177387728,672.0,GasA,TA,Y,SBrkr,6.304448802421982,-1.3877787807814457e-17,1218.0,0.0,0.0,1.0,1.0,3.0,0.6931471805599453,TA,Typ,0.0,Gd,Detchd,Unf,1.0,TA,TA,Y,4.976733742420574,3.367295829986474,0.0,0.0,0.0,0.0,0.0,5.0,2007.0,WD,Normal,11.635151947212842
4.110873864173311,FV,75.0,9803.0,Reg,Lvl,Inside,Somerst,Norm,1Fam,2Story,7.0,5.0,2005.0,2005.0,Gable,CompShg,VinylSd,VinylSd,BrkFace,0.0,Gd,TA,PConc,Gd,TA,No,GLQ,400.0,0.0,6.1463292576688975,866.0,GasA,Gd,Y,SBrkr,6.8057225534169845,-1.3877787807814457e-17,1768.0,0.0,0.0,2.0,1.0,3.0,0.6931471805599453,Gd,Typ,0.0,Gd,Attchd,RFn,2.0,TA,TA,Y,0.0,4.6913478822291435,0.0,0.0,0.0,0.0,0.0,2.0,2008.0,WD,Normal,12.331387247601905
3.044522437723423,RL,70.0,9170.0,Reg,Lvl,Corner,Edwards,Feedr,1Fam,1Story,5.0,7.0,1965.0,1965.0,Hip,CompShg,MetalSd,MetalSd,BrkFace,0.0,TA,TA,CBlock,TA,TA,No,ALQ,698.0,4.574710978503383,6.042632833682381,1214.0,GasA,Ex,Y,SBrkr,0.0,-1.3877787807814457e-17,1214.0,1.0,0.0,1.0,0.0,2.0,0.6931471805599453,TA,Typ,0.0,Gd,Detchd,Unf,2.0,Fa,Fa,Y,0.0,0.0,5.220355825078324,0.0,0.0,0.0,5.993961427306569,4.0,2007.0,WD,Normal,11.849404844423074
3.044522437723423,RL,100.0,15602.0,IR1,Lvl,Inside,Crawfor,Norm,1Fam,1Story,7.0,7.5,1959.0,1997.0,Gable,CompShg,BrkFace,Wd Sdng,BrkFace,0.0,TA,TA,CBlock,TA,TA,No,ALQ,1247.0,0.0,5.541263545158426,1501.0,GasA,TA,Y,SBrkr,0.0,-1.3877787807814457e-17,1801.0,1.0,0.0,2.0,0.0,1.0,0.6931471805599453,TA,Typ,2.0,TA,Attchd,Fin,2.0,TA,TA,Y,0.0,4.007333185232471,0.0,0.0,5.087596335232384,0.0,0.0,2.9999999999999996,2010.0,WD,Normal,12.574185427296195
4.983606621708336,RL,27.500000000000007,2307.999999999999,Reg,Lvl,Inside,NPkVill,Norm,TwnhsE,2Story,6.0,5.0,1974.0,1974.0,Gable,CompShg,Plywood,Brk Cmn,BrkFace,0.0,TA,TA,CBlock,TA,TA,No,ALQ,257.0,6.206575926724927,4.6443908991413725,855.0,GasA,TA,Y,SBrkr,6.148468295917647,-1.3877787807814457e-17,1322.0,0.0,0.6931471805599452,2.0,1.0,3.0,0.6931471805599453,TA,Typ,1.0,Fa,Attchd,Unf,2.0,TA,TA,Y,5.564520407322694,0.0,0.0,0.0,0.0,0.0,0.0,6.0,2009.0,WD,Normal,11.898194668458823
4.51085950651685,RM,60.0,7596.0,Reg,Lvl,Inside,OldTown,Artery,Duplex,2Story,5.0,5.0,1952.0,1952.0,Hip,CompShg,Wd Sdng,Wd Sdng,BrkFace,5.8888779583328805,TA,TA,CBlock,TA,TA,No,Unf,0.0,0.0,6.8679744089702925,960.0,GasA,Gd,Y,SBrkr,6.90875477931522,-1.3877787807814457e-17,1960.0,0.0,0.0,2.0,0.0,4.0,1.0986122886681098,TA,Typ,0.0,Gd,Detchd,Unf,2.0,TA,TA,N,0.0,0.0,0.0,0.0,0.0,0.0,0.0,7.0,2009.0,COD,Normal,11.732069026983156
4.110873864173311,RL,80.0,9554.0,IR1,Lvl,Inside,SawyerW,Norm,1Fam,2Story,8.0,5.0,1993.0,1994.0,Gable,CompShg,VinylSd,VinylSd,BrkFace,4.836281906951478,Gd,TA,PConc,Gd,TA,No,GLQ,380.0,0.0,5.986452005284438,777.0,GasA,Ex,Y,SBrkr,6.741700694652055,-1.3877787807814457e-17,1911.0,0.0,0.0,2.0,1.0,3.0,0.6931471805599453,Gd,Typ,1.0,TA,Attchd,RFn,2.0,TA,TA,Y,5.209486152841421,4.406719247264253,0.0,0.0,0.0,0.0,0.0,9.0,2006.0,WD,Normal,12.278397958261774
3.044522437723423,FV,75.0,7862.0,IR1,Lvl,Inside,Somerst,Norm,1Fam,1Story,6.0,5.0,2009.0,2009.0,Gable,CompShg,VinylSd,VinylSd,BrkFace,0.0,Gd,TA,PConc,Gd,TA,No,GLQ,27.0,0.0,7.083387847625295,1218.0,GasA,Ex,Y,SBrkr,0.0,-1.3877787807814457e-17,1218.0,0.0,0.0,2.0,0.0,2.0,0.6931471805599453,Gd,Typ,0.0,Gd,Attchd,Fin,2.0,TA,TA,Y,0.0,4.634728988229636,0.0,0.0,0.0,0.0,0.0,9.0,2009.0,New,Partial,12.246739428005663
4.2626798770413155,RM,60.0,9600.0,Reg,Lvl,Inside,OldTown,Norm,1Fam,2Story,7.0,7.5,1928.0,2005.0,Gambrel,CompShg,MetalSd,MetalSd,BrkFace,0.0,TA,Ex,BrkTil,TA,TA,No,Rec,141.0,0.0,6.3080984415095305,689.0,GasA,Ex,Y,SBrkr,6.536691597591304,-1.3877787807814457e-17,1378.0,0.0,0.0,2.0,0.0,3.0,0.6931471805599453,Gd,Typ,1.0,Gd,Detchd,Unf,2.0,TA,TA,N,0.0,0.0,4.762173934797756,0.0,0.0,0.0,0.0,10.0,2008.0,WD,Normal,11.989165855127435
3.044522437723423,RL,80.0,9600.0,Reg,Lvl,Corner,NAmes,Norm,1Fam,1Story,5.0,6.0,1959.0,1959.0,Gable,CompShg,MetalSd,MetalSd,BrkFace,4.890349128221754,TA,TA,CBlock,TA,TA,No,ALQ,991.0,0.0,3.9318256327243257,1041.0,GasA,Ex,Y,SBrkr,0.0,-1.3877787807814457e-17,1041.0,1.0,0.0,1.0,0.0,3.0,0.6931471805599453,TA,Typ,0.0,Gd,Attchd,RFn,1.0,TA,TA,Y,5.41610040220442,4.48863636973214,0.0,0.0,0.0,0.0,0.0,7.0,2009.0,WD,Normal,11.732069026983156
3.044522437723423,RL,75.0,14559.0,Reg,Lvl,Inside,NAmes,Norm,1Fam,1Story,5.0,7.0,1951.0,2000.0,Hip,CompShg,Wd Sdng,Wd Sdng,BrkCmn,4.2626798770413155,Gd,TA,CBlock,TA,TA,No,BLQ,650.0,5.198497031265825,5.187385805840755,1008.0,GasA,Ex,Y,SBrkr,0.0,-1.3877787807814457e-17,1363.0,1.0,0.0,1.0,0.0,2.0,0.6931471805599453,TA,Min1,2.0,TA,CarPort,Unf,1.0,TA,TA,Y,5.783825182329737,3.7612001156935624,0.0,0.0,5.1298987149230735,0.0,7.601402334583733,6.0,2009.0,WD,Normal,12.013100572810686
4.795790545596741,RL,40.0,6792.0,IR1,Lvl,Inside,NridgHt,Norm,TwnhsE,1Story,7.0,5.0,2005.0,2006.0,Gable,CompShg,VinylSd,VinylSd,Stone,4.553876891600541,Gd,TA,PConc,Gd,TA,No,Unf,0.0,0.0,7.221835825288449,1368.0,GasA,Ex,Y,SBrkr,0.0,-1.3877787807814457e-17,1368.0,0.0,0.0,2.0,0.0,2.0,0.6931471805599453,Gd,Typ,1.0,Gd,Attchd,RFn,2.0,TA,TA,Y,4.890349128221754,3.58351893845611,0.0,0.0,0.0,0.0,0.0,2.9999999999999996,2006.0,New,Partial,12.2193145828011
3.044522437723423,RL,70.0,9100.0,Reg,Lvl,Corner,NAmes,Feedr,1Fam,1Story,5.0,5.0,1958.0,1958.0,Gable,CompShg,VinylSd,VinylSd,BrkFace,0.0,TA,TA,CBlock,TA,TA,No,BLQ,521.0,5.1647859739235145,5.135798437050262,864.0,GasA,TA,Y,SBrkr,0.0,-1.3877787807814457e-17,864.0,1.0,0.0,1.0,0.0,3.0,0.6931471805599453,TA,Typ,0.0,Gd,Detchd,Unf,2.0,TA,TA,Y,0.0,0.0,0.0,0.0,0.0,0.0,0.0,7.0,2006.0,WD,Normal,11.774527900858468
3.044522437723423,RL,71.0,9187.0,Reg,Bnk,Corner,Mitchel,Norm,1Fam,1Story,6.0,5.0,1983.0,1983.0,Gable,CompShg,VinylSd,VinylSd,BrkFace,0.0,TA,Gd,PConc,TA,TA,No,ALQ,336.0,0.0,6.618738983517219,1084.0,GasA,TA,Y,SBrkr,0.0,-1.3877787807814457e-17,1080.0,0.0,0.0,1.0,1.0,3.0,0.6931471805599453,TA,Typ,0.0,Gd,Attchd,Unf,2.0,TA,TA,Y,4.795790545596741,0.0,5.0689042022202315,0.0,0.0,0.0,0.0,6.0,2007.0,WD,Normal,11.80560254159177
3.828641396489095,RL,55.0,10594.0,Reg,Lvl,Inside,Crawfor,Norm,1Fam,1.5Unf,5.0,5.0,1926.0,1950.0,Gable,CompShg,Wd Sdng,Wd Sdng,BrkFace,0.0,TA,TA,BrkTil,TA,TA,No,Unf,0.0,0.0,6.645090969505644,768.0,Grav,Fa,N,SBrkr,0.0,-1.3877787807814457e-17,789.0,0.0,0.0,1.0,0.0,2.0,0.6931471805599453,TA,Typ,0.0,Gd,Detchd,Unf,1.0,Po,Po,Y,0.0,0.0,4.727387818712341,0.0,0.0,0.0,0.0,6.0,2007.0,WD,Normal,11.477308649967686
3.044522437723423,RL,94.0,12220.0,Reg,Lvl,Inside,NridgHt,Norm,1Fam,1Story,10.0,5.0,2009.0,2009.0,Hip,CompShg,CemntBd,CmentBd,BrkFace,5.723585101952381,Ex,TA,CBlock,Ex,TA,No,GLQ,1436.0,0.0,6.3473892096560105,2006.0,GasA,Ex,Y,SBrkr,0.0,-1.3877787807814457e-17,2020.0,1.0,0.0,2.0,1.0,3.0,0.6931471805599453,Ex,Typ,1.0,Gd,Attchd,Fin,3.0,TA,TA,Y,5.056245805348308,4.007333185232471,0.0,0.0,0.0,0.0,0.0,9.0,2009.0,New,Partial,12.90634935052389
4.394449154672439,RL,77.6,10448.0,IR1,Lvl,Corner,NWAmes,Norm,1Fam,SLvl,6.0,6.0,1972.0,1972.0,Gable,CompShg,HdBoard,HdBoard,BrkFace,5.811140992976701,TA,TA,CBlock,TA,TA,No,Unf,0.0,0.0,6.536691597591305,689.0,GasA,TA,Y,SBrkr,6.609349243167381,-1.3877787807814457e-17,2119.0,0.0,0.0,2.0,1.0,3.0,0.6931471805599453,TA,Typ,1.0,TA,Attchd,RFn,2.0,TA,TA,Y,0.0,4.653960350157523,0.0,0.0,0.0,0.0,0.0,8.0,2009.0,COD,Abnorml,11.970356641102999
4.110873864173311,RL,79.0,10208.0,IR1,Lvl,Inside,NoRidge,Norm,1Fam,2Story,7.0,5.0,1996.0,1997.0,Gable,CompShg,VinylSd,VinylSd,BrkFace,6.030685260261263,Gd,TA,PConc,Gd,TA,No,Unf,0.0,0.0,7.142827401161621,1264.0,GasA,Ex,Y,SBrkr,6.9735430195201396,-1.3877787807814457e-17,2344.0,0.0,0.0,2.0,1.0,3.0,0.6931471805599453,Gd,Typ,1.0,TA,Attchd,RFn,3.0,TA,TA,Y,5.3981627015177525,0.0,0.0,0.0,0.0,0.0,0.0,7.0,2009.0,WD,Normal,12.487488878546145
4.110873864173311,RL,73.8,9531.0,IR1,Lvl,CulDSac,CollgCr,Norm,1Fam,2Story,6.0,5.0,1998.0,1998.0,Gable,CompShg,VinylSd,VinylSd,BrkFace,0.0,TA,TA,PConc,Gd,TA,Mn,GLQ,706.0,0.0,4.48863636973214,794.0,GasA,Ex,Y,SBrkr,6.818924065275521,-1.3877787807814457e-17,1796.0,1.0,0.0,2.0,1.0,3.0,0.6931471805599453,TA,Typ,0.0,Gd,Attchd,RFn,2.0,TA,TA,Y,0.0,3.6109179126442243,0.0,0.0,0.0,0.0,0.0,5.0,2007.0,WD,Normal,12.259618151783465
4.2626798770413155,RL,53.0,10918.0,Reg,Lvl,Inside,Crawfor,Norm,1Fam,2Story,7.0,7.5,1926.0,2004.0,Gambrel,CompShg,MetalSd,MetalSd,BrkFace,0.0,Gd,TA,BrkTil,Gd,TA,No,Unf,0.0,0.0,7.152268856032539,1276.0,GasA,Ex,Y,SBrkr,6.690842277418564,-1.3877787807814457e-17,2080.0,0.0,0.0,1.0,1.0,3.0,0.6931471805599453,Gd,Typ,2.0,Gd,Detchd,Unf,1.0,TA,TA,Y,0.0,0.0,0.0,0.0,4.983606621708336,0.0,0.0,6.0,2009.0,WD,Normal,12.36308066783498
4.983606621708336,RL,60.0,10800.0,Reg,Lvl,Inside,OldTown,Norm,2fmCon,2Story,4.0,7.0,1900.0,2000.0,Gable,CompShg,MetalSd,MetalSd,BrkFace,0.0,TA,TA,BrkTil,TA,TA,No,Unf,0.0,0.0,0.0,42.0,GasA,TA,N,FuseA,6.398594934535208,-1.3877787807814457e-17,1294.0,0.0,0.0,2.0,0.0,3.0,1.0986122886681098,TA,Typ,0.0,Gd,Attchd,Unf,-2.220446049250313e-16,TA,TA,N,5.3981627015177525,4.74493212836325,5.351858133476067,0.0,0.0,0.0,0.0,8.0,2008.0,WD,Normal,11.573559498507079
3.044522437723423,RL,90.0,11988.0,IR1,Lvl,Corner,NAmes,Feedr,1Fam,1Story,6.0,6.0,1957.0,1957.0,Gable,CompShg,VinylSd,VinylSd,BrkFace,0.0,TA,TA,CBlock,TA,TA,No,Rec,777.0,0.0,6.148468295917647,1244.0,GasA,Ex,Y,FuseA,0.0,-1.3877787807814457e-17,1244.0,0.0,0.0,1.0,1.0,3.0,0.6931471805599453,TA,Typ,2.0,Gd,Attchd,Unf,1.0,TA,TA,Y,0.0,3.713572066704308,0.0,0.0,0.0,0.0,0.0,5.0,2007.0,WD,Normal,11.918397239722838
3.9318256327243257,RM,50.0,5000.0,Reg,Lvl,Corner,BrkSide,Feedr,1Fam,1.5Fin,6.0,7.0,1947.0,1950.0,Gable,CompShg,CemntBd,CmentBd,BrkFace,0.0,TA,Gd,CBlock,TA,TA,No,ALQ,399.0,0.0,6.406879986069314,1004.0,GasA,Ex,Y,SBrkr,6.493753839851687,-1.3877787807814457e-17,1664.0,0.0,0.0,2.0,0.0,3.0,0.6931471805599453,TA,Typ,2.0,Gd,Detchd,Unf,2.0,TA,TA,Y,0.0,3.2188758248682006,3.6109179126442243,0.0,0.0,0.0,0.0,10.0,2006.0,WD,Normal,11.976665770490767
4.110873864173311,RL,111.5,17673.5,IR1,Bnk,Inside,Edwards,PosN,1Fam,2Story,10.0,5.0,2007.0,2008.0,Hip,CompShg,CemntBd,CmentBd,Stone,6.030685260261263,Ex,TA,PConc,Ex,TA,Gd,GLQ,1780.625,0.0,6.778784897685177,2052.0,GasA,Ex,Y,SBrkr,7.3388881338388785,-1.3877787807814457e-17,2747.625,1.0,0.0,3.0,1.0,3.0,0.6931471805599453,Ex,Typ,1.0,Gd,BuiltIn,Fin,3.0,TA,TA,Y,5.342334251964811,5.14166355650266,0.0,0.0,0.0,0.0,0.0,10.0,2007.0,New,Partial,12.126764251515691
4.110873864173311,RL,95.0,11787.0,IR1,Lvl,Inside,NoRidge,Norm,1Fam,2Story,7.0,5.0,1996.0,1997.0,Gable,CompShg,VinylSd,VinylSd,BrkFace,6.030685260261263,Gd,TA,PConc,Gd,TA,No,GLQ,719.0,0.0,6.493753839851686,1379.0,GasA,Ex,Y,SBrkr,6.923628628138427,-1.3877787807814457e-17,2398.0,1.0,0.0,2.0,1.0,3.0,0.6931471805599453,Gd,Typ,1.0,TA,Attchd,Fin,3.0,TA,TA,Y,5.480638923341991,4.110873864173311,0.0,0.0,0.0,0.0,0.0,8.0,2007.0,WD,Normal,12.662709207270272
3.044522437723423,FV,62.0,7500.0,Reg,Lvl,Inside,Somerst,Norm,1Fam,1Story,7.0,5.0,2005.0,2005.0,Gable,CompShg,VinylSd,VinylSd,BrkFace,0.0,Gd,TA,PConc,Gd,TA,No,Unf,0.0,0.0,7.1372784372603855,1257.0,GasA,Ex,Y,SBrkr,0.0,-1.3877787807814457e-17,1266.0,0.0,0.0,2.0,0.0,3.0,0.6931471805599453,Gd,Typ,1.0,TA,Attchd,Unf,2.0,TA,TA,Y,3.6635616461296463,4.976733742420574,0.0,0.0,0.0,0.0,0.0,4.0,2006.0,WD,Normal,12.07824495582233
3.044522437723423,RL,70.0,13300.0,Reg,Lvl,Inside,NAmes,Norm,1Fam,1Story,5.0,7.0,1956.0,2000.0,Hip,CompShg,Wd Sdng,Wd Sdng,BrkFace,0.0,TA,TA,CBlock,Gd,TA,No,Rec,377.0,0.0,6.313548046277095,928.0,GasA,TA,Y,SBrkr,0.0,-1.3877787807814457e-17,928.0,0.0,0.0,1.0,0.0,2.0,0.6931471805599453,TA,Typ,0.0,Gd,Attchd,Unf,1.0,TA,TA,Y,5.568344503761097,0.0,5.056245805348308,0.0,0.0,0.0,0.0,6.0,2007.0,WD,Normal,11.790564777297387
4.110873864173311,RL,67.0,14948.0,IR1,Lvl,Inside,NridgHt,Norm,1Fam,2Story,9.0,5.0,2008.0,2008.0,Hip,CompShg,VinylSd,VinylSd,Stone,5.594711379601839,Ex,TA,PConc,Ex,TA,Av,GLQ,1330.0,0.0,4.812184355372417,1452.0,GasA,Ex,Y,SBrkr,7.121252453244541,-1.3877787807814457e-17,2713.0,1.0,0.0,2.0,1.0,3.0,0.6931471805599453,Ex,Typ,1.0,Gd,Attchd,Fin,3.0,TA,TA,Y,4.844187086458591,4.204692619390966,0.0,0.0,0.0,0.0,0.0,11.0,2008.0,New,Partial,13.008661502470739
3.4339872044851463,RL,58.0,9098.0,IR1,Lvl,Inside,Edwards,Norm,1Fam,1Story,4.0,7.0,1920.0,2002.0,Gable,CompShg,Wd Sdng,Wd Sdng,BrkFace,0.0,TA,TA,BrkTil,TA,TA,Mn,ALQ,348.0,0.0,5.198497031265826,528.0,GasA,Ex,Y,SBrkr,0.0,-1.3877787807814457e-17,605.0,1.0,0.0,1.0,0.0,2.0,0.6931471805599453,TA,Typ,0.0,Gd,Attchd,Unf,-2.220446049250313e-16,TA,TA,N,0.0,0.0,4.976733742420574,0.0,0.0,0.0,0.0,7.0,2007.0,WD,Normal,11.362114203075018
3.044522437723423,RL,84.2,17673.5,IR1,Lvl,CulDSac,Crawfor,Norm,1Fam,1Story,6.0,3.5,1957.0,1975.0,Hip,CompShg,Wd Sdng,Stone,BrkFace,2.3553776901602834,Gd,TA,PConc,TA,TA,No,Rec,1219.0,0.0,6.705639094860003,2035.0,GasA,TA,Y,SBrkr,0.0,-1.3877787807814457e-17,2515.0,1.0,0.0,3.0,0.0,4.0,1.0986122886681098,TA,Maj1,2.0,TA,Attchd,RFn,2.0,TA,TA,Y,0.0,0.0,5.303304908059076,0.0,0.0,0.0,0.0,2.9999999999999996,2007.0,WD,Alloca,12.209192772866418
4.394449154672439,RL,85.0,10200.0,Reg,Lvl,Inside,Timber,Norm,1Fam,SLvl,6.0,5.0,1988.0,1989.0,Gable,CompShg,HdBoard,HdBoard,BrkFace,5.393627546352362,Gd,TA,CBlock,Gd,TA,Av,GLQ,783.0,0.0,6.520621127558696,1461.0,GasA,Ex,Y,SBrkr,0.0,-1.3877787807814457e-17,1509.0,1.0,0.0,2.0,0.0,3.0,0.6931471805599453,Gd,Typ,1.0,Fa,Attchd,RFn,2.0,TA,TA,Y,5.41610040220442,0.0,0.0,0.0,0.0,0.0,0.0,8.0,2008.0,WD,Abnorml,12.07254696717504
4.2626798770413155,RM,60.0,6155.0,IR1,Lvl,FR3,BrkSide,RRNn,1Fam,2Story,6.0,7.5,1920.0,1999.0,Gable,CompShg,Wd Sdng,Wd Sdng,BrkFace,0.0,TA,TA,BrkTil,Fa,Fa,Mn,Unf,0.0,0.0,6.416732282512326,611.0,GasA,Ex,Y,SBrkr,6.416732282512326,-1.3877787807814457e-17,1362.0,0.0,0.0,2.0,0.0,3.0,0.6931471805599453,TA,Typ,0.0,Gd,Detchd,Fin,2.0,TA,Fa,Y,0.0,0.0,4.442651256490317,0.0,0.0,0.0,0.0,6.0,2008.0,WD,Normal,11.759793355371237
3.044522437723423,RL,60.0,7200.0,Reg,Lvl,Inside,NAmes,Norm,1Fam,1Story,5.0,7.0,1955.0,2007.0,Gable,CompShg,VinylSd,VinylSd,BrkFace,0.0,TA,TA,Slab,TA,TA,No,Unf,0.0,0.0,0.0,42.0,GasA,Ex,Y,SBrkr,0.0,-1.3877787807814457e-17,827.0,0.0,0.0,1.0,0.0,2.0,0.6931471805599453,TA,Mod,1.0,Po,Detchd,Unf,1.0,TA,TA,Y,0.0,0.0,0.0,0.0,0.0,0.0,0.0,4.0,2010.0,WD,Normal,11.58525542883217
3.044522437723423,RL,50.0,5000.0,Reg,Low,Inside,BrkSide,Norm,1Fam,1Story,2.0,3.5,1946.0,1950.0,Gable,CompShg,VinylSd,VinylSd,BrkFace,0.0,Fa,Fa,Slab,TA,TA,No,Unf,0.0,0.0,0.0,42.0,GasA,Fa,N,FuseF,0.0,-1.3877787807814457e-17,334.0,0.0,0.0,1.0,0.0,1.0,0.6931471805599453,Fa,Typ,0.0,Gd,Attchd,Unf,-2.220446049250313e-16,TA,TA,N,0.0,0.0,0.0,0.0,0.0,0.0,0.0,1.0,2007.0,WD,Normal,10.579005242826247
4.110873864173311,RL,74.0,9056.0,IR1,Lvl,Inside,Gilbert,Norm,1Fam,2Story,8.0,5.0,2004.0,2004.0,Gable,CompShg,VinylSd,VinylSd,BrkFace,0.0,Gd,TA,PConc,Ex,Gd,Av,Unf,0.0,0.0,6.56244409369372,707.0,GasA,Ex,Y,SBrkr,6.562444093693719,-1.3877787807814457e-17,1414.0,0.0,0.0,2.0,1.0,3.0,0.6931471805599453,Gd,Typ,1.0,Gd,Attchd,Fin,2.0,TA,TA,Y,4.61512051684126,3.58351893845611,0.0,0.0,0.0,0.0,0.0,10.0,2006.0,WD,Normal,12.08954444723597
4.983606621708336,RL,70.0,7000.0,Reg,Lvl,Inside,Edwards,Norm,2fmCon,2Story,5.0,7.0,1910.0,1991.0,Gable,CompShg,MetalSd,MetalSd,BrkFace,0.0,TA,TA,CBlock,Gd,TA,Gd,GLQ,969.0,0.0,5.003946305945459,1117.0,GasA,TA,Y,SBrkr,6.269096283706261,-1.3877787807814457e-17,1347.0,1.0,0.0,1.0,0.0,3.0,0.6931471805599453,TA,Typ,0.0,Gd,Attchd,Unf,-2.220446049250313e-16,TA,TA,N,4.454347296253507,0.0,5.003946305945459,0.0,0.0,0.0,0.0,1.0,2008.0,WD,Normal,11.58525542883217
4.110873864173311,RL,57.0,8924.0,IR1,Lvl,CulDSac,CollgCr,Norm,1Fam,2Story,7.0,5.0,1998.0,1999.0,Gable,CompShg,VinylSd,VinylSd,BrkFace,0.0,TA,TA,PConc,Gd,TA,Av,Unf,0.0,0.0,6.78105762593618,880.0,GasA,Ex,Y,SBrkr,6.739336627357174,-1.3877787807814457e-17,1724.0,0.0,0.0,2.0,1.0,3.0,0.6931471805599453,Gd,Typ,0.0,Gd,Attchd,Fin,2.0,TA,TA,Y,4.795790545596741,5.049856007249537,0.0,0.0,0.0,0.0,0.0,7.0,2008.0,WD,Normal,12.144202560946876
3.044522437723423,RL,73.4,12735.0,IR1,Lvl,FR2,NAmes,Norm,1Fam,1Story,4.0,5.0,1972.0,1972.0,Hip,CompShg,MetalSd,MetalSd,BrkFace,0.0,TA,TA,CBlock,TA,TA,No,BLQ,600.0,0.0,5.579729825986222,864.0,GasA,TA,Y,SBrkr,0.0,-1.3877787807814457e-17,864.0,0.0,0.0,1.0,0.0,3.0,0.6931471805599453,TA,Typ,0.0,Gd,Detchd,Unf,2.0,TA,TA,Y,5.37989735354046,0.0,0.0,0.0,0.0,0.0,0.0,4.0,2008.0,COD,Normal,11.619544188752133
3.044522437723423,RL,72.6,11553.0,IR1,Lvl,Inside,Sawyer,Norm,1Fam,1Story,5.0,5.0,1968.0,1968.0,Hip,CompShg,Plywood,Plywood,BrkFace,5.241747015059643,TA,TA,CBlock,TA,TA,No,BLQ,673.0,0.0,5.937536205082426,1051.0,GasA,TA,Y,SBrkr,0.0,-1.3877787807814457e-17,1159.0,0.0,0.0,1.0,1.0,3.0,0.6931471805599453,TA,Typ,1.0,Fa,Attchd,Unf,1.0,TA,TA,Y,6.042632833682381,0.0,0.0,0.0,0.0,0.0,0.0,7.0,2006.0,WD,Normal,11.970356641102999
3.044522437723423,RL,83.8,11423.0,Reg,Lvl,Inside,CollgCr,Norm,1Fam,1Story,8.0,5.0,2001.0,2002.0,Gable,CompShg,VinylSd,VinylSd,BrkFace,6.030685260261263,Gd,TA,PConc,Gd,TA,Av,GLQ,1358.0,0.0,5.4116460518550396,1581.0,GasA,Ex,Y,SBrkr,0.0,-1.3877787807814457e-17,1601.0,1.0,0.0,2.0,0.0,3.0,0.6931471805599453,Gd,Typ,1.0,TA,Attchd,RFn,2.0,TA,TA,Y,5.198497031265826,0.0,0.0,0.0,0.0,0.0,7.601402334583733,5.0,2010.0,WD,Normal,12.513561021741964
3.044522437723423,RL,85.0,14601.0,Reg,Lvl,Inside,Timber,Norm,1Fam,1Story,9.0,5.0,2006.0,2006.0,Hip,CompShg,VinylSd,VinylSd,BrkFace,6.030685260261263,Ex,TA,PConc,Ex,TA,Av,GLQ,1260.0,0.0,6.361302477572996,1838.0,GasA,Ex,Y,SBrkr,0.0,-1.3877787807814457e-17,1838.0,1.0,0.0,2.0,0.0,2.0,0.6931471805599453,Ex,Typ,1.0,Gd,Attchd,Fin,3.0,TA,TA,Y,5.602118820879701,4.23410650459726,0.0,0.0,0.0,0.0,0.0,2.9999999999999996,2009.0,WD,Normal,12.660331092405906
4.110873864173311,RL,84.4,11000.0,Reg,Lvl,FR2,NoRidge,Norm,1Fam,2Story,8.0,5.0,2000.0,2000.0,Gable,CompShg,VinylSd,VinylSd,BrkFace,4.290459441148391,Gd,TA,PConc,Gd,TA,No,Unf,0.0,0.0,6.877296071497429,969.0,GasA,Ex,Y,SBrkr,7.161622002939186,-1.3877787807814457e-17,2285.0,0.0,0.0,2.0,1.0,4.0,0.6931471805599453,Gd,Typ,1.0,TA,BuiltIn,Fin,3.0,TA,TA,Y,0.0,4.04305126783455,0.0,0.0,0.0,0.0,0.0,6.0,2007.0,WD,Normal,12.421188057397055
3.044522437723423,RL,78.0,10140.0,Reg,Lvl,Inside,NWAmes,RRAn,1Fam,1Story,7.0,5.0,1998.0,1999.0,Hip,CompShg,VinylSd,VinylSd,BrkFace,0.0,Gd,TA,PConc,Ex,TA,No,LwQ,144.0,7.028201432058005,5.940171252720432,1650.0,GasA,Ex,Y,SBrkr,0.0,-1.3877787807814457e-17,1680.0,1.0,0.0,2.0,0.0,3.0,0.6931471805599453,Gd,Maj1,1.0,TA,Attchd,Fin,2.0,TA,TA,Y,4.3694478524670215,4.30406509320417,0.0,0.0,0.0,0.0,0.0,6.0,2009.0,WD,Normal,12.270225154674701
4.795790545596741,RH,34.0,4058.0,Reg,Lvl,Inside,NAmes,Norm,TwnhsE,SFoyer,7.0,5.0,1998.0,1998.0,Gable,CompShg,MetalSd,MetalSd,BrkFace,5.209486152841421,TA,TA,PConc,Gd,TA,Av,GLQ,584.0,4.941642422609304,0.0,723.0,GasA,Ex,Y,SBrkr,0.0,-1.3877787807814457e-17,767.0,1.0,0.0,1.0,0.0,1.0,0.6931471805599453,TA,Typ,0.0,Gd,Attchd,Fin,1.0,TA,TA,Y,4.795790545596741,3.713572066704308,0.0,0.0,0.0,0.0,0.0,6.0,2007.0,WD,Normal,11.798111925972618
4.110873864173311,RL,58.0,17104.0,IR1,Lvl,Inside,Gilbert,Norm,1Fam,2Story,7.0,5.0,2006.0,2006.0,Gable,CompShg,VinylSd,VinylSd,BrkFace,0.0,Gd,TA,PConc,Gd,Gd,Av,GLQ,554.0,0.0,4.61512051684126,654.0,GasA,Ex,Y,SBrkr,6.725033642166842,-1.3877787807814457e-17,1496.0,1.0,0.0,2.0,1.0,3.0,0.6931471805599453,Gd,Typ,1.0,Gd,Attchd,RFn,2.0,TA,TA,Y,4.61512051684126,3.2188758248682006,0.0,0.0,0.0,0.0,0.0,9.0,2006.0,New,Partial,12.098854850641
3.9318256327243257,RL,87.9,13837.0,IR1,Lvl,Corner,NWAmes,Norm,1Fam,1.5Fin,7.0,5.0,1988.0,1988.0,Gable,CompShg,HdBoard,HdBoard,BrkFace,5.187385805840755,Gd,Gd,PConc,Gd,Gd,No,GLQ,1002.0,5.313205979041786,0.0,1204.0,GasA,Gd,Y,SBrkr,6.693323668269949,-1.3877787807814457e-17,2183.0,0.0,0.0,2.0,1.0,4.0,0.6931471805599453,Gd,Typ,0.0,Gd,Attchd,Unf,3.0,TA,TA,Y,0.0,0.0,0.0,0.0,0.0,0.0,0.0,2.0,2006.0,WD,Normal,12.34148164933907
3.9318256327243257,RL,70.0,8737.0,IR1,Bnk,Inside,BrkSide,Norm,1Fam,1.5Fin,6.0,7.0,1923.0,1950.0,Gable,CompShg,BrkFace,Wd Sdng,BrkFace,0.0,TA,TA,BrkTil,Gd,TA,No,Rec,300.0,0.0,6.641182169740591,1065.0,GasA,Ex,Y,FuseA,6.580639137284949,-1.3877787807814457e-17,1635.0,0.0,0.0,1.0,1.0,3.0,0.6931471805599453,TA,Typ,1.0,Gd,Detchd,Unf,2.0,TA,TA,Y,0.0,3.6635616461296463,0.0,4.976733742420574,0.0,0.0,0.0,5.0,2007.0,WD,Normal,12.25486757159303
4.454347296253507,RL,54.0,7244.0,Reg,Lvl,Inside,Mitchel,Norm,1Fam,SFoyer,5.0,7.0,1970.0,1970.0,Gable,CompShg,VinylSd,VinylSd,BrkFace,0.0,TA,Gd,CBlock,Gd,TA,Av,ALQ,619.0,0.0,5.0106352940962555,768.0,GasA,Ex,Y,SBrkr,0.0,-1.3877787807814457e-17,768.0,1.0,0.0,1.0,0.0,2.0,0.6931471805599453,TA,Typ,0.0,Gd,Detchd,Unf,2.0,TA,TA,Y,4.653960350157523,0.0,0.0,0.0,0.0,0.0,0.0,4.0,2007.0,WD,Normal,11.771443882099637
3.044522437723423,RM,49.0,8235.0,IR1,HLS,Inside,OldTown,Feedr,1Fam,1Story,5.0,7.0,1955.0,1995.0,Gable,CompShg,MetalSd,MetalSd,BrkFace,0.0,TA,Gd,CBlock,TA,TA,No,LwQ,180.0,6.470799503782601,0.0,825.0,GasA,TA,Y,SBrkr,0.0,-1.3877787807814457e-17,825.0,1.0,0.0,1.0,0.0,2.0,0.6931471805599453,TA,Typ,0.0,Gd,Detchd,RFn,2.0,TA,TA,Y,4.948759890378168,3.9318256327243257,0.0,0.0,0.0,0.0,0.0,6.0,2008.0,WD,Normal,11.736077016252437
4.110873864173311,FV,75.0,9375.0,Reg,Lvl,Inside,Somerst,Norm,1Fam,2Story,7.0,5.0,2003.0,2004.0,Gable,CompShg,VinylSd,VinylSd,BrkFace,0.0,Gd,TA,PConc,Gd,TA,No,Unf,0.0,0.0,6.816735880594968,912.0,GasA,Ex,Y,SBrkr,7.075808863978386,-1.3877787807814457e-17,2094.0,0.0,0.0,2.0,1.0,4.0,0.6931471805599453,Gd,Typ,1.0,Gd,BuiltIn,Fin,2.0,TA,TA,Y,5.209486152841421,5.14166355650266,0.0,0.0,0.0,0.0,0.0,11.0,2009.0,WD,Normal,12.479913113434042
4.795790545596741,RL,53.0,4043.0,Reg,Lvl,Inside,NPkVill,Norm,TwnhsE,1Story,6.0,6.0,1977.0,1977.0,Gable,CompShg,Plywood,Plywood,BrkFace,0.0,TA,TA,CBlock,Gd,TA,No,ALQ,559.0,0.0,6.236369590203704,1069.0,GasA,TA,Y,SBrkr,0.0,-1.3877787807814457e-17,1069.0,0.0,0.0,2.0,0.0,2.0,0.6931471805599453,TA,Typ,0.0,Gd,Attchd,RFn,2.0,TA,TA,Y,0.0,4.02535169073515,0.0,0.0,5.303304908059076,0.0,0.0,10.0,2008.0,COD,Abnorml,11.849404844423074
3.044522437723423,RM,50.0,6000.0,Reg,Lvl,Inside,OldTown,Norm,1Fam,1Story,5.0,6.0,1957.0,1957.0,Hip,CompShg,BrkFace,BrkFace,BrkFace,0.0,TA,TA,CBlock,TA,TA,No,Rec,308.0,0.0,6.431331081933479,928.0,GasA,Gd,Y,FuseA,0.0,-1.3877787807814457e-17,928.0,0.0,0.0,1.0,0.0,3.0,0.6931471805599453,TA,Typ,0.0,Gd,Attchd,Fin,1.0,TA,TA,Y,0.0,0.0,0.0,0.0,0.0,0.0,0.0,6.0,2008.0,WD,Normal,11.630717389475995
3.044522437723423,RL,87.0,11146.0,IR1,Lvl,Inside,NridgHt,Norm,1Fam,1Story,8.0,5.0,2006.0,2006.0,Gable,CompShg,VinylSd,VinylSd,Stone,5.5254529391317835,Gd,TA,PConc,Ex,TA,Av,Unf,0.0,0.0,7.430410654501705,1709.0,GasA,Ex,Y,SBrkr,0.0,-1.3877787807814457e-17,1717.0,0.0,0.0,2.0,0.0,3.0,0.6931471805599453,Gd,Typ,1.0,Gd,Attchd,RFn,3.0,TA,TA,Y,5.135798437050262,3.6888794541139363,0.0,0.0,0.0,0.0,0.0,7.0,2009.0,WD,Normal,12.450981602512561
3.044522437723423,RL,67.0,8777.0,Reg,Lvl,Inside,Edwards,Feedr,1Fam,1Story,4.0,5.0,1949.0,2003.0,Gable,CompShg,VinylSd,VinylSd,BrkFace,0.0,TA,TA,CBlock,TA,TA,No,Unf,0.0,0.0,0.0,42.0,GasA,Ex,Y,SBrkr,0.0,-1.3877787807814457e-17,1126.0,0.0,0.0,2.0,0.0,2.0,0.6931471805599453,Gd,Typ,0.0,Gd,Detchd,Fin,2.0,TA,TA,N,0.0,4.574710978503383,0.0,0.0,0.0,0.0,0.0,5.0,2009.0,WD,Normal,11.58989576532275
4.110873864173311,RL,85.0,10625.0,Reg,Lvl,Inside,NridgHt,Norm,1Fam,2Story,7.0,5.0,2003.0,2004.0,Gable,CompShg,VinylSd,VinylSd,BrkFace,5.6801726090170686,Gd,TA,PConc,Gd,TA,No,GLQ,866.0,0.0,4.890349128221754,998.0,GasA,Ex,Y,SBrkr,6.947937068614969,-1.3877787807814457e-17,2046.0,1.0,0.0,2.0,1.0,3.0,0.6931471805599453,Gd,Typ,1.0,Gd,BuiltIn,RFn,3.0,TA,TA,Y,5.771441123130016,4.143134726391533,0.0,0.0,0.0,0.0,0.0,8.0,2008.0,WD,Normal,12.556733038263905
3.828641396489095,RM,58.0,6380.0,Reg,Lvl,Inside,BrkSide,Norm,1Fam,1.5Unf,5.0,6.0,1922.0,1950.0,Gable,CompShg,MetalSd,MetalSd,BrkFace,0.0,TA,TA,BrkTil,TA,Fa,No,Unf,0.0,0.0,6.901737206656574,993.0,GasA,TA,Y,FuseA,0.0,-1.3877787807814457e-17,1048.0,0.0,0.0,1.0,0.0,2.0,0.6931471805599453,TA,Typ,1.0,Gd,Detchd,Unf,1.0,TA,TA,Y,0.0,0.0,4.762173934797756,0.0,0.0,0.0,0.0,8.0,2006.0,WD,Normal,11.635151947212842
3.044522437723423,RL,69.0,14850.0,IR1,Lvl,Inside,NAmes,Norm,1Fam,1Story,5.0,5.0,1957.0,1957.0,Gable,CompShg,Wd Sdng,Wd Sdng,BrkFace,0.0,TA,TA,CBlock,TA,TA,No,Rec,895.0,0.0,5.288267030694535,1092.0,GasA,TA,Y,FuseA,0.0,-1.3877787807814457e-17,1092.0,1.0,0.0,1.0,0.0,2.0,0.6931471805599453,TA,Typ,1.0,TA,Attchd,Fin,1.0,TA,TA,Y,5.594711379601839,0.0,0.0,0.0,4.812184355372417,0.0,0.0,5.0,2006.0,WD,Normal,11.856522261533737
3.9318256327243257,C (all),60.0,11040.0,Reg,Low,Inside,IDOTRR,Norm,1Fam,1.5Fin,4.0,6.0,1920.0,1950.0,Gable,CompShg,MetalSd,MetalSd,BrkFace,0.0,TA,TA,CBlock,TA,TA,No,Rec,637.0,0.0,0.0,637.0,GasA,Gd,Y,SBrkr,6.0867747269123065,-1.3877787807814457e-17,1336.0,0.0,0.0,1.0,1.0,3.0,0.6931471805599453,TA,Typ,0.0,Gd,CarPort,Unf,1.0,TA,TA,Y,0.0,3.8712010109078916,4.795790545596741,0.0,0.0,0.0,0.0,9.0,2006.0,COD,Normal,11.58989576532275
4.110873864173311,RL,57.0,17673.5,IR2,HLS,FR2,Gilbert,Norm,1Fam,2Story,7.0,5.0,1996.0,1997.0,Gable,CompShg,HdBoard,HdBoard,BrkFace,0.0,TA,TA,PConc,Gd,TA,Gd,GLQ,604.0,0.0,4.836281906951478,729.0,GasA,Ex,Y,SBrkr,6.576469569048224,-1.3877787807814457e-17,1446.0,0.0,0.6931471805599452,2.0,1.0,3.0,0.6931471805599453,TA,Typ,1.0,TA,Attchd,Unf,2.0,TA,TA,Y,5.579729825986222,3.1354942159291497,0.0,0.0,0.0,0.0,0.0,8.0,2008.0,WD,Normal,12.07254696717504
4.795790545596741,RL,42.4,3196.0,Reg,Lvl,Inside,Blmngtn,Norm,TwnhsE,1Story,7.0,5.0,2003.0,2004.0,Gable,CompShg,VinylSd,VinylSd,BrkFace,2.9444389791664403,Gd,TA,PConc,Gd,TA,Gd,Unf,0.0,0.0,7.226209010100671,1374.0,GasA,Ex,Y,SBrkr,0.0,-1.3877787807814457e-17,1557.0,0.0,0.0,2.0,0.0,2.0,0.6931471805599453,Gd,Typ,1.0,TA,Attchd,Fin,2.0,TA,TA,Y,4.969813299576001,3.044522437723423,0.0,0.0,0.0,0.0,0.0,10.0,2006.0,WD,Normal,12.36308066783498
3.044522437723423,RL,81.7,11341.0,IR1,Lvl,Inside,Sawyer,Norm,1Fam,1Story,5.0,6.0,1957.0,1996.0,Hip,CompShg,Wd Sdng,Wd Sdng,BrkFace,5.198497031265826,TA,TA,CBlock,Gd,TA,No,ALQ,1302.0,0.0,4.51085950651685,1392.0,GasA,TA,Y,SBrkr,0.0,-1.3877787807814457e-17,1392.0,1.0,0.0,1.0,1.0,3.0,0.6931471805599453,TA,Mod,1.0,Gd,Detchd,Unf,2.0,TA,TA,Y,0.0,0.0,0.0,0.0,4.564348191467836,0.0,0.0,5.0,2010.0,WD,Normal,11.707677772181546
3.044522437723423,RL,77.0,10010.0,Reg,Lvl,Inside,Mitchel,Norm,1Fam,1Story,5.0,5.0,1974.0,1975.0,Gable,CompShg,HdBoard,HdBoard,BrkFace,0.0,TA,TA,CBlock,Gd,TA,Av,ALQ,1071.0,4.820281565605036,5.278114659230517,1389.0,GasA,Gd,Y,SBrkr,0.0,-1.3877787807814457e-17,1389.0,1.0,0.0,1.0,0.0,2.0,0.6931471805599453,TA,Typ,1.0,TA,Attchd,RFn,2.0,TA,TA,Y,5.484796933490655,3.6635616461296463,0.0,0.0,0.0,0.0,0.0,4.0,2006.0,WD,Normal,12.04355959836804
3.4339872044851463,RL,63.0,13907.0,Reg,Lvl,Inside,Edwards,Norm,1Fam,1Story,5.0,6.0,1940.0,1969.0,Gable,CompShg,WdShing,Wd Shng,BrkFace,0.0,TA,TA,CBlock,TA,TA,No,BLQ,290.0,0.0,6.561030665896573,996.0,GasA,Ex,Y,SBrkr,0.0,-1.3877787807814457e-17,996.0,1.0,0.0,1.0,0.0,3.0,0.6931471805599453,TA,Typ,1.0,Gd,Attchd,Unf,-2.220446049250313e-16,TA,TA,Y,4.976733742420574,0.0,0.0,0.0,0.0,0.0,0.0,7.0,2008.0,WD,Normal,11.58989576532275
3.9318256327243257,RL,66.0,17673.5,Reg,Lvl,Inside,Edwards,Norm,1Fam,1.5Fin,6.0,7.0,1918.0,1950.0,Gable,CompShg,Wd Sdng,Wd Sdng,BrkFace,0.0,TA,TA,BrkTil,Gd,TA,Mn,Unf,0.0,0.0,7.059617628291383,1163.0,GasA,Ex,Y,SBrkr,6.238324625039508,-1.3877787807814457e-17,1674.0,0.0,0.0,2.0,0.0,4.0,0.6931471805599453,TA,Typ,1.0,Gd,Detchd,Fin,2.0,TA,TA,N,4.290459441148391,3.6109179126442243,0.0,0.0,4.976733742420574,0.0,0.0,7.0,2008.0,WD,Normal,12.128116509451258
4.110873864173311,RL,78.0,13346.0,IR1,Lvl,CulDSac,NoRidge,Norm,1Fam,2Story,7.0,5.0,1992.0,2000.0,Gable,CompShg,HdBoard,HdBoard,BrkFace,0.0,Gd,TA,PConc,Gd,TA,No,GLQ,728.0,0.0,5.908082938168931,1095.0,GasA,Ex,Y,SBrkr,7.029972911706386,-1.3877787807814457e-17,2295.0,1.0,0.0,2.0,1.0,4.0,0.6931471805599453,Gd,Typ,1.0,TA,Attchd,RFn,2.0,TA,TA,Y,0.0,3.713572066704308,0.0,0.0,0.0,0.0,0.0,7.0,2006.0,WD,Normal,12.498745990829315
4.2626798770413155,RL,66.0,6858.0,Reg,Bnk,Corner,SWISU,Norm,1Fam,2Story,6.0,4.0,1915.0,1950.0,Gable,CompShg,Wd Sdng,Wd Sdng,BrkFace,0.0,TA,TA,PConc,Gd,TA,No,Unf,0.0,0.0,6.693323668269949,806.0,GasA,TA,N,FuseF,6.693323668269949,-1.3877787807814457e-17,1647.0,1.0,0.0,1.0,1.0,4.0,0.6931471805599453,Fa,Typ,0.0,Gd,Detchd,Unf,1.0,TA,TA,Y,0.0,4.204692619390966,4.919980925828125,0.0,0.0,0.0,0.0,5.0,2010.0,WD,Normal,11.759793355371237
4.110873864173311,RL,77.0,11198.0,IR1,Lvl,Inside,StoneBr,Norm,1Fam,2Story,9.0,5.0,2005.0,2007.0,Hip,CompShg,VinylSd,VinylSd,BrkFace,5.5053315359323625,Gd,TA,PConc,Gd,Gd,No,Unf,0.0,0.0,7.023758954738443,1122.0,GasA,Ex,Y,SBrkr,7.223295679562314,-1.3877787807814457e-17,2504.0,0.0,0.0,2.0,1.0,4.0,0.6931471805599453,Ex,Typ,1.0,Gd,BuiltIn,Fin,3.0,TA,TA,Y,4.976733742420574,3.6888794541139363,0.0,0.0,0.0,0.0,0.0,6.0,2008.0,WD,Normal,12.691583538230217
3.044522437723423,RL,70.0,10171.0,IR1,Lvl,Inside,NridgHt,Norm,1Fam,1Story,7.0,5.0,2004.0,2004.0,Gable,CompShg,VinylSd,VinylSd,BrkFace,5.1298987149230735,Gd,TA,PConc,Gd,TA,No,GLQ,2.000000000000057,0.0,7.323830566202317,1517.0,GasA,Ex,Y,SBrkr,0.0,-1.3877787807814457e-17,1535.0,0.0,0.0,2.0,0.0,3.0,0.6931471805599453,Gd,Typ,0.0,Gd,Attchd,RFn,2.0,TA,TA,Y,0.0,0.0,0.0,0.0,0.0,0.0,0.0,2.9999999999999996,2010.0,WD,Normal,12.273735966890268
3.9318256327243257,RL,79.0,12327.0,IR1,Low,Inside,SawyerW,Norm,1Fam,1.5Fin,8.0,7.5,1983.0,2009.0,Gable,CompShg,Wd Sdng,Wd Sdng,BrkFace,0.0,Gd,TA,CBlock,Gd,TA,Gd,GLQ,1441.0,0.0,4.02535169073515,1496.0,GasA,Ex,Y,SBrkr,6.456769655572163,-1.3877787807814457e-17,2132.0,1.0,0.0,1.0,1.0,1.0,0.6931471805599453,Gd,Min2,1.0,Gd,BuiltIn,Fin,2.0,Gd,TA,Y,5.857933154483459,3.713572066704308,0.0,0.0,0.0,0.0,0.0,9.0,2009.0,WD,Normal,12.665397584983758
4.51085950651685,RL,78.8,7032.0,IR1,Lvl,Corner,NAmes,Norm,Duplex,SFoyer,5.0,5.0,1979.0,1979.0,Gable,CompShg,MetalSd,MetalSd,BrkFace,0.0,TA,TA,CBlock,Gd,TA,Gd,GLQ,943.0,0.0,0.0,943.0,GasA,TA,Y,SBrkr,0.0,-1.3877787807814457e-17,943.0,1.0,0.0,1.0,0.0,2.0,0.6931471805599453,TA,Typ,2.0,TA,Detchd,Unf,2.0,TA,TA,Y,3.761200115693562,0.0,0.0,0.0,0.0,0.0,0.0,12.0,2006.0,WD,Normal,11.820123358887447
4.51085950651685,RL,74.0,13101.0,IR1,Lvl,Inside,NAmes,Norm,Duplex,1Story,5.0,5.0,1965.0,1965.0,Gable,CompShg,HdBoard,HdBoard,BrkFace,4.6913478822291435,TA,TA,CBlock,TA,TA,No,LwQ,231.0,0.0,7.311886164077165,1728.0,GasA,TA,Y,SBrkr,0.0,-1.3877787807814457e-17,1728.0,0.0,0.0,2.0,0.0,4.5,1.0986122886681098,TA,Typ,0.0,Gd,Detchd,Unf,2.0,TA,TA,Y,0.0,0.0,0.0,0.0,0.0,0.0,0.0,11.0,2008.0,WD,Normal,11.867805799560465
3.044522437723423,RL,60.0,7332.0,Reg,Lvl,Inside,NAmes,Norm,1Fam,1Story,6.0,6.0,1959.0,1959.0,Gable,CompShg,WdShing,Wd Shng,BrkFace,5.337538079701318,TA,TA,CBlock,TA,TA,No,BLQ,414.0,0.0,6.111467339502679,864.0,GasA,Ex,Y,SBrkr,0.0,-1.3877787807814457e-17,864.0,1.0,0.0,1.0,0.0,2.0,0.6931471805599453,Gd,Typ,0.0,Gd,Attchd,Unf,1.0,TA,TA,Y,5.1298987149230735,0.0,0.0,0.0,0.0,0.0,0.0,10.0,2006.0,WD,Abnorml,11.695255355062795
4.110873864173311,RL,83.0,13159.0,IR1,HLS,Corner,Timber,Norm,1Fam,2Story,7.0,5.0,2009.0,2009.0,Gable,CompShg,VinylSd,VinylSd,BrkFace,0.0,TA,TA,PConc,Ex,TA,Av,Unf,0.0,0.0,6.741700694652055,846.0,GasA,Gd,Y,SBrkr,6.741700694652055,-1.3877787807814457e-17,1692.0,0.0,0.0,2.0,1.0,3.0,0.6931471805599453,Gd,Typ,0.0,Gd,Attchd,RFn,2.0,TA,TA,Y,5.342334251964811,4.74493212836325,0.0,0.0,0.0,0.0,0.0,7.0,2009.0,New,Partial,12.32163544049751
4.394449154672439,RL,76.0,9967.0,IR1,Lvl,Inside,Gilbert,Norm,1Fam,SLvl,7.0,5.0,2000.0,2000.0,Gable,CompShg,VinylSd,VinylSd,BrkFace,0.0,TA,TA,PConc,Gd,TA,No,Unf,0.0,0.0,5.953243334287785,384.0,GasA,Ex,Y,SBrkr,6.48768401848461,-1.3877787807814457e-17,1430.0,0.0,0.0,2.0,1.0,3.0,0.6931471805599453,TA,Typ,1.0,TA,BuiltIn,RFn,2.0,TA,TA,Y,4.61512051684126,0.0,0.0,0.0,0.0,0.0,0.0,12.0,2007.0,WD,Normal,12.04355959836804
4.394449154672439,RL,70.0,10500.0,Reg,Lvl,FR2,NAmes,Norm,1Fam,SLvl,5.0,7.0,1971.0,2005.0,Gambrel,CompShg,MetalSd,AsphShn,BrkFace,4.418840607796598,TA,TA,CBlock,TA,TA,Av,ALQ,349.0,0.0,3.1780538303479458,372.0,GasA,TA,Y,SBrkr,6.280395838960196,-1.3877787807814457e-17,1109.0,0.0,0.6931471805599452,1.0,0.0,3.0,0.6931471805599453,TA,Typ,0.0,Gd,BuiltIn,Unf,1.0,TA,TA,Y,3.58351893845611,0.0,0.0,0.0,0.0,0.0,0.0,12.0,2007.0,WD,Normal,11.842236406331555
3.9318256327243257,RL,80.0,8480.0,Reg,Lvl,Inside,NAmes,Norm,1Fam,1.5Fin,5.0,5.0,1947.0,1950.0,Gable,CompShg,MetalSd,MetalSd,BrkFace,0.0,TA,TA,CBlock,TA,TA,No,Rec,442.0,0.0,5.968707559985366,832.0,GasA,TA,Y,SBrkr,5.953243334287785,-1.3877787807814457e-17,1216.0,0.0,0.0,1.0,0.0,2.0,0.6931471805599453,TA,Typ,0.0,Gd,Detchd,Unf,1.0,TA,TA,Y,5.0689042022202315,0.0,4.634728988229636,0.0,0.0,0.0,0.0,10.0,2008.0,COD,Abnorml,11.682676678340282
3.9318256327243257,RL,52.0,6292.0,Reg,Lvl,Inside,SWISU,Norm,1Fam,1.5Fin,7.0,7.0,1928.0,1950.0,Gable,CompShg,Wd Sdng,Wd Sdng,BrkFace,0.0,TA,TA,BrkTil,TA,TA,No,Unf,0.0,0.0,6.759255270663693,861.0,GasA,Gd,Y,SBrkr,6.398594934535208,-1.3877787807814457e-17,1477.0,0.0,0.6931471805599452,2.0,0.0,3.0,0.6931471805599453,TA,Typ,1.0,Gd,Detchd,Unf,1.0,TA,TA,Y,0.0,3.9318256327243257,0.0,0.0,0.0,0.0,0.0,8.0,2009.0,WD,Normal,11.884495917930655
4.394449154672439,RL,96.0,11777.0,IR1,Lvl,Inside,Sawyer,Norm,1Fam,SLvl,5.0,6.0,1966.0,1966.0,Gable,CompShg,VinylSd,VinylSd,BrkFace,4.584967478670572,TA,TA,CBlock,TA,TA,Av,LwQ,328.0,6.313548046277095,5.655991810819852,1164.0,GasA,Ex,Y,SBrkr,0.0,-1.3877787807814457e-17,1320.0,1.0,0.0,1.0,0.0,3.0,0.6931471805599453,TA,Typ,2.0,Fa,Attchd,RFn,2.0,TA,TA,Y,5.081404364984463,4.23410650459726,5.484796933490655,0.0,0.0,0.0,0.0,5.0,2006.0,WD,Abnorml,12.010671928196443
4.983606621708336,FV,34.0,3604.0,Reg,Lvl,Corner,Somerst,Norm,TwnhsE,2Story,7.0,5.0,2007.0,2007.0,Gable,CompShg,VinylSd,VinylSd,BrkFace,0.0,Gd,TA,PConc,Gd,TA,No,Unf,0.0,0.0,6.536691597591305,689.0,GasA,Ex,Y,SBrkr,6.536691597591304,-1.3877787807814457e-17,1392.0,0.0,0.0,2.0,0.0,2.0,0.6931471805599453,Gd,Typ,0.0,Gd,Detchd,Unf,2.0,TA,TA,Y,0.0,4.634728988229636,0.0,0.0,0.0,0.0,0.0,2.0,2008.0,WD,Abnorml,11.891368749982085
3.9318256327243257,RM,81.0,12150.0,Reg,Lvl,Inside,OldTown,Norm,1Fam,1.5Fin,5.0,5.0,1954.0,1954.0,Gable,CompShg,MetalSd,MetalSd,BrkFace,5.817111159963204,TA,TA,BrkTil,TA,TA,No,Unf,0.0,0.0,6.957497370876951,1050.0,GasA,Ex,N,FuseF,6.61472560020376,-1.3877787807814457e-17,1795.0,0.0,0.0,2.0,0.0,4.0,0.6931471805599453,TA,Typ,0.0,Gd,Attchd,Unf,1.0,Fa,TA,Y,0.0,0.0,0.0,0.0,0.0,0.0,0.0,11.0,2008.0,WD,Normal,11.78676973513378
3.044522437723423,RL,77.4,14585.0,IR1,Lvl,CulDSac,NAmes,Norm,1Fam,1Story,6.0,6.0,1960.0,1987.0,Gable,CompShg,Wd Sdng,Wd Sdng,BrkFace,4.454347296253507,TA,TA,CBlock,TA,TA,No,BLQ,594.0,5.393627546352361,5.805134968916488,1144.0,GasA,Ex,Y,SBrkr,0.0,-1.3877787807814457e-17,1429.0,0.0,0.6931471805599452,1.0,0.0,3.0,0.6931471805599453,Gd,Typ,2.0,Gd,Attchd,Unf,2.0,TA,TA,Y,5.37989735354046,4.709530201312334,0.0,0.0,0.0,0.0,0.0,6.0,2007.0,WD,Normal,12.111217862017215
3.044522437723423,RL,98.0,12704.0,Reg,Lvl,Inside,NridgHt,Norm,1Fam,1Story,8.0,5.0,2008.0,2009.0,Hip,CompShg,VinylSd,VinylSd,BrkFace,5.726847747587197,Ex,TA,PConc,Ex,TA,No,Unf,0.0,0.0,7.430410654501705,2042.0,GasA,Ex,Y,SBrkr,0.0,-1.3877787807814457e-17,2042.0,0.0,0.0,2.0,1.0,3.0,0.6931471805599453,Ex,Typ,1.0,Gd,Attchd,RFn,3.0,TA,TA,Y,0.0,4.51085950651685,0.0,0.0,0.0,0.0,0.0,8.0,2009.0,New,Partial,12.442306148381938
4.51085950651685,RL,81.0,11841.0,Reg,Lvl,Inside,Edwards,Norm,Duplex,SFoyer,6.0,5.0,1990.0,1990.0,Gable,CompShg,HdBoard,HdBoard,BrkFace,4.653960350157523,TA,Gd,CBlock,Gd,TA,Av,GLQ,816.0,0.0,0.0,816.0,GasA,TA,Y,SBrkr,0.0,-1.3877787807814457e-17,816.0,1.0,0.0,1.0,0.0,3.0,0.6931471805599453,TA,Typ,0.0,Gd,Attchd,Unf,-2.220446049250313e-16,TA,TA,Y,0.0,3.4965075614664802,0.0,0.0,0.0,0.0,0.0,5.0,2007.0,WD,Normal,11.682676678340282
4.330733340286331,RM,75.0,13500.0,Reg,Lvl,Inside,OldTown,Artery,1Fam,2.5Unf,10.0,7.5,1893.0,2000.0,Gable,CompShg,Wd Sdng,Wd Sdng,BrkFace,0.0,Ex,Ex,BrkTil,TA,TA,No,Unf,0.0,0.0,7.121252453244542,1237.0,GasA,Gd,Y,SBrkr,7.134890851565883,-1.3877787807814457e-17,2747.625,0.0,0.0,3.0,1.0,3.0,0.6931471805599453,Gd,Typ,1.0,Gd,Detchd,Unf,2.0,Gd,TA,Y,4.663439094112067,5.14166355650266,0.0,0.0,0.0,0.0,0.0,7.0,2008.0,WD,Normal,12.691583538230217
3.9318256327243257,RM,51.0,6120.0,Reg,Lvl,Inside,BrkSide,Norm,1Fam,1.5Fin,4.0,7.0,1935.0,1995.0,Gable,CompShg,AsbShng,AsbShng,BrkFace,0.0,TA,TA,BrkTil,TA,TA,No,Unf,0.0,0.0,6.785587645007929,884.0,GasA,Ex,Y,SBrkr,6.371611847231857,-1.3877787807814457e-17,1573.0,0.0,0.0,1.0,0.0,3.0,0.6931471805599453,Gd,Typ,0.0,Gd,Detchd,Unf,1.0,TA,TA,Y,0.0,0.0,4.007333185232471,0.0,4.795790545596741,0.0,0.0,7.0,2009.0,WD,Normal,11.798111925972618
3.044522437723423,RL,88.0,11443.0,Reg,Lvl,Inside,Timber,Norm,1Fam,1Story,8.0,5.0,2005.0,2006.0,Hip,CompShg,VinylSd,VinylSd,BrkFace,5.342334251964811,Gd,TA,PConc,Ex,TA,Gd,GLQ,1460.0,0.0,6.013715156042802,1868.0,GasA,Ex,Y,SBrkr,0.0,-1.3877787807814457e-17,2028.0,1.0,0.0,2.0,0.0,2.0,0.6931471805599453,Gd,Typ,2.0,Gd,Attchd,RFn,3.0,TA,TA,Y,5.789960170897253,4.204692619390966,0.0,0.0,0.0,0.0,0.0,2.9999999999999996,2006.0,New,Partial,12.820990681250251
3.4339872044851463,RL,55.0,10267.0,Reg,Lvl,Inside,BrkSide,RRAn,1Fam,1Story,6.0,7.0,1918.0,2000.0,Gable,CompShg,Stucco,Wd Shng,BrkFace,0.0,TA,Gd,BrkTil,TA,Gd,Mn,Rec,209.99999999999997,6.4085287910594975,0.0,816.0,GasA,Ex,Y,SBrkr,0.0,-1.3877787807814457e-17,838.0,1.0,0.0,1.0,0.0,2.0,0.6931471805599453,Fa,Typ,0.0,Gd,Detchd,Fin,1.0,TA,TA,N,0.0,0.0,4.727387818712341,0.0,0.0,0.0,0.0,5.0,2008.0,WD,Normal,11.775297421715827
4.454347296253507,RL,74.0,8740.0,IR1,Lvl,Inside,Sawyer,Norm,1Fam,SFoyer,5.0,6.0,1982.0,1982.0,Hip,CompShg,HdBoard,HdBoard,BrkFace,0.0,TA,TA,CBlock,TA,TA,Av,ALQ,672.0,0.0,5.1298987149230735,840.0,GasA,TA,Y,SBrkr,0.0,-1.3877787807814457e-17,860.0,1.0,0.0,1.0,0.0,2.0,0.6931471805599453,TA,Typ,0.0,Gd,Detchd,Unf,2.0,TA,TA,Y,0.0,0.0,0.0,0.0,0.0,0.0,0.0,7.0,2009.0,WD,Normal,11.827743504053695
3.044522437723423,RL,65.0,17673.5,IR1,Low,Inside,ClearCr,Norm,1Fam,1Story,5.0,7.5,1968.0,2003.0,Flat,Tar&Grv,Wd Sdng,Wd Sdng,BrkFace,0.0,TA,TA,CBlock,TA,TA,Gd,GLQ,1324.0,0.0,4.736198448394496,1437.0,GasA,Ex,Y,SBrkr,0.0,-1.3877787807814457e-17,1473.0,2.0,0.0,1.0,0.0,1.0,0.6931471805599453,Ex,Typ,2.0,Gd,Attchd,Unf,1.0,TA,TA,Y,0.0,3.8918202981106265,0.0,0.0,4.110873864173311,0.0,0.0,6.0,2009.0,WD,Partial,11.870606902224587
3.713572066704308,RM,50.0,9100.0,Reg,Lvl,Inside,BrkSide,RRAn,1Fam,1Story,5.0,6.0,1930.0,1960.0,Gable,CompShg,VinylSd,VinylSd,BrkFace,0.0,TA,TA,BrkTil,TA,TA,No,Unf,0.0,0.0,6.610696044717759,742.0,GasA,TA,Y,FuseA,0.0,5.056245805348308,935.0,0.0,0.0,1.0,0.0,2.0,0.6931471805599453,TA,Typ,0.0,Gd,Detchd,Unf,1.0,TA,TA,P,0.0,0.0,0.0,0.0,0.0,0.0,6.398594934535208,8.0,2008.0,WD,Normal,11.283524879179666
4.110873864173311,RL,64.0,8320.0,Reg,Lvl,Inside,CollgCr,Norm,1Fam,2Story,7.0,5.0,2004.0,2004.0,Gable,CompShg,VinylSd,VinylSd,BrkFace,0.0,Gd,TA,PConc,Gd,TA,No,GLQ,490.0,0.0,5.638354669333745,770.0,GasA,Ex,Y,SBrkr,6.70073110954781,-1.3877787807814457e-17,1582.0,0.0,0.0,2.0,1.0,3.0,0.6931471805599453,Gd,Typ,0.0,Gd,Attchd,RFn,2.0,TA,TA,Y,0.0,3.828641396489095,0.0,0.0,0.0,0.0,0.0,9.0,2008.0,WD,Normal,12.132969552931216
4.110873864173311,RL,97.0,13478.0,IR1,Lvl,Corner,NridgHt,Norm,1Fam,2Story,10.0,5.0,2008.0,2008.0,Gable,CompShg,CemntBd,CmentBd,Stone,6.030685260261263,Ex,TA,PConc,Ex,TA,Gd,GLQ,1337.9999999999998,0.0,5.953243334287785,1722.0,GasA,Ex,Y,SBrkr,6.343880434126331,-1.3877787807814457e-17,2296.0,1.0,0.0,2.0,1.0,3.0,0.6931471805599453,Ex,Typ,1.0,Gd,BuiltIn,RFn,3.0,TA,TA,Y,5.948034989180646,5.14166355650266,0.0,0.0,0.0,0.0,0.0,6.0,2009.0,ConLI,Normal,13.02132904585825
3.044522437723423,RL,60.0,6600.0,Reg,Lvl,Inside,Mitchel,Norm,1Fam,1Story,5.0,7.5,1982.0,2003.0,Gable,CompShg,HdBoard,HdBoard,BrkFace,0.0,TA,Gd,PConc,TA,Gd,No,GLQ,816.0,0.0,0.0,816.0,GasA,Ex,Y,SBrkr,0.0,-1.3877787807814457e-17,816.0,1.0,0.0,1.0,0.0,2.0,0.6931471805599453,TA,Typ,0.0,Gd,Detchd,Fin,2.0,TA,TA,Y,0.0,0.0,0.0,0.0,0.0,0.0,0.0,6.0,2008.0,WD,Normal,11.835016210489899
4.795790545596741,RM,40.8,4435.0,Reg,Lvl,Inside,CollgCr,Norm,TwnhsE,1Story,6.0,5.0,2003.0,2003.0,Gable,CompShg,VinylSd,VinylSd,BrkFace,5.14166355650266,Gd,TA,PConc,Gd,TA,Av,GLQ,685.0,0.0,5.099866427824199,848.0,GasA,Ex,Y,SBrkr,0.0,-1.3877787807814457e-17,848.0,1.0,0.0,1.0,0.0,1.0,0.6931471805599453,Gd,Typ,0.0,Gd,Attchd,Fin,2.0,TA,TA,Y,4.948759890378168,0.0,0.0,0.0,0.0,0.0,0.0,5.0,2009.0,WD,Normal,11.849404844423074
3.044522437723423,RL,88.0,7990.0,IR1,Lvl,Inside,CollgCr,Norm,1Fam,1Story,5.0,6.0,1975.0,1975.0,Hip,CompShg,HdBoard,HdBoard,BrkFace,0.0,TA,TA,CBlock,Gd,TA,No,Unf,0.0,0.0,6.829793737512425,924.0,GasA,TA,Y,SBrkr,0.0,-1.3877787807814457e-17,924.0,0.0,0.0,1.0,0.0,3.0,0.6931471805599453,TA,Typ,0.0,Gd,Detchd,Unf,1.0,TA,TA,Y,0.0,0.0,0.0,0.0,0.0,0.0,0.0,4.0,2008.0,WD,Normal,11.608244735642321
3.044522437723423,RL,69.0,11302.0,IR1,Lvl,Inside,StoneBr,Norm,1Fam,1Story,8.0,5.0,2005.0,2006.0,Gable,CompShg,VinylSd,Other,BrkFace,5.476463551931511,Gd,TA,PConc,Gd,TA,Gd,GLQ,1422.0,0.0,5.973809611869261,1814.0,GasA,Ex,Y,SBrkr,0.0,-1.3877787807814457e-17,1826.0,1.0,0.0,2.0,0.0,3.0,0.6931471805599453,Gd,Typ,1.0,TA,Attchd,Fin,3.0,TA,TA,Y,5.198497031265826,4.330733340286331,0.0,0.0,4.795790545596741,0.0,0.0,8.0,2006.0,New,Partial,12.672949516558306
4.2626798770413155,RM,60.0,3600.0,Reg,Lvl,Inside,OldTown,Norm,1Fam,2Story,6.0,7.0,1910.0,1993.0,Gable,CompShg,VinylSd,VinylSd,BrkFace,0.0,TA,TA,CBlock,TA,TA,No,Unf,0.0,0.0,6.529418838262226,684.0,GasA,Ex,N,FuseA,6.529418838262226,-1.3877787807814457e-17,1368.0,0.0,0.0,1.0,0.0,3.0,0.6931471805599453,TA,Typ,0.0,Gd,Detchd,Unf,1.0,TA,Fa,N,0.0,5.0689042022202315,0.0,0.0,0.0,0.0,0.0,10.0,2006.0,WD,Normal,11.648373769145277
4.795790545596741,RL,53.0,3922.0,Reg,Lvl,Inside,Blmngtn,Norm,TwnhsE,1Story,7.0,5.0,2006.0,2007.0,Gable,CompShg,VinylSd,VinylSd,BrkFace,4.290459441148391,Gd,TA,PConc,Ex,TA,Av,Unf,0.0,0.0,7.138073034044347,1258.0,GasA,Ex,Y,SBrkr,0.0,-1.3877787807814457e-17,1402.0,0.0,1.0986122886681098,0.0,2.0,2.0,0.6931471805599453,Gd,Typ,1.0,Gd,Attchd,Fin,3.0,TA,TA,Y,4.795790545596741,2.833213344056216,0.0,0.0,0.0,0.0,0.0,2.0,2007.0,New,Partial,12.176654133447505
3.044522437723423,RL,80.0,12984.0,Reg,Bnk,Inside,Crawfor,Norm,1Fam,1Story,5.0,6.0,1977.0,1977.0,Gable,CompShg,Plywood,Plywood,BrkFace,6.030685260261263,TA,TA,CBlock,Gd,TA,Mn,ALQ,1283.0,4.997212273764115,0.0,1430.0,GasA,Ex,Y,SBrkr,0.0,-1.3877787807814457e-17,1647.0,1.0,0.0,2.0,0.0,3.0,0.6931471805599453,Gd,Typ,1.0,TA,Attchd,Fin,2.0,TA,TA,Y,0.0,0.0,0.0,0.0,0.0,0.0,0.0,2.9999999999999996,2006.0,WD,Normal,12.289958727201455
4.983606621708336,RM,27.500000000000007,1950.0,Reg,Lvl,Inside,Blueste,Norm,Twnhs,2Story,6.0,6.0,1980.0,1980.0,Gable,CompShg,MetalSd,MetalSd,BrkFace,0.0,TA,Gd,CBlock,Gd,TA,No,LwQ,81.0,6.418364935936211,3.1780538303479458,716.0,GasA,TA,Y,SBrkr,6.734591659972948,-1.3877787807814457e-17,1556.0,1.0,0.0,2.0,1.0,3.0,0.6931471805599453,TA,Typ,1.0,TA,Attchd,Fin,2.0,TA,TA,Y,5.087596335232384,0.0,0.0,0.0,0.0,0.0,0.0,7.0,2008.0,COD,Normal,11.92504173829169
4.110873864173311,RL,74.0,10927.0,Reg,Lvl,Inside,NridgHt,Norm,1Fam,2Story,8.0,5.0,2005.0,2005.0,Gable,CompShg,VinylSd,VinylSd,BrkFace,5.638354669333745,Gd,TA,PConc,Gd,TA,Av,GLQ,546.0,0.0,6.240275845170769,1058.0,GasA,Ex,Y,SBrkr,6.741700694652055,-1.3877787807814457e-17,1904.0,1.0,0.0,2.0,1.0,3.0,0.6931471805599453,Ex,Typ,1.0,Gd,BuiltIn,Fin,2.0,TA,TA,Y,5.19295685089021,4.110873864173311,0.0,0.0,0.0,0.0,0.0,6.0,2006.0,WD,Normal,12.524530013005734
3.9318256327243257,RM,50.0,9000.0,Reg,Bnk,Inside,IDOTRR,Norm,1Fam,1.5Fin,6.0,6.0,1937.0,1950.0,Gable,CompShg,Wd Sdng,Wd Sdng,BrkFace,0.0,TA,Gd,PConc,TA,TA,No,Unf,0.0,0.0,6.660575149839686,780.0,GasA,TA,Y,SBrkr,6.39024066706535,-1.3877787807814457e-17,1375.0,0.0,0.0,1.0,1.0,3.0,0.6931471805599453,Gd,Typ,1.0,Gd,Detchd,Unf,1.0,TA,TA,P,0.0,5.093750200806763,0.0,0.0,4.844187086458591,0.0,0.0,12.0,2007.0,WD,Normal,11.856522261533737
4.110873864173311,RL,80.0,10041.0,IR1,Lvl,Inside,SawyerW,Norm,1Fam,2Story,8.0,5.0,1992.0,1992.0,Gable,CompShg,HdBoard,HdBoard,BrkFace,0.0,Gd,TA,PConc,Gd,TA,Mn,GLQ,789.0,0.0,4.787491742782046,908.0,GasA,Ex,Y,SBrkr,6.896694331622712,-1.3877787807814457e-17,1915.0,1.0,0.0,2.0,1.0,3.0,0.6931471805599453,Gd,Typ,1.0,TA,Attchd,Fin,2.0,TA,TA,Y,4.795790545596741,5.017279836814924,0.0,0.0,0.0,0.0,0.0,2.0,2006.0,WD,Abnorml,12.301387370778713
4.983606621708336,FV,30.0,3182.0,Reg,Lvl,Inside,Somerst,Norm,TwnhsE,2Story,7.0,5.0,2004.0,2005.0,Gable,CompShg,MetalSd,MetalSd,BrkFace,0.0,Gd,TA,PConc,Gd,TA,No,Unf,0.0,0.0,6.398594934535208,600.0,GasA,Ex,Y,SBrkr,6.398594934535208,-1.3877787807814457e-17,1200.0,0.0,0.0,2.0,1.0,2.0,0.6931471805599453,Gd,Typ,0.0,Gd,Detchd,RFn,2.0,TA,TA,Y,0.0,5.14166355650266,0.0,0.0,0.0,0.0,0.0,6.0,2010.0,WD,Normal,11.92504173829169
3.044522437723423,RL,88.0,12803.0,IR1,Lvl,Inside,CollgCr,Norm,1Fam,1Story,7.0,5.0,2002.0,2002.0,Gable,CompShg,VinylSd,VinylSd,BrkFace,4.605170185988092,Gd,TA,PConc,Gd,TA,Mn,GLQ,922.0,0.0,6.35088571671474,1494.0,GasA,Ex,Y,SBrkr,0.0,-1.3877787807814457e-17,1494.0,1.0,0.0,2.0,0.0,3.0,0.6931471805599453,Gd,Typ,1.0,TA,Attchd,RFn,2.0,TA,TA,Y,5.262690188904886,3.6109179126442243,0.0,0.0,0.0,0.0,0.0,9.0,2008.0,WD,Normal,12.30592250537653
4.110873864173311,RL,85.0,13600.0,Reg,Lvl,Inside,NAmes,Norm,1Fam,2Story,7.0,6.0,1965.0,1990.0,Gable,CompShg,HdBoard,HdBoard,BrkFace,5.176149732573829,TA,TA,CBlock,TA,TA,No,BLQ,454.0,0.0,5.752572638825633,768.0,GasA,TA,Y,SBrkr,6.68586094706836,-1.3877787807814457e-17,1986.0,0.0,0.0,2.0,1.0,3.0,0.6931471805599453,TA,Typ,2.5,Fa,Attchd,Unf,2.0,TA,TA,Y,0.0,3.7612001156935624,0.0,0.0,5.247024072160486,0.0,0.0,10.0,2009.0,WD,Normal,12.230770136157428
3.044522437723423,RL,82.0,12464.0,IR2,Low,Corner,CollgCr,Norm,1Fam,1Story,5.0,5.0,1996.0,1996.0,Gable,CompShg,VinylSd,VinylSd,BrkFace,0.0,TA,Gd,PConc,Gd,TA,No,GLQ,732.0,0.0,5.733341276897746,1040.0,GasA,Gd,Y,SBrkr,0.0,-1.3877787807814457e-17,1040.0,1.0,0.0,1.0,0.0,3.0,0.6931471805599453,Gd,Typ,0.0,Gd,Detchd,Unf,2.0,TA,TA,Y,5.1298987149230735,0.0,0.0,0.0,0.0,0.0,0.0,11.0,2009.0,WD,Normal,11.931642378754141
3.044522437723423,RL,78.0,7800.0,Reg,Bnk,Inside,Edwards,Norm,1Fam,2Story,5.0,7.5,1948.0,2002.0,Gable,CompShg,MetalSd,MetalSd,BrkFace,0.0,TA,Gd,CBlock,TA,Gd,No,GLQ,603.0,0.0,5.683579767338681,896.0,GasA,Ex,Y,SBrkr,6.799055862058797,-1.3877787807814457e-17,2008.0,1.0,0.0,3.0,0.0,3.0,0.6931471805599453,Ex,Typ,0.0,Gd,Attchd,Unf,1.0,TA,TA,Y,4.6443908991413725,0.0,0.0,0.0,0.0,0.0,0.0,8.0,2006.0,WD,Normal,12.323860125621126
4.2626798770413155,RL,78.0,12168.0,Reg,HLS,Inside,Crawfor,Norm,1Fam,2Story,8.0,6.0,1934.0,1998.0,Gable,CompShg,BrkFace,Wd Sdng,BrkFace,0.0,TA,TA,PConc,Gd,TA,Mn,BLQ,428.0,0.0,6.2878585601617845,965.0,GasA,TA,Y,SBrkr,7.134890851565883,-1.3877787807814457e-17,2747.625,0.0,0.0,2.0,1.0,4.0,0.6931471805599453,TA,Typ,2.0,Gd,Basment,Unf,2.0,TA,TA,Y,0.0,0.0,0.0,0.0,0.0,0.0,0.0,9.0,2007.0,WD,Alloca,12.791358964949923
3.044522437723423,RL,61.0,7943.0,Reg,Lvl,Inside,Sawyer,Feedr,1Fam,1Story,4.0,5.0,1961.0,1961.0,Gable,CompShg,VinylSd,VinylSd,BrkCmn,5.262690188904886,TA,Fa,CBlock,TA,TA,Mn,Rec,903.0,0.0,4.844187086458591,1029.0,GasA,Gd,Y,SBrkr,0.0,-1.3877787807814457e-17,1029.0,1.0,0.0,1.0,0.0,3.0,0.6931471805599453,TA,Typ,0.0,Gd,Attchd,Unf,1.0,TA,TA,Y,4.174387269895637,0.0,3.6888794541139363,0.0,0.0,0.0,0.0,4.0,2007.0,WD,Normal,11.682676678340282
4.110873864173311,RL,94.2,11050.0,Reg,Lvl,Inside,CollgCr,PosN,1Fam,2Story,9.0,5.0,2000.0,2000.0,Hip,CompShg,VinylSd,VinylSd,BrkFace,5.3230099791384085,Gd,TA,PConc,Ex,TA,Mn,GLQ,904.0,0.0,6.285998094508865,1440.0,GasA,Ex,Y,SBrkr,6.519147287940395,-1.3877787807814457e-17,2153.0,1.0,0.0,2.0,1.0,3.0,0.6931471805599453,Ex,Typ,2.0,Ex,Attchd,Fin,3.0,TA,TA,Y,5.537334267018537,4.962844630259907,0.0,0.0,0.0,0.0,0.0,5.0,2009.0,WD,Normal,12.653961664405365
4.394449154672439,RL,68.4,10395.0,IR1,Lvl,FR2,NWAmes,Norm,1Fam,SLvl,6.0,6.0,1978.0,1978.0,Gable,CompShg,HdBoard,HdBoard,BrkFace,5.455321115357702,TA,TA,CBlock,Gd,TA,Av,ALQ,605.0,0.0,6.059123195581797,1032.0,GasA,TA,Y,SBrkr,0.0,-1.3877787807814457e-17,1032.0,0.0,0.6931471805599452,2.0,0.0,3.0,0.6931471805599453,TA,Typ,1.0,TA,Attchd,Unf,2.0,TA,TA,Y,0.0,0.0,0.0,0.0,0.0,0.0,6.2166061010848646,7.0,2007.0,WD,Normal,11.904974309480183
4.110873864173311,RL,83.2,11885.0,Reg,Lvl,Inside,CollgCr,Norm,1Fam,2Story,8.0,5.0,2001.0,2001.0,Gable,CompShg,VinylSd,VinylSd,BrkFace,4.6913478822291435,Gd,TA,PConc,Gd,TA,Av,GLQ,990.0,0.0,5.736572297479192,1299.0,GasA,Ex,Y,SBrkr,6.352629396319567,-1.3877787807814457e-17,1872.0,1.0,0.0,2.0,1.0,3.0,0.6931471805599453,Ex,Typ,1.0,TA,BuiltIn,RFn,2.0,TA,TA,Y,5.081404364984463,4.812184355372417,0.0,0.0,0.0,0.0,0.0,11.0,2009.0,WD,Normal,12.474193386571581
3.044522437723423,RL,70.0,8402.0,Reg,Lvl,Inside,Mitchel,Feedr,1Fam,1Story,5.0,5.0,2007.0,2007.0,Gable,CompShg,VinylSd,VinylSd,BrkFace,0.0,TA,TA,PConc,Gd,TA,No,ALQ,206.0,0.0,6.818924065275521,1120.0,GasA,Ex,Y,SBrkr,0.0,-1.3877787807814457e-17,1120.0,0.0,0.0,1.0,0.0,3.0,0.6931471805599453,TA,Typ,0.0,Gd,Attchd,Unf,-2.220446049250313e-16,TA,TA,Y,0.0,3.4339872044851463,0.0,0.0,0.0,0.0,0.0,12.0,2007.0,New,Partial,11.898194668458823
4.983606621708336,RM,27.500000000000007,1490.999999999999,Reg,Lvl,Inside,MeadowV,Norm,TwnhsE,SFoyer,4.0,6.0,1972.0,1972.0,Gable,CompShg,CemntBd,CmentBd,BrkFace,0.0,TA,TA,CBlock,Gd,TA,Av,LwQ,150.0,6.17586727010576,0.0,630.0,GasA,Ex,Y,SBrkr,0.0,-1.3877787807814457e-17,630.0,1.0,0.0,1.0,0.0,1.0,0.6931471805599453,TA,Typ,0.0,Gd,Attchd,Unf,-2.220446049250313e-16,TA,TA,Y,4.574710978503383,3.2188758248682006,0.0,0.0,0.0,0.0,0.0,5.0,2010.0,WD,Normal,11.231901180182515
4.454347296253507,RL,80.0,8800.0,Reg,Lvl,Inside,NAmes,Feedr,1Fam,SFoyer,6.0,7.0,1963.0,1963.0,Gable,CompShg,MetalSd,MetalSd,BrkFace,5.056245805348308,TA,Gd,PConc,TA,TA,Gd,GLQ,763.0,0.0,5.159055299214529,936.0,GasA,Ex,Y,SBrkr,0.0,-1.3877787807814457e-17,1054.0,1.0,0.0,1.0,0.0,3.0,0.6931471805599453,Gd,Typ,0.0,Gd,Attchd,RFn,2.0,TA,TA,Y,4.795790545596741,0.0,0.0,0.0,0.0,0.0,0.0,5.0,2010.0,WD,Abnorml,11.83138646878959
4.110873864173311,RL,71.6,7861.0,IR1,Lvl,Inside,Gilbert,Norm,1Fam,2Story,6.0,5.0,2002.0,2003.0,Gable,CompShg,VinylSd,VinylSd,BrkFace,0.0,Gd,TA,PConc,Gd,TA,No,GLQ,457.0,0.0,5.7899601708972535,783.0,GasA,Ex,Y,SBrkr,6.555356891810665,-1.3877787807814457e-17,1509.0,1.0,0.0,2.0,1.0,3.0,0.6931471805599453,Gd,Typ,1.0,Gd,Attchd,Fin,2.0,TA,TA,Y,4.61512051684126,4.330733340286331,0.0,0.0,0.0,0.0,0.0,6.0,2006.0,WD,Normal,12.118339189722553
3.828641396489095,RL,59.0,7227.0,Reg,HLS,Corner,NAmes,Artery,1Fam,1.5Unf,6.0,6.0,1954.0,1954.0,Gable,CompShg,MetalSd,MetalSd,BrkFace,0.0,TA,TA,CBlock,TA,TA,No,Unf,0.0,0.0,6.725033642166843,832.0,GasA,Gd,Y,SBrkr,0.0,-1.3877787807814457e-17,832.0,0.0,0.0,1.0,0.0,2.0,0.6931471805599453,Gd,Typ,0.0,Gd,Detchd,Unf,2.0,TA,TA,Y,0.0,0.0,0.0,0.0,0.0,0.0,0.0,6.0,2008.0,WD,Normal,11.566475710526321
3.044522437723423,RL,90.0,11694.0,Reg,Lvl,Inside,NridgHt,Norm,1Fam,1Story,9.0,5.0,2007.0,2007.0,Hip,CompShg,CemntBd,CmentBd,BrkFace,6.030685260261263,Ex,TA,PConc,Ex,TA,Av,GLQ,48.0,0.0,7.430410654501705,1822.0,GasA,Ex,Y,SBrkr,0.0,-1.3877787807814457e-17,1828.0,0.0,0.0,2.0,0.0,3.0,0.6931471805599453,Gd,Typ,1.0,Gd,Attchd,Unf,3.0,TA,TA,Y,0.0,4.6913478822291435,0.0,0.0,5.564520407322694,0.0,0.0,7.0,2007.0,New,Partial,12.659737267217572
4.110873864173311,RL,85.0,12244.0,Reg,Lvl,Inside,Timber,Norm,1Fam,2Story,8.0,5.0,2003.0,2003.0,Hip,CompShg,VinylSd,VinylSd,Stone,5.424950017481403,Gd,TA,PConc,Gd,TA,Gd,GLQ,871.0,0.0,6.416732282512326,1482.0,GasA,Ex,Y,SBrkr,6.660575149839686,-1.3877787807814457e-17,2262.0,1.0,0.0,2.0,1.0,4.0,0.6931471805599453,Gd,Typ,2.0,Gd,Attchd,Fin,3.0,TA,TA,Y,5.1298987149230735,0.0,0.0,0.0,0.0,0.0,0.0,8.0,2008.0,WD,Normal,12.628070334272698
3.4339872044851463,RL,45.0,8248.0,Reg,Lvl,Inside,Edwards,Norm,1Fam,1Story,3.0,3.5,1914.0,1950.0,Gable,CompShg,Stucco,Stucco,BrkFace,0.0,TA,TA,BrkTil,TA,TA,No,BLQ,41.0,0.0,6.714170529909472,864.0,GasA,TA,N,FuseF,0.0,-1.3877787807814457e-17,864.0,1.0,0.0,1.0,0.0,2.0,0.6931471805599453,TA,Typ,0.0,Gd,Attchd,Unf,-2.220446049250313e-16,TA,TA,N,0.0,0.0,4.615120516841259,0.0,0.0,0.0,0.0,9.0,2008.0,WD,Normal,11.112462823634855
4.110873864173311,RL,90.0,10800.0,Reg,Lvl,Inside,NWAmes,Norm,1Fam,2Story,6.0,7.0,1974.0,1997.0,Gable,CompShg,HdBoard,HdBoard,BrkFace,0.0,TA,TA,CBlock,TA,TA,No,ALQ,956.0,5.209486152841421,5.953243334287785,1522.0,GasA,TA,Y,SBrkr,6.9726062513017535,-1.3877787807814457e-17,2614.0,0.0,0.0,2.0,1.0,4.0,0.6931471805599453,TA,Typ,1.0,TA,Attchd,RFn,2.0,TA,TA,Y,3.6635616461296463,5.14166355650266,0.0,0.0,0.0,0.0,0.0,6.0,2008.0,WD,Normal,12.388398368982115
3.044522437723423,RL,71.0,7064.0,Reg,Lvl,Inside,Sawyer,Norm,1Fam,1Story,5.0,6.0,1977.0,1977.0,Gable,CompShg,Plywood,Plywood,BrkFace,5.0369526024136295,TA,TA,CBlock,TA,TA,No,BLQ,560.0,0.0,6.042632833682381,980.0,GasA,TA,Y,SBrkr,0.0,-1.3877787807814457e-17,980.0,0.0,0.0,1.0,0.0,3.0,0.6931471805599453,TA,Typ,0.0,Gd,Detchd,Unf,2.0,TA,TA,Y,5.262690188904886,0.0,0.0,0.0,0.0,0.0,0.0,7.0,2009.0,WD,Normal,11.813037464800539
4.983606621708336,FV,33.10000000000001,2117.0,Reg,Lvl,Inside,Somerst,Norm,TwnhsE,2Story,6.0,5.0,2000.0,2000.0,Gable,CompShg,MetalSd,MetalSd,BrkFace,6.030685260261263,Gd,TA,PConc,Gd,TA,No,GLQ,420.0,0.0,5.820082930352362,756.0,GasA,Ex,Y,SBrkr,6.6293632534374485,-1.3877787807814457e-17,1512.0,0.0,0.0,2.0,1.0,2.0,0.6931471805599453,Gd,Typ,1.0,TA,Detchd,Unf,2.0,TA,TA,Y,0.0,3.4965075614664802,0.0,0.0,0.0,0.0,0.0,6.0,2007.0,WD,Normal,12.034696963475044
4.110873864173311,RL,80.0,10400.0,Reg,Lvl,Inside,NWAmes,Norm,1Fam,2Story,6.0,5.0,1972.0,1972.0,Gable,CompShg,VinylSd,VinylSd,BrkFace,5.666426688112432,TA,TA,CBlock,TA,TA,No,Rec,247.0,0.0,6.186208623900494,732.0,GasA,Gd,Y,SBrkr,6.658011045870748,-1.3877787807814457e-17,1790.0,1.0,0.0,1.0,2.0,4.0,0.6931471805599453,TA,Min2,1.0,TA,Attchd,RFn,2.0,TA,TA,Y,5.003946305945459,0.0,0.0,0.0,4.997212273764115,0.0,0.0,11.0,2006.0,WD,Normal,12.014615485902027
3.044522437723423,RL,87.0,10000.0,IR1,Lvl,Corner,NAmes,Norm,1Fam,1Story,6.0,6.0,1962.0,1962.0,Hip,CompShg,Wd Sdng,Wd Sdng,BrkFace,5.568344503761097,TA,TA,CBlock,TA,TA,No,Unf,0.0,0.0,7.018401799069201,1116.0,GasA,TA,Y,SBrkr,0.0,-1.3877787807814457e-17,1116.0,0.0,0.0,1.0,1.0,3.0,0.6931471805599453,TA,Typ,0.0,Gd,Attchd,Unf,2.0,TA,TA,Y,0.0,0.0,0.0,0.0,5.955837369464831,0.0,0.0,2.0,2010.0,WD,Normal,11.982935344196433
3.044522437723423,RL,72.4,12342.0,IR1,Lvl,Inside,NAmes,Norm,1Fam,1Story,5.0,5.0,1960.0,1978.0,Hip,CompShg,Wd Sdng,Wd Sdng,BrkFace,0.0,TA,TA,CBlock,TA,TA,No,Unf,0.0,0.0,6.88653164253051,978.0,GasA,TA,Y,SBrkr,0.0,-1.3877787807814457e-17,1422.0,0.0,0.0,1.0,0.0,3.0,0.6931471805599453,TA,Min1,1.0,TA,Attchd,RFn,1.0,TA,TA,Y,0.0,0.0,3.6109179126442243,0.0,0.0,0.0,6.398594934535208,8.0,2007.0,WD,Normal,11.848690308590857
4.394449154672439,RL,80.0,9600.0,Reg,Lvl,Inside,NAmes,Norm,1Fam,SLvl,6.0,6.0,1955.0,1972.0,Gable,CompShg,AsbShng,AsbShng,BrkFace,5.105945473900579,TA,TA,CBlock,TA,TA,Av,BLQ,674.0,4.890349128221754,5.860786223465865,1156.0,GasA,Ex,Y,SBrkr,0.0,-1.3877787807814457e-17,1520.0,1.0,0.0,1.0,0.0,3.0,0.6931471805599453,TA,Typ,2.0,Gd,Basment,RFn,1.0,TA,TA,Y,0.0,0.0,5.247024072160486,0.0,0.0,0.0,0.0,2.9999999999999996,2010.0,WD,Normal,11.938199736300925
4.110873864173311,RL,70.0,11606.0,IR1,HLS,Inside,NAmes,Norm,1Fam,2Story,5.0,5.0,1969.0,1969.0,Gable,CompShg,Plywood,Plywood,BrkFace,5.262690188904886,TA,TA,PConc,Gd,TA,Av,Rec,650.0,0.0,5.968707559985366,1040.0,GasA,TA,Y,SBrkr,6.947937068614969,-1.3877787807814457e-17,2080.0,0.0,0.6931471805599452,1.0,2.0,4.5,0.6931471805599453,Fa,Typ,2.0,TA,Attchd,Unf,2.0,TA,TA,Y,5.817111159963204,0.0,0.0,0.0,0.0,0.0,0.0,9.0,2007.0,WD,Family,11.813037464800539
4.394449154672439,RL,82.0,9020.0,Reg,Lvl,Corner,NAmes,Feedr,1Fam,SLvl,6.0,5.0,1964.0,1964.0,Gable,WdShngl,Plywood,Wd Sdng,BrkFace,5.560681631015527,TA,TA,CBlock,TA,TA,Gd,GLQ,624.0,5.820082930352362,5.666426688112432,1248.0,GasA,TA,Y,SBrkr,0.0,-1.3877787807814457e-17,1350.0,1.0,0.0,1.0,1.0,3.0,0.6931471805599453,TA,Typ,0.0,Gd,Attchd,RFn,2.0,TA,TA,Y,5.176149732573829,0.0,0.0,0.0,0.0,0.0,0.0,6.0,2008.0,WD,Normal,12.034696963475044
4.2626798770413155,RM,50.0,9000.0,Reg,Lvl,Corner,OldTown,Artery,1Fam,2Story,5.0,6.0,1885.0,1991.0,Gable,CompShg,VinylSd,VinylSd,BrkFace,0.0,TA,TA,BrkTil,Fa,Fa,No,Unf,0.0,0.0,6.456769655572163,636.0,GasA,TA,Y,FuseA,6.495265555937008,-1.3877787807814457e-17,1750.0,0.0,0.0,1.0,0.0,3.0,0.6931471805599453,Ex,Typ,0.0,Gd,Detchd,Unf,1.0,Fa,Po,N,0.0,0.0,5.683579767338681,0.0,0.0,0.0,0.0,6.0,2006.0,WD,Abnorml,11.728044909070785
4.795790545596741,RL,34.0,4590.0,Reg,Lvl,Inside,NridgHt,Norm,Twnhs,1Story,8.0,5.0,2006.0,2006.0,Gable,CompShg,VinylSd,VinylSd,Stone,4.6913478822291435,Gd,TA,PConc,Gd,Gd,Mn,GLQ,24.0,0.0,7.333676395657684,1554.0,GasA,Ex,Y,SBrkr,0.0,-1.3877787807814457e-17,1554.0,0.0,0.0,2.0,0.0,2.0,0.6931471805599453,Gd,Typ,1.0,Gd,Attchd,RFn,2.0,TA,TA,Y,5.056245805348308,4.30406509320417,0.0,0.0,0.0,0.0,0.0,8.0,2007.0,WD,Normal,12.252483791602627
3.044522437723423,RL,85.0,11900.0,Reg,Lvl,Inside,NWAmes,Norm,1Fam,1Story,7.0,5.0,1977.0,1977.0,Hip,CompShg,Plywood,Plywood,BrkFace,5.3471075307174685,TA,Gd,CBlock,TA,TA,No,ALQ,822.0,0.0,6.336825731146441,1386.0,GasA,TA,Y,SBrkr,0.0,-1.3877787807814457e-17,1411.0,0.0,0.0,2.0,0.0,3.0,0.6931471805599453,TA,Typ,1.0,TA,Attchd,Fin,2.0,TA,TA,Y,5.262690188904886,0.0,0.0,0.0,0.0,0.0,0.0,4.0,2009.0,WD,Family,11.320565693461432
3.044522437723423,RL,80.0,9250.0,Reg,Lvl,Corner,NAmes,Norm,1Fam,1Story,5.0,7.0,1954.0,2005.0,Gable,CompShg,Wd Sdng,Wd Sdng,BrkFace,0.0,TA,TA,CBlock,TA,TA,No,BLQ,480.0,6.150602768446278,4.6913478822291435,1056.0,GasA,TA,Y,SBrkr,0.0,-1.3877787807814457e-17,1056.0,0.0,0.6931471805599452,1.0,0.0,3.0,0.6931471805599453,TA,Typ,0.0,Gd,Attchd,Unf,1.0,TA,TA,Y,5.968707559985366,0.0,0.0,0.0,0.0,0.0,0.0,7.0,2007.0,WD,Normal,11.845109950883979
4.51085950651685,RL,64.0,6979.0,Reg,Lvl,Inside,OldTown,Norm,Duplex,SFoyer,6.0,5.0,1980.0,1980.0,Gable,CompShg,Plywood,Plywood,BrkFace,0.0,TA,TA,CBlock,TA,TA,No,GLQ,1056.0,0.0,0.0,1056.0,GasA,Gd,Y,SBrkr,0.0,-1.3877787807814457e-17,1056.0,2.0,0.0,0.0,0.0,0.5,1.0986122886681098,TA,Typ,0.0,Gd,Detchd,Unf,2.0,TA,TA,Y,5.579729825986222,4.04305126783455,0.0,0.0,0.0,0.0,6.398594934535208,6.0,2010.0,WD,Normal,11.87757552297847
4.983606621708336,RH,60.0,10896.0,Reg,Bnk,Inside,SWISU,Feedr,2fmCon,2.5Fin,6.0,7.0,1914.0,1995.0,Hip,CompShg,VinylSd,VinylSd,BrkFace,0.0,Fa,TA,CBlock,TA,Fa,No,LwQ,256.0,0.0,7.077498053569231,1440.0,GasA,Ex,Y,FuseA,7.273092595999522,6.246106765481563,2747.625,0.0,0.0,2.0,0.0,4.5,1.0986122886681098,Fa,Typ,0.0,Gd,Attchd,Unf,-2.220446049250313e-16,TA,TA,N,0.0,4.709530201312334,0.0,0.0,0.0,0.0,0.0,2.9999999999999996,2007.0,WD,Abnorml,12.206077645517674
3.4339872044851463,RM,51.0,6120.0,Reg,Lvl,Inside,BrkSide,Norm,1Fam,1Story,2.0,3.5,1936.0,1950.0,Gable,CompShg,AsbShng,AsbShng,BrkFace,0.0,Fa,Fa,BrkTil,TA,Fa,No,Unf,0.0,0.0,5.579729825986222,264.0,Grav,Fa,N,FuseA,0.0,-1.3877787807814457e-17,800.0,0.0,0.0,1.0,0.0,1.0,0.6931471805599453,Fa,Maj1,1.0,Po,Attchd,Unf,-2.220446049250313e-16,TA,TA,N,0.0,0.0,0.0,0.0,0.0,0.0,0.0,1.0,2009.0,ConLw,Normal,11.002116507732017
4.983606621708336,RM,50.0,6000.0,Reg,Lvl,Inside,OldTown,Norm,2fmCon,1.5Fin,5.0,4.0,1954.0,1954.0,Gable,CompShg,Wd Sdng,Wd Sdng,BrkFace,0.0,TA,TA,CBlock,TA,TA,No,Unf,0.0,0.0,6.699500340161678,811.0,GasA,TA,Y,FuseA,6.3578422665081,-1.3877787807814457e-17,1387.0,0.0,0.0,2.0,0.0,3.0,1.0986122886681098,Gd,Typ,0.0,Gd,BuiltIn,Unf,1.0,TA,TA,Y,0.0,0.0,0.0,0.0,0.0,0.0,0.0,11.0,2009.0,WD,Normal,11.440365524765756
3.4339872044851463,RL,67.0,8777.0,Reg,Lvl,Inside,Edwards,Feedr,1Fam,1Story,5.0,7.0,1910.0,1950.0,Gable,CompShg,MetalSd,Wd Sdng,BrkFace,0.0,TA,TA,CBlock,Fa,TA,No,Unf,0.0,0.0,6.680854678790215,796.0,GasA,Gd,Y,FuseA,0.0,-1.3877787807814457e-17,796.0,0.0,0.0,1.0,0.0,2.0,0.6931471805599453,TA,Typ,0.0,Gd,Attchd,Unf,-2.220446049250313e-16,TA,TA,P,5.796057750765372,0.0,5.10594547390058,0.0,0.0,0.0,0.0,5.0,2008.0,WD,Normal,11.350418300109132
4.795790545596741,RL,53.0,3982.0,Reg,Lvl,Inside,Blmngtn,Norm,TwnhsE,1Story,8.0,5.0,2006.0,2006.0,Hip,CompShg,VinylSd,VinylSd,BrkFace,0.0,Gd,TA,PConc,Gd,Gd,Av,GLQ,1154.0,0.0,5.905361848054571,1520.0,GasA,Ex,Y,SBrkr,0.0,-1.3877787807814457e-17,1567.0,1.0,0.0,2.0,0.0,1.0,0.6931471805599453,Ex,Typ,1.0,Gd,Attchd,Fin,3.0,TA,TA,Y,5.746203190540154,0.0,0.0,0.0,0.0,0.0,0.0,10.0,2006.0,New,Partial,12.485830907348902
4.795790545596741,RL,62.0,12677.0,IR1,Lvl,Inside,NridgHt,Norm,TwnhsE,1Story,8.0,5.0,2003.0,2004.0,Hip,CompShg,MetalSd,MetalSd,BrkFace,6.030685260261263,Ex,TA,PConc,Ex,TA,Gd,GLQ,1218.0,0.0,5.707110264748875,1518.0,GasA,Ex,Y,SBrkr,0.0,-1.3877787807814457e-17,1518.0,0.0,0.0,1.0,1.0,1.0,0.6931471805599453,Ex,Typ,1.0,Gd,Attchd,RFn,2.0,TA,TA,Y,5.225746673713202,4.948759890378168,0.0,0.0,0.0,0.0,0.0,4.0,2008.0,WD,Normal,12.520887034998584
4.110873864173311,FV,71.2,7050.0,Reg,Lvl,Inside,Somerst,Norm,1Fam,2Story,7.0,5.0,2001.0,2001.0,Gable,CompShg,VinylSd,VinylSd,BrkFace,0.0,Gd,TA,PConc,Gd,TA,No,GLQ,738.0,0.0,5.768320995793772,1057.0,GasA,Ex,Y,SBrkr,6.771935555839603,-1.3877787807814457e-17,1929.0,1.0,0.0,2.0,1.0,3.0,0.6931471805599453,Gd,Typ,1.0,TA,Attchd,Fin,2.0,TA,TA,Y,0.0,5.14166355650266,0.0,0.0,0.0,0.0,0.0,5.0,2007.0,WD,Normal,12.328294703023394
4.394449154672439,RL,75.0,13860.0,Reg,Lvl,Inside,NAmes,Norm,1Fam,SLvl,8.0,7.0,1972.0,1995.0,Gable,CompShg,Plywood,Wd Sdng,BrkFace,0.0,Gd,TA,CBlock,Gd,TA,Gd,GLQ,1409.9999999999998,0.0,6.297109319933935,1952.0,GasA,Gd,Y,SBrkr,6.558197802812269,-1.3877787807814457e-17,2704.0,1.0,0.0,2.0,1.0,4.0,0.6931471805599453,Ex,Typ,2.5,TA,Attchd,Fin,2.0,TA,TA,Y,5.598421958998375,4.718498871295094,0.0,0.0,0.0,0.0,0.0,7.0,2009.0,WD,Normal,12.75130259456002
4.110873864173311,RL,80.0,10793.0,Reg,Lvl,Inside,NWAmes,RRAn,1Fam,2Story,5.0,5.0,1969.0,1969.0,Mansard,CompShg,WdShing,HdBoard,BrkFace,5.575949103146316,TA,TA,CBlock,TA,TA,No,Rec,493.0,5.662960480135945,0.0,780.0,GasA,Ex,Y,SBrkr,6.734591659972948,-1.3877787807814457e-17,1620.0,0.0,0.0,2.0,1.0,4.0,0.6931471805599453,TA,Min1,0.0,Gd,Attchd,Fin,2.0,TA,TA,Y,5.342334251964811,0.0,0.0,0.0,0.0,0.0,0.0,4.0,2007.0,WD,Normal,11.931642378754141
3.044522437723423,FV,85.0,9187.0,Reg,Lvl,Inside,Somerst,Norm,1Fam,1Story,9.0,5.0,2009.0,2009.0,Gable,CompShg,CemntBd,CmentBd,Stone,5.093750200806762,Ex,TA,PConc,Ex,TA,Mn,GLQ,1121.0,0.0,6.470799503782602,1766.0,GasA,Ex,Y,SBrkr,0.0,-1.3877787807814457e-17,1766.0,1.0,0.0,2.0,1.0,2.0,0.6931471805599453,Ex,Typ,1.0,Gd,Attchd,Fin,3.0,TA,TA,Y,5.278114659230518,4.875197323201151,0.0,0.0,0.0,0.0,0.0,10.0,2009.0,New,Partial,12.823631142839984
3.044522437723423,RL,69.8,10530.0,IR1,Lvl,Corner,NAmes,Norm,1Fam,1Story,6.0,5.0,1971.0,1971.0,Hip,CompShg,Plywood,Plywood,BrkFace,0.0,TA,TA,CBlock,TA,TA,No,ALQ,282.0,3.58351893845611,6.499787040655854,981.0,GasA,TA,Y,SBrkr,0.0,-1.3877787807814457e-17,981.0,1.0,0.0,1.0,1.0,3.0,0.6931471805599453,TA,Typ,0.0,Gd,Detchd,Unf,2.0,TA,TA,Y,0.0,5.14166355650266,3.713572066704308,0.0,0.0,0.0,0.0,2.9999999999999996,2007.0,WD,Normal,11.872353615355413
3.044522437723423,RL,60.0,7200.0,Reg,Lvl,Inside,NAmes,Norm,1Fam,1Story,5.0,5.0,1950.0,1950.0,Hip,CompShg,MetalSd,MetalSd,BrkFace,0.0,TA,TA,CBlock,TA,TA,No,Unf,0.0,0.0,0.0,42.0,GasA,Gd,Y,SBrkr,0.0,-1.3877787807814457e-17,1048.0,0.0,0.0,1.0,0.0,3.0,0.6931471805599453,TA,Min1,0.0,Gd,Detchd,Unf,2.0,TA,TA,Y,0.0,3.332204510175204,0.0,0.0,0.0,0.0,0.0,7.0,2008.0,WD,Normal,11.495789479023493
3.044522437723423,RL,85.0,10452.0,IR1,Lvl,Inside,Edwards,Norm,1Fam,1Story,6.0,5.0,1953.0,1953.0,Hip,CompShg,Wd Sdng,Wd Sdng,Stone,5.37989735354046,TA,TA,CBlock,TA,TA,Mn,Rec,500.0,0.0,6.38856140554563,1094.0,GasA,Ex,Y,SBrkr,0.0,-1.3877787807814457e-17,1094.0,0.0,0.0,1.0,0.0,3.0,0.6931471805599453,TA,Typ,2.0,Gd,Attchd,RFn,2.0,TA,TA,Y,0.0,0.0,0.0,0.0,5.662960480135946,0.0,0.0,6.0,2008.0,WD,Normal,11.951186847493476
4.110873864173311,RL,70.0,7700.0,Reg,Lvl,Inside,NAmes,PosN,1Fam,2Story,6.0,5.0,1966.0,1966.0,Gable,CompShg,MetalSd,MetalSd,BrkFace,5.863631175598097,TA,TA,CBlock,TA,TA,No,Unf,0.0,0.0,6.6293632534374485,756.0,GasA,TA,Y,SBrkr,6.670766320845874,-1.3877787807814457e-17,1839.0,0.0,0.0,1.0,1.0,4.0,0.6931471805599453,TA,Typ,1.0,TA,Attchd,Unf,2.0,TA,TA,Y,0.0,4.8283137373023015,5.37989735354046,0.0,0.0,0.0,0.0,6.0,2010.0,WD,Normal,11.951186847493476
4.983606621708336,RM,27.500000000000007,1936.0,Reg,Lvl,Inside,MeadowV,Norm,Twnhs,SFoyer,4.0,6.0,1970.0,1970.0,Gable,CompShg,CemntBd,CmentBd,BrkFace,0.0,TA,TA,CBlock,Gd,TA,Av,BLQ,131.0,6.214608098422191,0.0,630.0,GasA,Gd,Y,SBrkr,0.0,-1.3877787807814457e-17,630.0,1.0,0.0,1.0,0.0,1.0,0.6931471805599453,TA,Typ,0.0,Gd,Attchd,Unf,-2.220446049250313e-16,TA,TA,Y,0.0,0.0,0.0,0.0,0.0,0.0,0.0,12.0,2007.0,WD,Normal,11.344518647594766
4.110873864173311,FV,65.0,8125.0,Reg,Lvl,Inside,Somerst,Norm,1Fam,2Story,7.0,6.0,2007.0,2007.0,Gable,CompShg,CemntBd,CmentBd,BrkFace,0.0,Gd,TA,PConc,Gd,TA,No,Unf,0.0,0.0,6.70196036600254,813.0,GasA,Ex,Y,SBrkr,6.738152494595957,-1.3877787807814457e-17,1665.0,0.0,0.0,2.0,1.0,3.0,0.6931471805599453,Gd,Typ,0.0,Gd,Attchd,RFn,2.0,TA,TA,Y,0.0,0.0,0.0,0.0,0.0,0.0,0.0,5.0,2008.0,WD,Normal,12.235393555399902
4.2626798770413155,RL,60.0,9084.0,Reg,Lvl,Inside,Edwards,Artery,1Fam,2Story,4.0,5.0,1940.0,1950.0,Gable,CompShg,MetalSd,MetalSd,BrkFace,0.0,TA,TA,CBlock,TA,TA,Mn,Unf,0.0,0.0,6.628041376179533,755.0,GasA,TA,Y,SBrkr,6.628041376179533,-1.3877787807814457e-17,1510.0,1.0,0.0,1.0,0.0,4.0,0.6931471805599453,TA,Typ,1.0,Gd,Detchd,Unf,1.0,Fa,Po,P,4.795790545596741,0.0,0.0,0.0,0.0,0.0,0.0,10.0,2009.0,WD,Normal,11.58989576532275
4.110873864173311,RL,70.0,8750.0,Reg,Lvl,Inside,CollgCr,Norm,1Fam,2Story,7.0,5.0,1996.0,1996.0,Gable,CompShg,VinylSd,VinylSd,BrkFace,0.0,Gd,TA,PConc,Gd,TA,No,Unf,0.0,0.0,6.78105762593618,880.0,GasA,Ex,Y,SBrkr,6.694562058521095,-1.3877787807814457e-17,1716.0,0.0,0.0,2.0,1.0,2.0,0.6931471805599453,Gd,Typ,1.0,TA,Attchd,RFn,2.0,TA,TA,Y,0.0,4.795790545596741,0.0,0.0,0.0,0.0,0.0,7.0,2009.0,WD,Normal,12.160033942617156
3.9318256327243257,RM,60.0,10320.0,Reg,Lvl,Inside,IDOTRR,Norm,1Fam,1.5Fin,6.0,7.0,1906.0,1995.0,Gable,CompShg,MetalSd,MetalSd,BrkFace,0.0,TA,TA,CBlock,TA,TA,No,Unf,0.0,0.0,6.6293632534374485,756.0,GasA,Ex,Y,SBrkr,6.570882962339584,-1.3877787807814457e-17,1469.0,0.0,0.0,1.0,0.0,3.0,0.6931471805599453,TA,Typ,0.0,Gd,Detchd,Unf,1.0,TA,TA,Y,4.060443010546419,0.0,5.480638923341991,0.0,0.0,0.0,0.0,6.0,2008.0,WD,Normal,11.813037464800539
3.044522437723423,RL,91.0,10437.0,IR1,Lvl,Inside,NoRidge,Norm,1Fam,1Story,8.0,6.0,1995.0,1995.0,Hip,CompShg,MetalSd,MetalSd,BrkFace,6.030685260261263,Gd,Gd,PConc,Gd,TA,Gd,GLQ,1696.0,0.0,6.025865973825314,2052.0,GasA,Ex,Y,SBrkr,0.0,-1.3877787807814457e-17,2113.0,1.0,0.0,2.0,1.0,2.0,0.6931471805599453,Gd,Typ,1.0,TA,Attchd,Fin,3.0,TA,TA,Y,5.4680601411351315,3.8501476017100584,0.0,0.0,0.0,0.0,0.0,8.0,2008.0,WD,Normal,12.765691290604371
4.983606621708336,RM,27.500000000000007,1679.999999999999,Reg,Lvl,Inside,BrDale,Norm,Twnhs,2Story,6.0,5.0,1971.0,1971.0,Gable,CompShg,HdBoard,ImStucc,BrkFace,5.945420608606575,TA,TA,CBlock,TA,TA,No,Unf,0.0,0.0,6.26530121273771,525.0,GasA,TA,Y,SBrkr,6.342121418721152,-1.3877787807814457e-17,1092.0,0.0,0.0,1.0,1.0,3.0,0.6931471805599453,TA,Typ,0.0,Gd,Detchd,Unf,1.0,TA,TA,Y,0.0,0.0,0.0,0.0,0.0,0.0,0.0,2.9999999999999996,2010.0,WD,Family,11.385103457032141
3.044522437723423,RL,72.0,10007.0,IR1,Lvl,Inside,NAmes,Norm,1Fam,1Story,5.0,7.0,1959.0,2006.0,Gable,CompShg,HdBoard,HdBoard,BrkFace,4.007333185232471,Gd,TA,CBlock,TA,TA,No,ALQ,806.0,0.0,5.5134287461649825,1053.0,GasA,Ex,Y,SBrkr,0.0,-1.3877787807814457e-17,1053.0,1.0,0.0,1.0,1.0,3.0,0.6931471805599453,Gd,Typ,0.0,Gd,Attchd,RFn,1.0,TA,TA,Y,0.0,0.0,0.0,0.0,0.0,0.0,0.0,8.0,2008.0,WD,Normal,11.8879382384223
4.2626798770413155,RL,60.0,7200.0,Reg,HLS,Inside,Crawfor,Norm,1Fam,2Story,7.0,6.0,1931.0,2000.0,Gable,CompShg,Stucco,Wd Shng,BrkFace,0.0,TA,Fa,BrkTil,Gd,TA,No,Unf,0.0,0.0,6.655440350367647,776.0,GasA,TA,Y,SBrkr,6.480044561926653,-1.3877787807814457e-17,1502.0,0.0,0.0,1.0,1.0,3.0,0.6931471805599453,TA,Typ,1.0,Gd,Attchd,RFn,1.0,TA,TA,P,0.0,0.0,4.727387818712341,0.0,0.0,0.0,0.0,2.0,2008.0,WD,Normal,11.91170829631447
3.9318256327243257,RL,78.0,17503.0,Reg,Lvl,Inside,NAmes,Artery,1Fam,1.5Fin,6.0,5.0,1948.0,1950.0,Gable,CompShg,VinylSd,VinylSd,BrkFace,0.0,TA,TA,CBlock,TA,TA,No,Unf,0.0,0.0,6.816735880594968,912.0,GasA,TA,Y,SBrkr,6.304448802421982,-1.3877787807814457e-17,1458.0,0.0,0.6931471805599452,1.0,0.0,3.0,0.6931471805599453,TA,Typ,1.0,Gd,Attchd,Unf,1.0,TA,TA,Y,5.262690188904886,0.0,0.0,0.0,0.0,0.0,0.0,1.0,2010.0,WD,Abnorml,11.487617913343598
3.044522437723423,RL,75.0,9937.0,Reg,Lvl,Corner,Edwards,Norm,1Fam,1Story,5.0,7.0,1964.0,1999.0,Hip,CompShg,MetalSd,MetalSd,BrkFace,0.0,TA,Gd,PConc,TA,TA,No,BLQ,637.0,0.0,6.745236349484363,1486.0,GasA,Ex,Y,SBrkr,0.0,-1.3877787807814457e-17,1486.0,1.0,0.0,1.0,0.0,3.0,0.6931471805599453,TA,Typ,0.0,Gd,Detchd,Fin,2.0,TA,TA,Y,0.0,0.0,0.0,0.0,0.0,0.0,0.0,2.9999999999999996,2009.0,WD,Normal,12.025755079404917
4.110873864173311,RL,72.4,12384.0,Reg,Lvl,CulDSac,NWAmes,Norm,1Fam,2Story,7.0,7.0,1976.0,1976.0,Gable,CompShg,Plywood,Plywood,BrkFace,5.455321115357702,TA,TA,CBlock,Gd,TA,No,Unf,0.0,0.0,6.677083461247136,793.0,GasA,TA,Y,SBrkr,6.677083461247136,-1.3877787807814457e-17,1935.0,0.0,0.0,2.0,1.0,3.0,0.6931471805599453,TA,Typ,1.0,TA,Attchd,RFn,2.0,TA,TA,Y,0.0,4.736198448394496,5.53338948872752,0.0,0.0,0.0,0.0,11.0,2007.0,WD,Normal,12.19552218463499
4.110873864173311,RL,52.0,17673.5,IR2,Lvl,CulDSac,NoRidge,Norm,1Fam,2Story,8.0,7.0,1994.0,2005.0,Hip,CompShg,VinylSd,VinylSd,BrkFace,6.030685260261263,Gd,TA,PConc,Gd,Gd,No,GLQ,1360.9999999999998,5.198497031265825,4.48863636973214,1629.0,GasA,Ex,Y,SBrkr,6.637258031284457,-1.3877787807814457e-17,2448.0,1.0,0.0,2.0,1.0,4.0,0.6931471805599453,Gd,Typ,1.0,TA,Attchd,RFn,3.0,TA,TA,Y,6.042632833682381,4.343805421853684,0.0,0.0,0.0,0.0,0.0,7.0,2009.0,WD,Normal,12.904209855160254
3.044522437723423,RL,111.5,13560.0,Reg,Lvl,Corner,NAmes,Norm,1Fam,1Story,6.0,3.5,1968.0,1968.0,Hip,CompShg,Wd Sdng,Wd Sdng,BrkFace,5.37989735354046,TA,TA,CBlock,Fa,Fa,No,Unf,0.0,0.0,7.239214973779806,1392.0,GasA,Gd,Y,SBrkr,0.0,-1.3877787807814457e-17,1392.0,1.0,0.0,1.0,0.0,2.0,0.6931471805599453,TA,Maj2,2.0,TA,Attchd,RFn,2.0,TA,TA,Y,0.0,0.0,5.484796933490655,0.0,0.0,0.0,0.0,7.0,2009.0,WD,Normal,11.608244735642321
4.454347296253507,RL,90.0,10012.0,Reg,Lvl,Inside,Edwards,Norm,1Fam,SFoyer,4.0,5.0,1972.0,1972.0,Gable,CompShg,Plywood,Plywood,BrkFace,0.0,TA,TA,CBlock,Gd,TA,Av,BLQ,920.0,5.198497031265825,3.6635616461296463,1138.0,GasA,TA,Y,SBrkr,0.0,-1.3877787807814457e-17,1181.0,1.0,0.0,2.0,0.0,3.0,0.6931471805599453,TA,Typ,0.0,Gd,Detchd,RFn,2.0,TA,TA,Y,0.0,0.0,5.198497031265826,0.0,0.0,0.0,0.0,4.0,2008.0,WD,Normal,11.83138646878959
3.044522437723423,RL,49.0,17673.5,IR2,Lvl,CulDSac,Somerst,RRAn,1Fam,1Story,8.0,5.0,2005.0,2006.0,Gable,CompShg,VinylSd,VinylSd,BrkFace,0.0,Gd,TA,PConc,Ex,TA,Mn,GLQ,1721.0,0.0,5.877735781779639,2052.0,GasA,Ex,Y,SBrkr,0.0,-1.3877787807814457e-17,2097.0,1.0,0.0,1.0,1.0,1.0,0.6931471805599453,Ex,Typ,1.0,Ex,Attchd,Fin,3.0,TA,TA,Y,5.262690188904886,5.14166355650266,0.0,0.0,0.0,0.0,0.0,1.0,2006.0,New,Partial,12.955129822091815
4.110873864173311,RL,106.0,11194.0,IR1,Lvl,Corner,Gilbert,Norm,1Fam,2Story,8.0,5.0,2000.0,2000.0,Gable,CompShg,VinylSd,VinylSd,BrkFace,3.713572066704308,Gd,TA,PConc,Gd,TA,No,Unf,0.0,0.0,7.249215057114389,1406.0,GasA,Ex,Y,SBrkr,6.180016653652572,-1.3877787807814457e-17,1936.0,0.0,0.0,2.0,1.0,3.0,0.6931471805599453,Gd,Typ,1.0,TA,Attchd,RFn,2.0,TA,TA,Y,5.241747015059643,4.8283137373023015,0.0,0.0,0.0,0.0,0.0,11.0,2006.0,WD,Normal,12.348010479804223
4.110873864173311,RL,71.0,17673.5,IR1,Lvl,Inside,NAmes,Norm,1Fam,2Story,6.0,5.0,1965.0,1979.0,Flat,Tar&Grv,Plywood,Plywood,BrkCmn,4.736198448394495,TA,Gd,CBlock,Gd,TA,No,LwQ,186.99999999999997,6.584791392385716,4.718498871295094,1021.0,GasA,TA,Y,SBrkr,6.82001636467413,-1.3877787807814457e-17,2380.0,0.0,0.0,2.0,1.0,3.0,0.6931471805599453,TA,Sev,1.0,Po,CarPort,Unf,2.0,TA,TA,Y,0.0,5.14166355650266,0.0,0.0,0.0,0.0,0.0,8.0,2007.0,WD,Abnorml,11.767575435251748
3.044522437723423,RL,65.0,8125.0,Reg,Lvl,Inside,SawyerW,Norm,1Fam,1Story,6.0,5.0,1994.0,1998.0,Gable,CompShg,HdBoard,HdBoard,BrkFace,5.556828061699537,TA,TA,PConc,Gd,TA,No,GLQ,1138.0,0.0,5.602118820879701,1408.0,GasA,Ex,Y,SBrkr,0.0,-1.3877787807814457e-17,1679.0,1.0,0.0,2.0,0.0,3.0,0.6931471805599453,Gd,Typ,1.0,Fa,Attchd,RFn,2.0,TA,TA,Y,5.41610040220442,3.7612001156935624,0.0,0.0,0.0,0.0,0.0,10.0,2008.0,WD,Normal,12.173037959397275
3.044522437723423,RL,80.0,14175.0,Reg,Bnk,Corner,Sawyer,Norm,1Fam,1Story,5.0,6.0,1956.0,1987.0,Gable,CompShg,CemntBd,Wd Sdng,BrkFace,0.0,TA,TA,CBlock,TA,TA,No,Rec,988.0,0.0,5.303304908059076,1188.0,GasA,Gd,Y,SBrkr,0.0,-1.3877787807814457e-17,1437.0,1.0,0.0,1.0,1.0,3.0,0.6931471805599453,TA,Min2,1.0,TA,Detchd,Unf,2.0,TA,TA,Y,5.720311776607412,0.0,0.0,0.0,0.0,0.0,0.0,11.0,2006.0,WD,Normal,12.031725210748633
3.4339872044851463,RL,80.0,11600.0,Reg,Lvl,Inside,Crawfor,Norm,1Fam,1Story,4.0,5.0,1922.0,1950.0,Gable,CompShg,MetalSd,MetalSd,BrkFace,0.0,TA,TA,BrkTil,Fa,TA,No,Unf,0.0,0.0,6.55250788703459,700.0,GasA,Ex,Y,SBrkr,0.0,-1.3877787807814457e-17,1180.0,0.0,0.0,1.0,0.0,2.0,0.6931471805599453,Fa,Typ,1.0,Gd,Detchd,Unf,1.0,TA,Fa,Y,0.0,0.0,4.219507705176107,0.0,0.0,0.0,0.0,7.0,2006.0,WD,Normal,11.83138646878959
4.110873864173311,RL,64.0,8633.0,Reg,Lvl,FR2,CollgCr,Norm,1Fam,2Story,6.0,5.0,2005.0,2005.0,Gable,CompShg,VinylSd,VinylSd,BrkFace,0.0,Gd,TA,PConc,Gd,TA,No,GLQ,193.0,0.0,6.302618975744905,738.0,GasA,Ex,Y,SBrkr,6.6052979209482015,-1.3877787807814457e-17,1476.0,1.0,0.0,2.0,1.0,3.0,0.6931471805599453,Gd,Typ,0.0,Gd,Attchd,Fin,2.0,TA,TA,Y,4.61512051684126,3.58351893845611,0.0,0.0,0.0,0.0,0.0,2.0,2009.0,WD,Normal,12.063938642041201
4.2626798770413155,RH,54.0,6629.0,Reg,Lvl,Inside,Edwards,Artery,1Fam,2Story,6.0,6.0,1925.0,1950.0,Gambrel,CompShg,Wd Sdng,Wd Sdng,BrkFace,0.0,TA,Gd,BrkTil,TA,TA,No,BLQ,551.0,0.0,4.804021044733257,672.0,GasA,TA,N,SBrkr,6.511745329644728,-1.3877787807814457e-17,1369.0,1.0,0.0,2.0,0.0,3.0,0.6931471805599453,TA,Typ,0.0,Gd,Detchd,Unf,1.0,TA,TA,Y,4.997212273764115,0.0,0.0,0.0,0.0,0.0,0.0,7.0,2009.0,WD,Normal,11.548302261270587
3.044522437723423,RL,80.2,11250.0,IR1,Lvl,Inside,Veenker,Norm,1Fam,1Story,6.0,6.0,1977.0,1977.0,Gable,CompShg,Plywood,Plywood,BrkFace,0.0,Gd,TA,CBlock,Gd,TA,No,ALQ,767.0,0.0,6.091309882077698,1208.0,GasA,TA,Y,SBrkr,0.0,-1.3877787807814457e-17,1208.0,1.0,0.0,1.0,1.0,3.0,0.6931471805599453,TA,Typ,1.0,TA,Attchd,RFn,2.0,TA,TA,Y,5.293304824724492,3.7612001156935624,0.0,0.0,0.0,0.0,0.0,6.0,2006.0,WD,Normal,12.013706813470414
3.044522437723423,RL,110.0,14442.0,Reg,Lvl,Inside,Crawfor,Norm,1Fam,1Story,6.0,7.0,1957.0,2004.0,Hip,CompShg,CemntBd,CmentBd,BrkFace,4.672828834461906,TA,TA,PConc,TA,TA,No,GLQ,1186.0,0.0,5.676753802268282,1477.0,GasA,Ex,Y,SBrkr,0.0,-1.3877787807814457e-17,1839.0,1.0,0.0,2.0,0.0,3.0,0.6931471805599453,Gd,Typ,2.0,TA,Attchd,Fin,2.0,TA,TA,Y,0.0,4.477336814478207,0.0,0.0,5.303304908059076,0.0,0.0,6.0,2007.0,WD,Normal,12.458778882573533
3.044522437723423,RL,80.0,9200.0,Reg,Lvl,Inside,NAmes,Norm,1Fam,1Story,6.0,6.0,1965.0,1965.0,Gable,CompShg,HdBoard,HdBoard,BrkFace,0.0,TA,TA,CBlock,TA,TA,No,Rec,892.0,0.0,5.501258210544727,1136.0,GasA,TA,Y,SBrkr,0.0,-1.3877787807814457e-17,1136.0,1.0,0.0,1.0,0.0,3.0,0.6931471805599453,TA,Typ,1.0,Gd,Attchd,RFn,1.0,TA,TA,Y,6.042632833682381,0.0,0.0,0.0,0.0,0.0,0.0,7.0,2008.0,WD,Normal,11.849404844423074
4.983606621708336,RL,27.500000000000007,2289.0,Reg,Lvl,Inside,NPkVill,Norm,Twnhs,2Story,6.0,6.0,1978.0,1978.0,Gable,CompShg,Plywood,Brk Cmn,BrkFace,0.0,TA,TA,CBlock,TA,TA,No,ALQ,311.0,0.0,6.300785794663244,855.0,GasA,TA,Y,SBrkr,6.375024819828097,-1.3877787807814457e-17,1441.0,0.0,0.0,2.0,1.0,3.0,0.6931471805599453,TA,Typ,1.0,TA,Attchd,Unf,2.0,TA,TA,Y,3.367295829986474,0.0,0.0,0.0,0.0,0.0,0.0,4.0,2009.0,WD,Normal,11.908346971208951
4.2626798770413155,RM,60.0,9600.0,Reg,Lvl,Inside,OldTown,Norm,1Fam,2Story,4.0,3.5,1900.0,1950.0,Gable,CompShg,AsbShng,Stucco,BrkFace,0.0,TA,TA,BrkTil,TA,Fa,No,Unf,0.0,0.0,6.999422467507961,1095.0,GasW,Fa,N,SBrkr,6.522092798170152,-1.3877787807814457e-17,1774.0,1.0,0.0,2.0,0.0,4.0,1.0986122886681098,TA,Min2,0.0,Gd,2Types,Unf,3.0,Fa,Fa,N,0.0,0.0,4.510859506516849,0.0,0.0,0.0,0.0,5.0,2006.0,WD,Normal,11.373674891823535
3.4339872044851463,RL,52.0,9022.0,Reg,Lvl,Inside,OldTown,Norm,1Fam,1Story,5.0,7.5,1924.0,2006.0,Gable,CompShg,VinylSd,VinylSd,BrkFace,0.0,Gd,TA,BrkTil,TA,TA,No,Unf,0.0,0.0,6.645090969505644,768.0,GasA,Ex,Y,SBrkr,0.0,-1.3877787807814457e-17,792.0,0.0,0.0,1.0,0.0,2.0,0.6931471805599453,Gd,Typ,0.0,Gd,Detchd,Unf,1.0,Fa,Fa,N,5.75890177387728,0.0,4.795790545596741,0.0,0.0,0.0,0.0,5.0,2009.0,WD,Normal,11.603688960617083
3.044522437723423,RL,80.0,11844.0,IR1,Lvl,Inside,StoneBr,Norm,1Fam,1Story,8.0,5.0,2008.0,2008.0,Hip,CompShg,VinylSd,VinylSd,Stone,6.030685260261263,Gd,TA,PConc,Ex,TA,Mn,Unf,0.0,0.0,7.430410654501705,2046.0,GasA,Ex,Y,SBrkr,0.0,-1.3877787807814457e-17,2046.0,0.0,0.0,2.0,1.0,3.0,0.6931471805599453,Gd,Typ,1.0,Gd,Attchd,Fin,3.0,TA,TA,Y,5.777652323222657,4.418840607796598,0.0,0.0,0.0,0.0,0.0,7.0,2009.0,New,Partial,12.827995001361906
3.044522437723423,RL,74.4,9945.0,IR1,Lvl,Inside,Sawyer,Norm,1Fam,1Story,5.0,5.0,1961.0,1961.0,Hip,CompShg,Wd Sdng,Wd Sdng,BrkFace,4.060443010546419,TA,TA,CBlock,TA,TA,No,Rec,827.0,0.0,5.087596335232384,988.0,GasA,TA,Y,SBrkr,0.0,-1.3877787807814457e-17,988.0,1.0,0.0,1.0,0.0,3.0,0.6931471805599453,TA,Typ,0.0,Gd,Detchd,Unf,2.0,TA,TA,Y,0.0,0.0,0.0,0.0,0.0,0.0,0.0,10.0,2007.0,WD,Normal,11.763691965388299
4.795790545596741,RL,50.0,8012.0,Reg,Lvl,Inside,SawyerW,Norm,TwnhsE,1Story,6.0,5.0,1980.0,1980.0,Gable,CompShg,Plywood,Plywood,BrkFace,0.0,TA,TA,CBlock,Gd,TA,No,BLQ,543.0,4.787491742782045,5.568344503761097,923.0,GasA,TA,Y,SBrkr,0.0,-1.3877787807814457e-17,923.0,0.0,0.0,2.0,0.0,2.0,0.6931471805599453,TA,Typ,1.0,TA,Attchd,RFn,1.0,TA,TA,Y,4.394449154672439,0.0,0.0,0.0,0.0,0.0,0.0,5.0,2010.0,WD,Normal,11.870606902224587
3.9318256327243257,RH,55.0,4500.0,IR2,Bnk,Inside,SWISU,Norm,1Fam,1.5Fin,5.0,5.0,1932.0,2000.0,Gable,CompShg,VinylSd,Stucco,BrkFace,0.0,TA,TA,BrkTil,TA,TA,No,Rec,182.0,0.0,6.416732282512326,793.0,GasA,Ex,Y,SBrkr,6.511745329644728,-1.3877787807814457e-17,1520.0,0.0,0.0,1.0,0.0,3.0,0.6931471805599453,TA,Typ,0.0,Gd,Detchd,Unf,1.0,TA,TA,Y,0.0,0.0,4.04305126783455,0.0,0.0,0.0,0.0,7.0,2009.0,WD,Abnorml,11.979391594635791
4.795790545596741,RL,46.800000000000004,2887.0,Reg,HLS,Inside,ClearCr,Norm,1Fam,1Story,6.0,5.0,1996.0,1997.0,Gable,CompShg,Wd Sdng,Wd Sdng,BrkFace,0.0,TA,TA,PConc,Gd,TA,Mn,GLQ,1003.0,0.0,5.666426688112432,1291.0,GasA,Ex,Y,SBrkr,0.0,-1.3877787807814457e-17,1291.0,1.0,0.0,1.0,0.0,2.0,0.6931471805599453,Gd,Typ,1.0,Gd,Attchd,Unf,2.0,TA,TA,Y,5.730099782973574,0.0,0.0,0.0,0.0,0.0,0.0,11.0,2008.0,WD,Normal,12.06105265381003
3.044522437723423,RL,90.0,11248.0,IR1,Lvl,Corner,CollgCr,Norm,1Fam,1Story,9.0,5.0,2002.0,2002.0,Hip,CompShg,VinylSd,VinylSd,Stone,5.375278407684165,Gd,TA,PConc,Gd,TA,Av,GLQ,1059.0,0.0,6.342121418721152,1626.0,GasA,Ex,Y,SBrkr,0.0,-1.3877787807814457e-17,1668.0,1.0,0.0,2.0,0.0,3.0,0.6931471805599453,Gd,Typ,1.0,TA,Attchd,Fin,3.0,TA,TA,Y,5.552959584921617,3.828641396489095,0.0,0.0,0.0,0.0,0.0,7.0,2007.0,WD,Normal,12.560247968016562
4.110873864173311,RL,58.0,16770.0,IR2,Lvl,CulDSac,NoRidge,Norm,1Fam,2Story,7.0,5.0,1998.0,1998.0,Gable,CompShg,VinylSd,VinylSd,BrkFace,3.4339872044851463,Gd,TA,PConc,Gd,TA,No,Unf,0.0,0.0,7.086737934510577,1195.0,GasA,Gd,Y,SBrkr,6.4692503167957724,-1.3877787807814457e-17,1839.0,0.0,0.0,2.0,1.0,4.0,0.6931471805599453,TA,Typ,0.0,Gd,Attchd,Fin,2.0,TA,TA,Y,0.0,4.406719247264253,0.0,0.0,0.0,0.0,0.0,6.0,2010.0,WD,Normal,12.30592250537653
4.983606621708336,RL,36.6,5062.0,IR1,Lvl,CulDSac,StoneBr,Norm,TwnhsE,2Story,7.0,5.0,1984.0,1984.0,Gable,CompShg,HdBoard,HdBoard,BrkFace,0.0,Gd,TA,CBlock,Gd,TA,Mn,GLQ,828.0,5.209486152841421,5.198497031265826,1190.0,GasA,Gd,Y,SBrkr,6.803505257608338,-1.3877787807814457e-17,2090.0,1.0,0.0,2.0,0.0,3.0,0.6931471805599453,Gd,Min1,1.0,TA,Attchd,Fin,2.0,TA,TA,Y,5.393627546352362,0.0,0.0,0.0,0.0,0.0,0.0,9.0,2007.0,WD,Normal,12.242891437918386
4.110873864173311,FV,84.0,10207.0,Reg,Lvl,Inside,Somerst,Norm,1Fam,2Story,7.0,6.0,2007.0,2007.0,Gable,CompShg,VinylSd,VinylSd,BrkFace,0.0,Gd,TA,PConc,Gd,TA,No,Unf,0.0,0.0,6.774223886357614,874.0,GasA,Ex,Y,SBrkr,6.788971742992169,-1.3877787807814457e-17,1761.0,0.0,0.0,3.0,0.0,3.0,0.6931471805599453,Gd,Typ,0.0,Gd,Attchd,Fin,2.0,TA,TA,Y,4.976733742420574,4.663439094112067,0.0,0.0,0.0,0.0,0.0,8.0,2007.0,New,Partial,12.336556900342153
4.983606621708336,FV,32.8,5105.0,IR2,Lvl,FR2,Somerst,Norm,TwnhsE,2Story,7.0,5.0,2004.0,2004.0,Gable,CompShg,MetalSd,MetalSd,BrkFace,0.0,Gd,TA,PConc,Gd,TA,No,GLQ,239.0,0.0,5.746203190540153,551.0,GasA,Ex,Y,SBrkr,6.313548046277095,-1.3877787807814457e-17,1102.0,0.0,0.0,2.0,1.0,2.0,0.6931471805599453,Gd,Typ,0.0,Gd,Detchd,Unf,2.0,TA,TA,Y,0.0,4.110873864173311,0.0,0.0,0.0,0.0,0.0,2.9999999999999996,2007.0,WD,Normal,11.910365121788654
3.044522437723423,RL,60.0,8089.0,Reg,HLS,Inside,StoneBr,Norm,1Fam,1Story,8.0,6.0,2007.0,2007.0,Gable,CompShg,MetalSd,MetalSd,BrkFace,0.0,Gd,TA,PConc,Gd,TA,Av,GLQ,945.0,0.0,6.163314804034641,1419.0,GasA,Ex,Y,SBrkr,0.0,-1.3877787807814457e-17,1419.0,1.0,0.0,2.0,0.0,2.0,0.6931471805599453,Gd,Typ,1.0,Gd,Attchd,RFn,2.0,TA,TA,Y,4.948759890378168,0.0,0.0,0.0,0.0,0.0,0.0,10.0,2007.0,New,Partial,12.879019669789754
4.795790545596741,RL,61.0,7577.0,IR1,Lvl,Corner,NridgHt,Norm,TwnhsE,1Story,6.0,5.0,2005.0,2006.0,Gable,CompShg,VinylSd,VinylSd,Stone,5.54907608489522,Gd,TA,PConc,Gd,TA,Av,ALQ,20.0,0.0,7.202661196523238,1362.0,GasA,Ex,Y,SBrkr,0.0,-1.3877787807814457e-17,1362.0,0.0,0.0,2.0,0.0,2.0,0.6931471805599453,Gd,Typ,1.0,Gd,Attchd,RFn,2.0,TA,TA,Y,5.262690188904886,3.367295829986474,0.0,0.0,0.0,0.0,0.0,6.0,2007.0,WD,Normal,12.179220327453931
4.795790545596741,RM,40.8,4426.0,Reg,Lvl,Inside,CollgCr,Norm,TwnhsE,1Story,6.0,5.0,2004.0,2004.0,Gable,CompShg,VinylSd,VinylSd,BrkFace,4.997212273764115,Gd,TA,PConc,Gd,TA,Gd,GLQ,697.0,0.0,5.0238805208462765,848.0,GasA,Ex,Y,SBrkr,0.0,-1.3877787807814457e-17,848.0,1.0,0.0,1.0,0.0,1.0,0.6931471805599453,Gd,Typ,1.0,TA,Attchd,RFn,2.0,TA,TA,Y,5.0106352940962555,0.0,0.0,0.0,0.0,0.0,0.0,5.0,2008.0,WD,Normal,11.856522261533737
4.110873864173311,RL,104.0,17673.5,IR1,Lvl,Corner,NoRidge,Norm,1Fam,2Story,10.0,6.0,1994.0,1995.0,Gable,WdShngl,HdBoard,HdBoard,BrkFace,6.030685260261263,Ex,TA,PConc,Ex,TA,Gd,GLQ,1455.0,0.0,6.897704943128636,2052.0,GasA,Ex,Y,SBrkr,7.507141079727608,-1.3877787807814457e-17,2747.625,0.0,0.6931471805599452,3.0,1.0,4.0,0.6931471805599453,Ex,Typ,2.0,Ex,Attchd,Fin,3.0,TA,TA,Y,5.948034989180646,3.9318256327243257,0.0,0.0,0.0,0.0,0.0,1.0,2007.0,WD,Normal,13.534474352733596
4.110873864173311,RL,42.0,17673.5,IR1,Lvl,Inside,Timber,Norm,1Fam,2Story,7.0,5.0,1989.0,1990.0,Hip,CompShg,MetalSd,MetalSd,BrkFace,5.683579767338681,Gd,TA,PConc,Gd,TA,Gd,GLQ,965.0,0.0,5.5053315359323625,1210.0,GasA,Ex,Y,SBrkr,7.156176637480614,-1.3877787807814457e-17,2519.0,1.0,0.0,2.0,1.0,4.0,0.6931471805599453,Gd,Typ,2.0,Gd,Attchd,RFn,2.0,TA,TA,Y,5.771441123130016,3.332204510175204,0.0,0.0,0.0,0.0,0.0,4.0,2006.0,WD,Normal,12.721888795877375
3.4339872044851463,RL,60.0,5400.0,Reg,Lvl,Corner,OldTown,Norm,1Fam,1Story,5.0,6.0,1921.0,1968.0,Gable,CompShg,MetalSd,MetalSd,BrkFace,0.0,TA,TA,BrkTil,TA,TA,No,Unf,0.0,0.0,6.97914527506881,1073.0,GasA,Ex,Y,SBrkr,0.0,-1.3877787807814457e-17,1073.0,0.0,0.0,1.0,0.0,2.0,0.6931471805599453,TA,Typ,0.0,Gd,Detchd,Unf,1.0,TA,TA,Y,0.0,0.0,4.727387818712341,0.0,0.0,0.0,0.0,12.0,2006.0,WD,Abnorml,11.59433032142082
3.9318256327243257,RM,51.0,6120.0,Reg,Lvl,Corner,BrkSide,Norm,1Fam,1.5Fin,5.0,6.0,1936.0,1950.0,Gable,CompShg,Wd Sdng,Wd Sdng,BrkFace,0.0,TA,Fa,BrkTil,TA,TA,No,Unf,0.0,0.0,6.833031732786201,927.0,GasA,TA,Y,SBrkr,6.159095388491933,-1.3877787807814457e-17,1539.0,0.0,0.0,1.0,1.0,3.0,0.6931471805599453,TA,Typ,0.0,Gd,Detchd,Unf,2.0,TA,TA,Y,4.727387818712341,0.0,0.0,0.0,0.0,0.0,0.0,4.0,2009.0,WD,Normal,11.860062063178267
3.044522437723423,RL,54.0,13811.0,IR1,Lvl,Inside,Timber,Norm,1Fam,1Story,6.0,6.0,1987.0,1987.0,Gable,CompShg,HdBoard,HdBoard,BrkFace,4.290459441148391,TA,TA,CBlock,Gd,Gd,No,GLQ,980.0,3.713572066704308,4.532599493153256,1112.0,GasA,Gd,Y,SBrkr,0.0,-1.3877787807814457e-17,1137.0,1.0,0.0,2.0,0.0,2.0,0.6931471805599453,Gd,Typ,1.0,TA,Attchd,Unf,2.0,TA,TA,Y,4.836281906951478,0.0,0.0,0.0,0.0,0.0,0.0,7.0,2006.0,WD,Normal,12.07824495582233
3.4339872044851463,RM,50.0,6000.0,Reg,Lvl,Inside,BrkSide,Norm,1Fam,1Story,5.0,7.0,1921.0,1950.0,Gable,CompShg,Wd Sdng,Wd Shng,BrkFace,0.0,TA,TA,CBlock,TA,TA,No,LwQ,616.0,0.0,0.0,616.0,GasA,Gd,Y,SBrkr,0.0,-1.3877787807814457e-17,616.0,0.0,0.0,1.0,0.0,2.0,0.6931471805599453,TA,Typ,0.0,Gd,Detchd,Unf,1.0,TA,TA,Y,0.0,0.0,4.867534450455582,0.0,0.0,0.0,0.0,6.0,2006.0,WD,Normal,11.39640288460621
3.044522437723423,RL,57.0,6420.0,IR1,Lvl,Inside,Edwards,Norm,1Fam,1Story,5.0,7.0,1952.0,1952.0,Gable,CompShg,Wd Sdng,Wd Sdng,BrkFace,0.0,TA,TA,PConc,Ex,Gd,Mn,LwQ,209.99999999999997,6.313548046277095,5.393627546352362,980.0,GasA,Fa,Y,FuseA,0.0,-1.3877787807814457e-17,1148.0,0.0,0.6931471805599452,1.0,0.0,2.0,0.6931471805599453,TA,Typ,0.0,Gd,Detchd,Unf,1.0,TA,TA,Y,0.0,0.0,0.0,0.0,0.0,0.0,0.0,9.0,2006.0,WD,Normal,11.724004532183379
3.044522437723423,RL,65.0,8450.0,Reg,Lvl,Inside,Sawyer,RRAe,1Fam,1Story,5.0,7.5,1965.0,2009.0,Gable,CompShg,MetalSd,MetalSd,BrkFace,0.0,TA,Gd,CBlock,TA,TA,No,GLQ,553.0,4.770684624465664,5.41610040220442,894.0,GasA,Ex,Y,SBrkr,0.0,-1.3877787807814457e-17,894.0,1.0,0.0,1.0,0.0,3.0,0.6931471805599453,TA,Typ,1.0,Gd,Detchd,Unf,1.0,TA,TA,Y,6.0330862217988015,4.976733742420574,0.0,0.0,0.0,0.0,0.0,4.0,2010.0,WD,Normal,11.83863282480007
4.795790545596741,FV,59.0,4282.0,IR2,Lvl,Inside,Somerst,Norm,TwnhsE,1Story,7.0,5.0,2004.0,2004.0,Gable,CompShg,MetalSd,MetalSd,BrkFace,0.0,Gd,TA,PConc,Gd,TA,Mn,GLQ,16.0,0.0,7.226936018493289,1391.0,GasA,Ex,Y,SBrkr,0.0,-1.3877787807814457e-17,1391.0,0.0,0.0,2.0,0.0,2.0,0.6931471805599453,Gd,Typ,0.0,Gd,Attchd,RFn,2.0,TA,TA,Y,5.056245805348308,5.0689042022202315,0.0,0.0,0.0,0.0,0.0,7.0,2008.0,WD,Normal,12.185875040240456
3.044522437723423,RL,85.0,14331.0,Reg,Lvl,Inside,Timber,Norm,1Fam,1Story,8.0,5.0,2002.0,2002.0,Hip,CompShg,VinylSd,VinylSd,BrkFace,6.030685260261263,Gd,TA,PConc,Ex,TA,Gd,GLQ,1274.0,0.0,6.267200548541362,1800.0,GasA,Ex,Y,SBrkr,0.0,-1.3877787807814457e-17,1800.0,1.0,0.0,2.0,0.0,3.0,0.6931471805599453,Gd,Typ,1.0,Gd,Attchd,Fin,3.0,TA,TA,Y,5.602118820879701,4.3694478524670215,0.0,0.0,0.0,0.0,0.0,5.0,2006.0,WD,Normal,12.652362948153474
3.044522437723423,RL,80.0,9600.0,Reg,Lvl,Inside,NWAmes,Norm,1Fam,1Story,7.0,5.0,1969.0,1969.0,Hip,CompShg,HdBoard,HdBoard,BrkFace,5.1298987149230735,TA,TA,CBlock,TA,TA,No,Unf,0.0,0.0,7.060476365999801,1164.0,GasA,TA,Y,SBrkr,0.0,-1.3877787807814457e-17,1164.0,0.0,0.0,1.0,1.0,3.0,0.6931471805599453,TA,Typ,0.0,Gd,Attchd,Unf,2.0,TA,TA,Y,0.0,0.0,0.0,0.0,0.0,0.0,0.0,7.0,2006.0,COD,Normal,11.849404844423074
4.110873864173311,RL,82.0,12438.0,IR1,Lvl,Inside,StoneBr,Norm,1Fam,2Story,8.0,5.0,2006.0,2006.0,Hip,CompShg,VinylSd,VinylSd,BrkFace,6.030685260261263,Ex,TA,PConc,Ex,Gd,No,Unf,0.0,0.0,7.118826249062078,1234.0,GasA,Ex,Y,SBrkr,7.180069874302795,-1.3877787807814457e-17,2576.0,0.0,0.0,2.0,1.0,4.0,0.6931471805599453,Ex,Typ,1.0,Gd,BuiltIn,Fin,3.0,TA,TA,Y,5.783825182329737,4.61512051684126,0.0,0.0,0.0,0.0,0.0,7.0,2006.0,New,Partial,12.799178471909892
4.983606621708336,RM,76.0,7630.0,Reg,Lvl,Inside,OldTown,Feedr,2fmCon,2Story,5.0,7.5,1900.0,1996.0,Gable,CompShg,Wd Sdng,Wd Sdng,BrkFace,0.0,TA,Gd,BrkTil,Gd,TA,No,Unf,0.0,0.0,5.8888779583328805,360.0,GasA,Gd,Y,SBrkr,6.660575149839686,-1.3877787807814457e-17,1812.0,0.0,0.0,2.0,0.0,4.0,1.0986122886681098,Gd,Typ,1.0,Po,Detchd,Unf,2.0,TA,TA,N,5.84354441703136,0.0,3.713572066704308,0.0,0.0,0.0,0.0,5.0,2010.0,WD,Normal,11.849404844423074
3.044522437723423,RL,70.0,8400.0,Reg,Lvl,Inside,CollgCr,Norm,1Fam,1Story,7.0,5.0,2004.0,2005.0,Gable,CompShg,VinylSd,VinylSd,BrkFace,4.700480365792417,Gd,TA,PConc,Gd,TA,Av,GLQ,712.0,0.0,6.635946555686647,1473.0,GasA,Ex,Y,SBrkr,0.0,-1.3877787807814457e-17,1484.0,1.0,0.0,2.0,0.0,3.0,0.6931471805599453,Gd,Typ,0.0,Gd,Attchd,RFn,2.0,TA,TA,Y,0.0,3.58351893845611,0.0,4.976733742420574,0.0,0.0,0.0,5.0,2010.0,WD,Normal,12.269052139516223
4.983606621708336,RM,70.0,5600.0,Reg,Lvl,Inside,IDOTRR,Norm,2fmCon,2Story,4.0,5.0,1930.0,1950.0,Hip,CompShg,VinylSd,Wd Shng,BrkFace,0.0,Fa,Fa,Slab,TA,TA,No,Unf,0.0,0.0,0.0,42.0,GasA,Fa,N,SBrkr,6.580639137284949,-1.3877787807814457e-17,1092.0,0.0,0.0,2.0,0.0,3.0,1.0986122886681098,Fa,Mod,0.0,Gd,Attchd,Unf,-2.220446049250313e-16,TA,TA,N,0.0,0.0,0.0,0.0,0.0,0.0,8.160803920954665,7.0,2010.0,WD,Normal,10.915106645867503
3.044522437723423,RL,92.4,17673.5,IR2,Low,CulDSac,ClearCr,Norm,1Fam,1Story,7.0,5.0,1971.0,2002.0,Gable,CompShg,Plywood,Plywood,Stone,5.863631175598097,TA,TA,CBlock,Gd,TA,Gd,GLQ,1219.0,0.0,6.052089168924417,1643.0,GasA,TA,Y,SBrkr,0.0,-1.3877787807814457e-17,1824.0,1.0,0.0,2.0,0.0,2.0,0.6931471805599453,Gd,Typ,2.0,TA,Attchd,Unf,2.0,TA,TA,Y,5.942799375126701,3.8918202981106265,0.0,0.0,0.0,0.0,0.0,6.0,2007.0,WD,Normal,12.618185607609803
4.795790545596741,RL,48.0,6240.0,Reg,Lvl,Inside,NridgHt,Norm,TwnhsE,1Story,8.0,5.0,2006.0,2006.0,Hip,CompShg,MetalSd,MetalSd,BrkFace,5.176149732573829,Gd,TA,PConc,Gd,TA,No,GLQ,863.0,0.0,6.135564891081739,1324.0,GasA,Ex,Y,SBrkr,0.0,-1.3877787807814457e-17,1324.0,1.0,0.0,2.0,0.0,2.0,0.6931471805599453,Gd,Typ,1.0,Gd,Attchd,Fin,2.0,TA,TA,Y,5.262690188904886,3.6635616461296463,0.0,0.0,0.0,0.0,0.0,12.0,2009.0,WD,Normal,12.445093483000798
4.110873864173311,RL,65.0,9018.0,IR1,Lvl,Inside,Gilbert,Norm,1Fam,2Story,7.0,5.0,2007.0,2007.0,Hip,CompShg,VinylSd,VinylSd,BrkFace,0.0,Gd,TA,PConc,Gd,TA,Av,Unf,0.0,0.0,6.591673732008658,728.0,GasA,Ex,Y,SBrkr,6.591673732008658,-1.3877787807814457e-17,1456.0,0.0,0.0,2.0,1.0,3.0,0.6931471805599453,Gd,Typ,1.0,Gd,Attchd,Fin,2.0,TA,TA,Y,4.61512051684126,3.2188758248682006,0.0,0.0,0.0,0.0,0.0,7.0,2007.0,New,Partial,12.09815887308463
3.044522437723423,RL,64.4,7162.0,IR1,Lvl,Inside,Sawyer,Norm,1Fam,1Story,5.0,7.0,1966.0,1966.0,Gable,CompShg,HdBoard,HdBoard,BrkCmn,3.7376696182833684,TA,TA,PConc,TA,TA,No,Unf,0.0,0.0,6.776506992372183,876.0,GasA,TA,Y,SBrkr,0.0,-1.3877787807814457e-17,904.0,0.0,0.0,1.0,0.0,3.0,0.6931471805599453,TA,Typ,0.0,Gd,Attchd,Unf,1.0,TA,TA,Y,0.0,0.0,0.0,0.0,0.0,0.0,0.0,12.0,2008.0,WD,Abnorml,11.60733523953139
3.4339872044851463,RL,56.0,4130.0,IR1,Lvl,Inside,BrkSide,Norm,1Fam,1Story,3.0,6.0,1935.0,2003.0,Gable,CompShg,VinylSd,VinylSd,BrkFace,0.0,Gd,TA,CBlock,TA,TA,No,Unf,0.0,0.0,5.602118820879701,270.0,GasA,Gd,Y,SBrkr,0.0,-1.3877787807814457e-17,729.0,0.0,0.0,1.0,0.0,2.0,0.6931471805599453,TA,Maj2,0.0,Gd,Attchd,Unf,-2.220446049250313e-16,TA,TA,N,0.0,0.0,0.0,0.0,0.0,0.0,0.0,7.0,2008.0,WD,Normal,10.859018228147887
3.9318256327243257,C (all),66.0,8712.0,Reg,HLS,Inside,IDOTRR,Norm,1Fam,1.5Fin,4.0,7.0,1900.0,1950.0,Gable,CompShg,MetalSd,MetalSd,BrkFace,0.0,TA,TA,Stone,TA,TA,Mn,Unf,0.0,0.0,6.756932389247553,859.0,GasA,Gd,Y,SBrkr,5.768320995793772,-1.3877787807814457e-17,1178.0,0.0,0.0,1.0,0.0,2.0,0.6931471805599453,TA,Typ,0.0,Gd,Detchd,RFn,1.0,TA,TA,N,4.23410650459726,0.0,4.59511985013459,0.0,0.0,0.0,0.0,1.0,2010.0,WD,Abnorml,11.54031687156214
4.795790545596741,RL,40.0,4671.0,IR1,HLS,Inside,StoneBr,Norm,TwnhsE,1Story,8.0,5.0,1988.0,1989.0,Gable,CompShg,HdBoard,HdBoard,BrkFace,0.0,Gd,TA,PConc,Gd,TA,Mn,GLQ,767.0,0.0,6.135564891081739,1228.0,GasA,Gd,Y,SBrkr,0.0,-1.3877787807814457e-17,1228.0,1.0,0.0,2.0,0.0,2.0,0.6931471805599453,Gd,Typ,1.0,Gd,Attchd,Fin,2.0,TA,TA,Y,5.1298987149230735,4.795790545596741,0.0,0.0,0.0,0.0,0.0,10.0,2008.0,WD,Normal,12.149507585033072
4.983606621708336,RL,60.0,9873.0,Reg,Lvl,Inside,BrkSide,RRAn,2fmCon,1Story,4.0,5.0,1970.0,1970.0,Gable,CompShg,HdBoard,HdBoard,BrkFace,5.081404364984463,TA,TA,CBlock,TA,TA,Av,ALQ,789.0,0.0,5.147494476813453,960.0,GasW,TA,N,SBrkr,0.0,-1.3877787807814457e-17,960.0,1.0,0.0,1.0,0.0,3.0,0.6931471805599453,TA,Typ,0.0,Gd,Detchd,Unf,2.0,TA,TA,Y,0.0,5.14166355650266,0.0,0.0,0.0,0.0,0.0,5.0,2006.0,WD,Normal,11.767575435251748
4.110873864173311,RL,69.2,13517.0,IR1,Lvl,CulDSac,Sawyer,RRAe,1Fam,2Story,6.0,7.5,1976.0,2005.0,Gable,CompShg,HdBoard,Plywood,BrkFace,5.66988092298052,Gd,TA,CBlock,TA,TA,No,GLQ,533.0,0.0,5.262690188904886,725.0,GasA,Ex,Y,SBrkr,6.626717749249025,-1.3877787807814457e-17,1479.0,0.0,0.0,2.0,1.0,3.0,0.6931471805599453,Gd,Typ,0.0,Gd,Attchd,RFn,2.0,TA,TA,Y,0.0,3.8066624897703196,0.0,0.0,0.0,0.0,0.0,2.9999999999999996,2010.0,WD,Normal,11.779136168550774
3.044522437723423,RL,78.0,10140.0,Reg,Lvl,Inside,NWAmes,Norm,1Fam,1Story,6.0,5.0,1974.0,1974.0,Hip,CompShg,HdBoard,HdBoard,BrkFace,5.1647859739235145,TA,TA,CBlock,Gd,TA,No,Unf,0.0,0.0,6.970730078143525,1064.0,GasA,TA,Y,SBrkr,0.0,-1.3877787807814457e-17,1350.0,0.0,0.0,2.0,0.0,3.0,0.6931471805599453,TA,Typ,1.0,TA,Attchd,RFn,2.0,TA,TA,Y,0.0,0.0,0.0,0.0,0.0,0.0,0.0,8.0,2009.0,WD,Normal,12.013706813470414
4.2626798770413155,RM,60.0,10800.0,Reg,Bnk,Inside,OldTown,Norm,1Fam,2Story,7.0,7.5,1890.0,1998.0,Gable,CompShg,Wd Sdng,VinylSd,BrkFace,0.0,TA,Gd,BrkTil,TA,TA,No,Unf,0.0,0.0,6.577861357721047,718.0,GasA,Ex,Y,SBrkr,6.88653164253051,-1.3877787807814457e-17,2554.0,0.0,0.0,1.0,1.0,3.0,0.6931471805599453,TA,Typ,0.0,Gd,Detchd,Unf,2.0,TA,TA,P,0.0,3.8918202981106265,4.969813299576001,0.0,0.0,0.0,0.0,7.0,2007.0,WD,Normal,11.979805470779858
3.044522437723423,RL,80.0,10000.0,Reg,Lvl,Inside,NWAmes,Norm,1Fam,1Story,5.0,6.0,1973.0,2000.0,Gable,CompShg,HdBoard,HdBoard,BrkFace,0.0,TA,TA,CBlock,Gd,TA,No,BLQ,1084.0,0.0,4.532599493153256,1176.0,GasA,Gd,Y,SBrkr,0.0,-1.3877787807814457e-17,1178.0,0.0,0.6931471805599452,1.0,1.0,3.0,0.6931471805599453,Gd,Typ,1.0,Fa,Attchd,Unf,2.0,TA,TA,Y,5.41610040220442,0.0,0.0,0.0,0.0,0.0,0.0,11.0,2008.0,WD,Normal,11.964007453736912
4.110873864173311,RL,96.0,10542.0,Reg,Lvl,Inside,NoRidge,Norm,1Fam,2Story,7.0,5.0,1993.0,1994.0,Hip,CompShg,Wd Sdng,ImStucc,BrkFace,6.030685260261263,Gd,TA,PConc,Gd,TA,Gd,GLQ,1173.0,0.0,4.9344739331306915,1311.0,GasA,Ex,Y,SBrkr,6.997595982981926,-1.3877787807814457e-17,2418.0,1.0,0.0,2.0,1.0,3.0,0.6931471805599453,Gd,Typ,1.0,TA,Attchd,RFn,3.0,TA,TA,Y,5.5254529391317835,5.043425116919247,5.37989735354046,0.0,0.0,0.0,0.0,8.0,2008.0,WD,Normal,12.739640688812674
3.044522437723423,RL,69.0,9920.0,IR1,Lvl,Inside,CollgCr,Norm,1Fam,1Story,5.0,6.0,1969.0,1969.0,Gable,CompShg,HdBoard,Plywood,BrkFace,0.0,TA,TA,CBlock,Gd,TA,Gd,ALQ,523.0,0.0,6.1070228877422545,971.0,GasA,TA,Y,SBrkr,0.0,-1.3877787807814457e-17,971.0,0.0,0.0,1.0,1.0,3.0,0.6931471805599453,TA,Typ,1.0,Po,Attchd,Unf,1.0,TA,TA,Y,0.0,0.0,0.0,0.0,0.0,0.0,0.0,5.0,2006.0,WD,Normal,11.763691965388299
4.795790545596741,RL,44.8,6563.0,IR1,Low,CulDSac,StoneBr,Norm,1Fam,1Story,8.0,5.0,1985.0,1985.0,Gable,CompShg,HdBoard,HdBoard,BrkFace,0.0,Gd,TA,PConc,Gd,TA,Gd,GLQ,1148.0,0.0,6.38856140554563,1742.0,GasA,TA,Y,SBrkr,0.0,-1.3877787807814457e-17,1742.0,1.0,0.0,2.0,0.0,2.0,0.6931471805599453,Gd,Typ,1.0,TA,Attchd,RFn,2.0,TA,TA,Y,4.74493212836325,3.367295829986474,5.459585514144159,0.0,0.0,0.0,0.0,12.0,2006.0,WD,Normal,12.524530013005734
4.795790545596741,RM,48.400000000000006,4426.0,Reg,Lvl,Inside,CollgCr,Norm,TwnhsE,1Story,6.0,5.0,2004.0,2004.0,Gable,CompShg,VinylSd,VinylSd,BrkFace,5.135798437050262,Gd,TA,PConc,Gd,TA,Av,GLQ,662.0,0.0,5.231108616854587,848.0,GasA,Ex,Y,SBrkr,0.0,-1.3877787807814457e-17,848.0,1.0,0.0,1.0,0.0,1.0,0.6931471805599453,Gd,Typ,0.0,Gd,Attchd,RFn,2.0,TA,TA,Y,5.081404364984463,0.0,0.0,0.0,0.0,0.0,0.0,5.0,2010.0,WD,Normal,11.870606902224587
3.044522437723423,RL,70.0,8120.0,Reg,Lvl,Inside,NAmes,Norm,1Fam,1Story,4.0,7.0,1970.0,1970.0,Gable,CompShg,MetalSd,MetalSd,BrkFace,0.0,TA,Gd,CBlock,TA,TA,No,ALQ,190.99999999999997,0.0,6.513230110912307,864.0,GasA,Ex,Y,SBrkr,0.0,-1.3877787807814457e-17,864.0,0.0,0.0,1.0,0.0,3.0,0.6931471805599453,TA,Typ,0.0,Gd,Detchd,Unf,2.0,TA,TA,Y,0.0,0.0,0.0,0.0,0.0,0.0,0.0,7.0,2009.0,WD,Normal,11.732069026983156
3.9318256327243257,RL,60.0,8172.0,Reg,Lvl,Inside,Edwards,Norm,1Fam,1.5Fin,4.0,6.0,1954.0,1972.0,Gable,CompShg,MetalSd,MetalSd,BrkFace,0.0,TA,TA,PConc,TA,TA,No,Unf,0.0,0.0,6.848005274576363,941.0,GasA,Ex,Y,SBrkr,6.161207321695077,-1.3877787807814457e-17,1470.0,0.0,0.0,2.0,0.0,4.0,0.6931471805599453,TA,Typ,0.0,Gd,Detchd,Unf,1.0,TA,TA,Y,0.0,0.0,0.0,0.0,5.056245805348308,0.0,0.0,5.0,2008.0,WD,Normal,11.813037464800539
3.044522437723423,RL,86.0,13286.0,IR1,Lvl,Inside,Edwards,Norm,1Fam,1Story,9.0,5.0,2007.0,2008.0,Hip,CompShg,CemntBd,CmentBd,Stone,5.831882477283517,Ex,TA,PConc,Ex,TA,No,GLQ,1234.0,0.0,6.142037405587356,1698.0,GasA,Ex,Y,SBrkr,0.0,-1.3877787807814457e-17,1698.0,1.0,0.0,2.0,0.0,3.0,0.6931471805599453,Ex,Typ,1.0,Gd,Attchd,Fin,3.0,TA,TA,Y,5.793013608384144,4.174387269895637,0.0,0.0,0.0,0.0,0.0,2.0,2009.0,WD,Normal,12.676079399771027
3.044522437723423,RL,60.0,6960.0,Reg,Lvl,Inside,NAmes,Norm,1Fam,1Story,4.0,6.0,1970.0,1970.0,Gable,CompShg,HdBoard,Plywood,BrkFace,0.0,TA,TA,CBlock,TA,TA,No,ALQ,375.0,5.48063892334199,5.5254529391317835,864.0,GasA,TA,Y,SBrkr,0.0,-1.3877787807814457e-17,864.0,0.0,0.0,1.0,0.0,3.0,0.6931471805599453,Gd,Typ,0.0,Gd,Detchd,Unf,2.0,TA,TA,Y,4.574710978503383,0.0,0.0,0.0,0.0,0.0,6.2166061010848646,11.0,2009.0,WD,Normal,11.699413330633599
3.044522437723423,RL,89.0,17673.5,IR1,Lvl,Corner,Crawfor,Norm,1Fam,1Story,6.0,7.5,1988.0,2007.0,Hip,CompShg,Wd Sdng,Plywood,BrkFace,5.564520407322694,Gd,Gd,CBlock,Gd,TA,No,GLQ,808.0,0.0,4.290459441148391,880.0,GasA,Ex,Y,SBrkr,0.0,-1.3877787807814457e-17,1680.0,1.0,0.0,2.0,0.0,3.0,0.6931471805599453,Gd,Typ,1.0,Gd,Attchd,Fin,2.0,TA,TA,Y,5.680172609017068,3.8066624897703196,0.0,5.209486152841421,0.0,0.0,0.0,12.0,2009.0,WD,Normal,12.310437165348775
3.044522437723423,RL,64.0,7314.0,Reg,Lvl,Inside,CollgCr,Norm,1Fam,1Story,7.0,5.0,2007.0,2007.0,Gable,CompShg,VinylSd,VinylSd,Stone,4.418840607796598,Gd,TA,PConc,Gd,TA,Av,GLQ,724.0,0.0,6.2324480165505225,1232.0,GasA,Ex,Y,SBrkr,0.0,-1.3877787807814457e-17,1232.0,1.0,0.0,2.0,0.0,2.0,0.6931471805599453,Gd,Typ,0.0,Gd,Attchd,RFn,2.0,TA,TA,Y,4.890349128221754,0.0,0.0,0.0,0.0,0.0,0.0,2.0,2009.0,WD,Normal,12.178192583415596
4.51085950651685,RL,85.0,11475.0,Reg,Lvl,Corner,NAmes,Norm,Duplex,1Story,5.0,5.0,1958.0,1958.0,Gable,CompShg,VinylSd,VinylSd,BrkFace,4.564348191467836,TA,TA,CBlock,TA,TA,No,Unf,0.0,0.0,7.368339686311381,1584.0,GasA,TA,Y,SBrkr,0.0,-1.3877787807814457e-17,1776.0,1.0,0.0,2.0,0.0,4.0,1.0986122886681098,TA,Typ,0.0,Gd,Detchd,Unf,3.0,TA,TA,Y,0.0,3.258096538021482,0.0,0.0,0.0,0.0,0.0,7.0,2009.0,COD,Abnorml,11.608244735642321
3.4339872044851463,RM,52.0,6240.0,Reg,Lvl,Inside,IDOTRR,Norm,1Fam,1.5Fin,4.0,5.0,1925.0,1950.0,Gable,CompShg,MetalSd,MetalSd,BrkFace,0.0,TA,TA,CBlock,TA,TA,No,BLQ,152.0,0.0,6.444131256700441,780.0,GasA,TA,Y,FuseA,0.0,5.8888779583328805,1208.0,0.0,0.0,1.0,0.0,2.0,0.6931471805599453,TA,Typ,0.0,Gd,Detchd,Unf,2.0,TA,TA,Y,0.0,3.1780538303479458,4.727387818712341,0.0,0.0,0.0,0.0,1.0,2009.0,WD,Normal,11.542493975902508
4.795790545596741,RL,39.0,5389.0,IR1,Lvl,Inside,StoneBr,Norm,TwnhsE,1Story,8.0,5.0,1995.0,1996.0,Gable,CompShg,CemntBd,CmentBd,BrkFace,0.0,Gd,TA,PConc,Gd,TA,No,GLQ,1180.0,0.0,6.030685260261263,1595.0,GasA,Ex,Y,SBrkr,0.0,-1.3877787807814457e-17,1616.0,1.0,0.0,2.0,0.0,2.0,0.6931471805599453,Gd,Typ,1.0,TA,Attchd,RFn,2.0,TA,TA,Y,5.472270673671475,5.030437921392435,0.0,0.0,0.0,0.0,0.0,2.9999999999999996,2010.0,WD,Normal,12.373707715234994
4.394449154672439,RL,73.0,9590.0,IR1,Lvl,Corner,Timber,Norm,1Fam,SLvl,7.0,5.0,2003.0,2003.0,Gable,CompShg,VinylSd,VinylSd,BrkFace,6.030685260261263,Gd,TA,PConc,Ex,TA,Av,GLQ,786.0,0.0,4.418840607796598,868.0,GasA,Ex,Y,SBrkr,0.0,-1.3877787807814457e-17,1146.0,1.0,0.0,2.0,0.0,3.0,0.6931471805599453,Gd,Typ,1.0,Gd,Attchd,Fin,2.0,TA,TA,Y,5.081404364984463,3.1354942159291497,0.0,0.0,0.0,0.0,0.0,5.0,2007.0,WD,Normal,12.141539457711714
4.110873864173311,RL,75.0,11404.0,IR1,Lvl,Inside,CollgCr,Norm,1Fam,2Story,7.0,5.0,1998.0,1999.0,Gable,CompShg,VinylSd,VinylSd,BrkFace,5.313205979041787,Gd,TA,PConc,Gd,TA,Av,ALQ,252.0,0.0,6.804614520062624,1153.0,GasA,Ex,Y,SBrkr,6.778784897685178,-1.3877787807814457e-17,2031.0,0.0,0.0,2.0,1.0,3.0,0.6931471805599453,Gd,Typ,1.0,TA,Attchd,Fin,2.0,TA,TA,Y,5.262690188904886,4.442651256490317,0.0,0.0,0.0,0.0,0.0,7.0,2008.0,WD,Normal,12.312686874960354
3.044522437723423,RL,80.0,10000.0,Reg,Lvl,Corner,Sawyer,Feedr,1Fam,1Story,5.0,6.0,1961.0,1983.0,Hip,CompShg,HdBoard,HdBoard,BrkFace,0.0,TA,TA,CBlock,TA,TA,No,BLQ,594.0,0.0,5.602118820879701,864.0,GasA,Ex,Y,SBrkr,0.0,-1.3877787807814457e-17,1144.0,1.0,0.0,1.0,0.0,3.0,0.6931471805599453,TA,Typ,1.0,TA,Attchd,RFn,1.0,TA,TA,Y,5.111987788356544,0.0,0.0,0.0,0.0,0.0,5.993961427306569,2.9999999999999996,2009.0,WD,Normal,11.786008995353765
3.044522437723423,RL,69.2,8978.0,IR1,Lvl,Corner,Sawyer,Norm,1Fam,1Story,5.0,5.0,1968.0,1968.0,Gable,CompShg,Plywood,Plywood,BrkFace,0.0,TA,TA,PConc,TA,TA,No,Unf,0.0,0.0,6.855408798609928,948.0,GasA,TA,Y,SBrkr,0.0,-1.3877787807814457e-17,948.0,0.0,0.0,1.0,0.0,3.0,0.6931471805599453,TA,Typ,0.0,Gd,Attchd,Unf,1.0,TA,TA,Y,4.997212273764115,0.0,0.0,0.0,0.0,0.0,0.0,5.0,2007.0,WD,Family,11.58989576532275
4.330733340286331,RM,60.0,10800.0,Reg,Lvl,Inside,OldTown,Norm,1Fam,2.5Unf,7.0,7.0,1914.0,1970.0,Gable,CompShg,Wd Sdng,Wd Sdng,BrkFace,0.0,TA,TA,BrkTil,Gd,TA,Mn,Rec,390.0,0.0,6.19644412779452,880.0,GasW,Fa,N,SBrkr,6.790097235513905,-1.3877787807814457e-17,1768.0,0.0,0.0,1.0,1.0,2.0,0.6931471805599453,TA,Typ,2.0,TA,Detchd,Unf,2.0,TA,TA,N,0.0,5.14166355650266,0.0,0.0,0.0,0.0,0.0,10.0,2006.0,WD,Normal,12.001511614739405
4.51085950651685,RL,60.0,8544.0,Reg,Lvl,Inside,NAmes,Norm,Duplex,1Story,3.0,4.0,1950.0,1950.0,Gable,CompShg,Stucco,Stone,BrkFace,0.0,TA,TA,CBlock,TA,TA,No,Unf,0.0,0.0,0.0,42.0,GasA,Gd,N,FuseF,0.0,-1.3877787807814457e-17,1040.0,0.0,0.0,2.0,0.0,2.0,1.0986122886681098,TA,Typ,0.0,Gd,Detchd,Unf,2.0,TA,TA,Y,0.0,0.0,0.0,0.0,0.0,0.0,0.0,7.0,2006.0,WD,Normal,11.445727410406752
4.110873864173311,RL,72.0,10463.0,IR1,HLS,CulDSac,Gilbert,Norm,1Fam,2Story,8.0,5.0,2005.0,2005.0,Gable,CompShg,VinylSd,VinylSd,BrkFace,0.0,Gd,TA,PConc,Gd,TA,No,Unf,0.0,0.0,6.795705775173514,893.0,GasA,Ex,Y,SBrkr,6.803505257608338,-1.3877787807814457e-17,1801.0,0.0,0.0,2.0,1.0,3.0,0.6931471805599453,Gd,Typ,1.0,Gd,Attchd,Fin,3.0,TA,TA,Y,0.0,4.762173934797756,0.0,0.0,0.0,0.0,0.0,6.0,2006.0,WD,Normal,12.3879816172226
4.51085950651685,RL,60.0,10800.0,Reg,Lvl,Inside,Edwards,Norm,Duplex,1Story,5.0,5.0,1987.0,1988.0,Gable,CompShg,Plywood,Plywood,BrkFace,0.0,TA,TA,CBlock,Gd,Gd,Gd,GLQ,1200.0,0.0,0.0,1200.0,GasA,TA,Y,SBrkr,0.0,-1.3877787807814457e-17,1200.0,2.5,0.0,3.0,0.0,3.0,0.6931471805599453,TA,Typ,0.0,Gd,Attchd,Unf,-2.220446049250313e-16,TA,TA,Y,4.795790545596741,0.0,0.0,0.0,0.0,0.0,0.0,2.9999999999999996,2009.0,WD,Alloca,12.095146671399466
4.110873864173311,RL,65.0,9313.0,IR1,Lvl,Inside,CollgCr,Norm,1Fam,2Story,7.0,5.0,2004.0,2004.0,Gable,CompShg,VinylSd,VinylSd,BrkFace,0.0,Gd,TA,PConc,Gd,TA,No,Unf,0.0,0.0,6.762729506931879,864.0,GasA,Ex,Y,SBrkr,6.762729506931878,-1.3877787807814457e-17,1728.0,0.0,0.0,2.0,1.0,3.0,0.6931471805599453,Gd,Typ,0.0,Gd,Attchd,RFn,2.0,TA,TA,Y,5.236441962829948,4.04305126783455,0.0,0.0,0.0,0.0,0.0,4.0,2009.0,WD,Normal,12.154784614286667
4.2626798770413155,RM,60.0,9600.0,Reg,Lvl,Inside,OldTown,Norm,1Fam,2Story,5.0,7.0,1910.0,2002.0,Gable,CompShg,Wd Sdng,Wd Shng,BrkFace,0.0,TA,Gd,BrkTil,Fa,Fa,No,Unf,0.0,0.0,5.579729825986222,264.0,GasA,Ex,Y,SBrkr,6.499787040655853,-1.3877787807814457e-17,1432.0,0.0,0.0,2.0,0.0,2.0,0.6931471805599453,TA,Typ,0.0,Gd,Detchd,Unf,2.0,TA,Gd,Y,5.602118820879701,0.0,4.727387818712341,0.0,0.0,0.0,0.0,5.0,2007.0,WD,Abnorml,11.790564777297387
3.044522437723423,RL,65.0,6768.0,IR1,Lvl,Inside,Sawyer,Feedr,1Fam,1Story,6.0,7.5,1961.0,1996.0,Hip,CompShg,HdBoard,HdBoard,BrkFace,0.0,TA,Gd,CBlock,TA,TA,Mn,GLQ,832.0,0.0,4.394449154672439,912.0,GasA,Gd,Y,SBrkr,0.0,-1.3877787807814457e-17,912.0,1.0,0.6931471805599452,1.0,0.0,3.0,0.6931471805599453,Gd,Typ,0.0,Gd,Detchd,Unf,1.0,TA,TA,Y,5.1298987149230735,0.0,0.0,0.0,0.0,0.0,0.0,5.0,2008.0,WD,Normal,11.863589378812122
3.044522437723423,RL,65.0,8450.0,Reg,Lvl,Inside,SawyerW,Norm,1Fam,1Story,7.0,5.0,2000.0,2001.0,Gable,CompShg,VinylSd,VinylSd,BrkFace,4.6913478822291435,TA,TA,PConc,Gd,TA,No,Unf,0.0,0.0,7.2078598714324755,1349.0,GasA,Ex,Y,SBrkr,0.0,-1.3877787807814457e-17,1349.0,0.0,0.0,2.0,0.0,3.0,0.6931471805599453,TA,Typ,0.0,Gd,Attchd,Unf,2.0,TA,TA,Y,4.795790545596741,4.02535169073515,0.0,0.0,0.0,0.0,0.0,12.0,2007.0,WD,Normal,12.095146671399466
4.394449154672439,RL,70.0,12886.0,IR1,Lvl,Inside,Sawyer,Norm,1Fam,SLvl,5.0,6.0,1963.0,1999.0,Gable,CompShg,HdBoard,HdBoard,BrkFace,0.0,TA,TA,CBlock,Gd,TA,Av,ALQ,444.0,0.0,4.343805421853684,520.0,GasA,Ex,Y,SBrkr,0.0,-1.3877787807814457e-17,1464.0,0.0,0.6931471805599452,2.0,0.0,3.0,0.6931471805599453,TA,Min2,1.0,TA,Attchd,RFn,2.0,TA,TA,Y,5.713732805509369,0.0,0.0,0.0,4.61512051684126,0.0,0.0,10.0,2009.0,WD,Normal,12.07254696717504
4.795790545596741,RL,41.0,5395.0,IR1,HLS,Inside,StoneBr,Norm,TwnhsE,1Story,8.0,5.0,1993.0,1993.0,Gable,CompShg,HdBoard,HdBoard,BrkFace,0.0,Gd,TA,PConc,Gd,TA,No,GLQ,733.0,0.0,6.405228458030842,1337.0,GasA,Gd,Y,SBrkr,0.0,-1.3877787807814457e-17,1337.0,1.0,0.0,2.0,0.0,2.0,0.6931471805599453,Gd,Typ,1.0,TA,Attchd,RFn,2.0,TA,TA,Y,4.574710978503383,0.0,4.2626798770413155,5.1298987149230735,0.0,0.0,0.0,10.0,2008.0,WD,Normal,12.100717685412471
4.110873864173311,RL,87.6,8963.0,IR1,Lvl,Inside,NWAmes,Norm,1Fam,2Story,8.0,7.5,1976.0,1996.0,Hip,CompShg,VinylSd,VinylSd,BrkFace,5.66988092298052,Ex,Gd,CBlock,TA,Gd,No,GLQ,575.0,4.394449154672439,6.1903154058531475,1142.0,GasA,Ex,Y,SBrkr,7.3401868353201145,-1.3877787807814457e-17,2715.0,0.0,0.6931471805599452,3.0,1.0,4.0,0.6931471805599453,Gd,Typ,2.0,TA,BuiltIn,Fin,2.0,TA,TA,Y,0.0,5.14166355650266,0.0,0.0,0.0,0.0,0.0,7.0,2008.0,WD,Normal,12.61087420020211
4.110873864173311,RL,61.8,8795.0,IR1,Lvl,Inside,Gilbert,Norm,1Fam,2Story,7.0,5.0,2000.0,2000.0,Gable,CompShg,VinylSd,VinylSd,BrkFace,0.0,Gd,TA,PConc,Gd,TA,No,GLQ,300.0,0.0,6.481577129276431,952.0,GasA,Ex,Y,SBrkr,7.1522688560325385,-1.3877787807814457e-17,2256.0,0.0,0.0,2.0,1.0,4.0,0.6931471805599453,Gd,Typ,1.0,TA,BuiltIn,Fin,2.0,TA,TA,Y,5.41610040220442,4.007333185232471,0.0,0.0,0.0,0.0,0.0,4.0,2009.0,WD,Normal,12.371591321286905
4.2626798770413155,RM,65.0,11700.0,IR1,Lvl,Corner,OldTown,Norm,1Fam,2Story,7.0,7.0,1885.0,2003.0,Mansard,CompShg,Stucco,Stucco,BrkFace,0.0,Gd,TA,Stone,TA,Fa,No,Unf,0.0,0.0,7.123672785204607,1240.0,GasW,TA,N,SBrkr,7.186144304522324,-1.3877787807814457e-17,2640.0,0.0,0.0,1.0,1.0,4.0,0.6931471805599453,Gd,Typ,1.0,Gd,Detchd,Unf,3.5,TA,TA,N,5.204006687076795,0.0,5.958424693029782,0.0,0.0,0.0,0.0,5.0,2009.0,WD,Normal,12.491176396967154
3.044522437723423,RL,59.0,10593.0,IR1,Lvl,Inside,NoRidge,Norm,1Fam,1Story,7.0,5.0,1996.0,1996.0,Hip,CompShg,VinylSd,VinylSd,BrkFace,5.82600010738045,Gd,TA,PConc,Gd,TA,No,GLQ,919.0,0.0,6.687108607866515,1720.0,GasA,Ex,Y,SBrkr,0.0,-1.3877787807814457e-17,1720.0,1.0,0.0,2.0,0.0,3.0,0.6931471805599453,Gd,Typ,1.0,TA,Attchd,Fin,2.0,TA,TA,Y,5.484796933490655,4.04305126783455,5.043425116919247,0.0,0.0,0.0,0.0,2.9999999999999996,2010.0,WD,Normal,12.469978029554953
3.9318256327243257,RL,50.0,8405.0,Reg,Lvl,Inside,Edwards,Norm,1Fam,1.5Fin,4.0,3.5,1945.0,1950.0,Gable,CompShg,WdShing,Wd Shng,BrkFace,0.0,TA,TA,Slab,TA,TA,No,Unf,0.0,0.0,0.0,42.0,Wall,TA,N,FuseF,6.091309882077698,-1.3877787807814457e-17,1529.0,0.0,0.0,2.0,0.0,4.0,0.6931471805599453,TA,Mod,0.0,Gd,Detchd,Unf,1.0,TA,TA,N,4.532599493153256,0.0,5.225746673713202,0.0,0.0,0.0,0.0,4.0,2009.0,WD,Normal,11.49273296168228
3.9318256327243257,RM,55.0,8800.0,Reg,Lvl,Corner,OldTown,Norm,1Fam,1.5Fin,4.0,7.0,1910.0,2004.0,Gable,CompShg,Wd Sdng,Wd Sdng,BrkFace,0.0,TA,TA,BrkTil,TA,Fa,No,Unf,0.0,0.0,6.3578422665081,576.0,GasA,Gd,Y,SBrkr,5.855071922202427,-1.3877787807814457e-17,1140.0,0.0,0.0,1.0,0.0,3.0,0.6931471805599453,TA,Min2,0.0,Gd,Attchd,Unf,-2.220446049250313e-16,TA,TA,N,0.0,5.081404364984463,0.0,0.0,0.0,0.0,0.0,6.0,2010.0,WD,Normal,11.477308649967686
4.110873864173311,RL,71.6,7750.0,Reg,Lvl,Inside,Gilbert,RRAn,1Fam,2Story,7.0,5.0,2003.0,2003.0,Gable,CompShg,VinylSd,VinylSd,BrkFace,0.0,Gd,TA,PConc,Gd,TA,No,Unf,0.0,0.0,6.493753839851686,660.0,GasA,Ex,Y,SBrkr,6.493753839851687,-1.3877787807814457e-17,1320.0,0.0,0.0,2.0,1.0,3.0,0.6931471805599453,Gd,Typ,0.0,Gd,Attchd,Fin,2.0,TA,TA,Y,0.0,3.8918202981106265,0.0,0.0,0.0,0.0,0.0,8.0,2007.0,WD,Normal,11.995357787034976
3.044522437723423,RL,79.0,9236.0,IR1,Lvl,Inside,CollgCr,Norm,1Fam,1Story,6.0,5.0,1997.0,1997.0,Gable,CompShg,VinylSd,VinylSd,BrkFace,0.0,TA,Gd,PConc,Gd,TA,Gd,GLQ,1200.0,0.0,5.634789603169249,1479.0,GasA,Ex,Y,SBrkr,0.0,-1.3877787807814457e-17,1494.0,1.0,0.0,2.0,0.0,3.0,0.6931471805599453,Gd,Typ,0.0,Gd,Attchd,RFn,2.0,TA,TA,Y,5.1298987149230735,3.332204510175204,0.0,0.0,0.0,0.0,0.0,7.0,2006.0,WD,Normal,12.28765724080691
4.110873864173311,RL,80.0,10240.0,Reg,Lvl,Inside,NridgHt,Norm,1Fam,2Story,8.0,5.0,2005.0,2005.0,Gable,CompShg,VinylSd,VinylSd,BrkFace,5.187385805840755,Gd,TA,PConc,Gd,TA,Mn,Unf,0.0,0.0,6.93828448401696,1030.0,GasA,Gd,Y,SBrkr,6.966967138613983,-1.3877787807814457e-17,2098.0,0.0,0.0,2.0,1.0,3.0,0.6931471805599453,Ex,Typ,1.0,Gd,Attchd,RFn,3.0,TA,TA,Y,5.262690188904886,3.970291913552122,0.0,0.0,0.0,0.0,0.0,2.9999999999999996,2006.0,WD,Normal,12.526346537332584
3.044522437723423,RL,61.0,7930.0,Reg,Lvl,Inside,NAmes,Norm,1Fam,1Story,6.0,7.5,1969.0,2005.0,Gable,CompShg,Plywood,Plywood,BrkFace,0.0,TA,TA,CBlock,TA,TA,No,GLQ,439.0,6.159095388491933,4.7535901911063645,1026.0,GasA,Gd,Y,SBrkr,0.0,-1.3877787807814457e-17,1026.0,1.0,0.0,1.0,0.0,3.0,0.6931471805599453,Gd,Typ,0.0,Gd,Detchd,RFn,2.0,TA,TA,Y,5.147494476813453,3.8918202981106265,0.0,0.0,0.0,0.0,0.0,7.0,2009.0,WD,Normal,11.957617696467539
4.983606621708336,FV,34.0,3230.0,Reg,Lvl,Inside,Somerst,Norm,TwnhsE,2Story,6.0,5.0,1999.0,1999.0,Gable,CompShg,MetalSd,MetalSd,BrkFace,6.030685260261263,TA,TA,PConc,Gd,TA,No,GLQ,381.0,0.0,5.855071922202427,729.0,GasA,Gd,Y,SBrkr,6.593044534142436,-1.3877787807814457e-17,1471.0,0.0,0.0,2.0,1.0,3.0,0.6931471805599453,TA,Typ,0.0,Gd,Detchd,Unf,2.0,TA,TA,Y,0.0,3.2188758248682006,0.0,0.0,0.0,0.0,0.0,2.9999999999999996,2009.0,WD,Normal,12.058158312538197
4.110873864173311,RL,68.0,10769.0,IR1,Lvl,Inside,CollgCr,Norm,1Fam,2Story,8.0,5.0,2007.0,2007.0,Gable,CompShg,VinylSd,VinylSd,BrkFace,0.0,Gd,TA,PConc,Gd,TA,Av,GLQ,20.0,0.0,6.741700694652055,866.0,GasA,Ex,Y,SBrkr,6.8057225534169845,-1.3877787807814457e-17,1768.0,0.0,0.0,2.0,1.0,3.0,0.6931471805599453,Gd,Typ,0.0,Gd,Attchd,RFn,2.0,TA,TA,Y,4.976733742420574,4.663439094112067,0.0,0.0,0.0,0.0,0.0,4.0,2009.0,WD,Normal,12.264346270624157
4.110873864173311,RL,79.9,11616.0,IR1,Lvl,CulDSac,Sawyer,Norm,1Fam,2Story,6.0,5.0,1978.0,1978.0,Hip,CompShg,HdBoard,HdBoard,BrkCmn,5.796057750765373,TA,TA,CBlock,TA,TA,Mn,Rec,438.0,0.0,5.459585514144159,672.0,GasA,TA,Y,SBrkr,6.5722825426940075,-1.3877787807814457e-17,1386.0,0.0,0.0,2.0,1.0,3.0,0.6931471805599453,TA,Typ,1.0,TA,Attchd,Fin,2.0,TA,TA,Y,5.817111159963204,0.0,0.0,0.0,0.0,0.0,0.0,4.0,2010.0,WD,Abnorml,11.97603664577121
4.983606621708336,FV,27.500000000000007,2279.999999999999,Reg,Lvl,Inside,Somerst,Norm,Twnhs,2Story,7.0,5.0,1999.0,1999.0,Gable,CompShg,MetalSd,MetalSd,BrkFace,5.8888779583328805,TA,TA,PConc,Gd,TA,No,ALQ,549.0,0.0,5.278114659230517,744.0,GasA,Gd,Y,SBrkr,6.61338421837956,-1.3877787807814457e-17,1501.0,0.0,0.0,2.0,1.0,3.0,0.6931471805599453,TA,Typ,0.0,Gd,Detchd,Unf,2.0,TA,TA,Y,0.0,0.0,0.0,0.0,0.0,0.0,0.0,8.0,2008.0,WD,Normal,12.097378802727306
4.110873864173311,RL,65.0,12257.0,IR1,Lvl,Inside,NoRidge,Norm,1Fam,2Story,8.0,5.0,1995.0,1995.0,Gable,CompShg,VinylSd,VinylSd,BrkFace,6.030685260261263,Gd,TA,PConc,Gd,TA,Av,LwQ,56.0,4.174387269895637,7.089243155027514,1318.0,GasA,Ex,Y,SBrkr,7.093404625868766,-1.3877787807814457e-17,2531.0,0.0,0.0,2.0,1.0,4.0,0.6931471805599453,Gd,Typ,1.0,TA,Attchd,RFn,3.0,TA,TA,Y,5.407171771460119,4.59511985013459,0.0,0.0,0.0,0.0,0.0,11.0,2007.0,WD,Normal,12.577639650232573
3.044522437723423,RL,70.0,9100.0,Reg,Lvl,Inside,NAmes,Norm,1Fam,1Story,6.0,6.0,1959.0,1959.0,Hip,CompShg,Wd Sdng,Wd Sdng,BrkFace,0.0,TA,TA,CBlock,TA,TA,No,Rec,612.0,0.0,5.53338948872752,864.0,GasA,Ex,Y,SBrkr,0.0,-1.3877787807814457e-17,864.0,0.0,0.0,1.0,0.0,2.0,0.6931471805599453,TA,Typ,0.0,Gd,Detchd,Unf,1.0,Ex,Ex,Y,0.0,0.0,0.0,0.0,0.0,0.0,6.111467339502679,10.0,2009.0,WD,Normal,11.755879486687116
3.4339872044851463,RM,60.0,6911.0,Reg,Lvl,FR2,BrkSide,Feedr,1Fam,1Story,5.0,5.0,1924.0,1950.0,Gable,CompShg,Wd Sdng,Wd Sdng,BrkFace,0.0,TA,TA,PConc,TA,TA,Mn,LwQ,405.0,0.0,6.608000625296087,1145.0,GasA,TA,Y,SBrkr,0.0,-1.3877787807814457e-17,1301.0,0.0,0.0,1.0,0.0,2.0,0.6931471805599453,Fa,Min1,0.0,Gd,Detchd,Unf,2.0,TA,TA,Y,0.0,0.0,0.0,0.0,0.0,0.0,0.0,10.0,2009.0,WD,Normal,11.51293546492023
4.110873864173311,FV,72.0,8640.0,Reg,Lvl,Inside,Somerst,Norm,1Fam,2Story,7.0,5.0,2009.0,2009.0,Gable,CompShg,VinylSd,VinylSd,BrkFace,0.0,TA,TA,PConc,Gd,TA,Mn,GLQ,24.0,0.0,6.597145701886651,756.0,GasA,Ex,Y,SBrkr,6.664409020350407,-1.3877787807814457e-17,1547.0,0.0,0.0,2.0,1.0,3.0,0.6931471805599453,Gd,Typ,0.0,Gd,Attchd,Unf,2.0,TA,TA,Y,5.135798437050262,3.828641396489095,0.0,0.0,0.0,0.0,0.0,6.0,2010.0,Con,Normal,12.279327754099118
4.110873864173311,RL,82.0,9430.0,Reg,Lvl,Inside,NoRidge,Norm,1Fam,2Story,8.0,5.0,1999.0,1999.0,Gable,CompShg,VinylSd,VinylSd,BrkFace,6.030685260261263,Gd,TA,PConc,Gd,TA,Mn,GLQ,1163.0,0.0,4.499809670330265,1252.0,GasA,Ex,Y,SBrkr,7.001245622069476,-1.3877787807814457e-17,2365.0,1.0,0.0,2.0,1.0,3.0,0.6931471805599453,Gd,Typ,1.0,Gd,Attchd,RFn,3.0,TA,TA,Y,0.0,4.859812404361672,0.0,0.0,5.198497031265826,0.0,0.0,7.0,2009.0,WD,Normal,12.727841176689147
4.795790545596741,RL,30.0,9549.0,IR1,Lvl,CulDSac,Veenker,Norm,TwnhsE,1Story,8.0,5.0,1995.0,1996.0,Hip,CompShg,BrkFace,BrkFace,BrkFace,0.0,Gd,Gd,PConc,Gd,Gd,Av,LwQ,437.0,6.964135612418245,0.0,1494.0,GasA,Ex,Y,SBrkr,0.0,-1.3877787807814457e-17,1494.0,1.0,0.0,1.0,1.0,2.0,0.6931471805599453,Ex,Typ,1.0,Gd,Attchd,Fin,2.0,TA,TA,Y,0.0,3.4339872044851463,0.0,0.0,5.37989735354046,0.0,0.0,4.0,2006.0,WD,Normal,12.506180941677357
3.044522437723423,RL,75.0,14587.0,IR1,Lvl,Inside,Somerst,Norm,1Fam,1Story,9.0,5.0,2008.0,2008.0,Gable,CompShg,VinylSd,VinylSd,Stone,5.652489180268651,Gd,TA,PConc,Gd,TA,No,Unf,0.0,0.0,7.312553498102598,1498.0,GasA,Ex,Y,SBrkr,0.0,-1.3877787807814457e-17,1506.0,0.0,0.0,2.0,0.0,2.0,0.6931471805599453,Ex,Typ,1.0,Gd,Attchd,Fin,2.0,TA,TA,Y,0.0,5.14166355650266,0.0,0.0,0.0,0.0,0.0,8.0,2008.0,New,Partial,12.484208043148733
4.110873864173311,RL,80.0,10421.0,Reg,Lvl,Inside,NWAmes,Norm,1Fam,2Story,7.0,5.0,1988.0,1988.0,Gable,CompShg,HdBoard,HdBoard,BrkFace,3.7612001156935624,TA,TA,CBlock,Gd,TA,No,GLQ,394.0,0.0,6.375024819828097,980.0,GasA,TA,Y,SBrkr,6.5998704992128365,-1.3877787807814457e-17,1714.0,0.0,0.0,2.0,1.0,3.0,0.6931471805599453,TA,Typ,1.0,TA,Attchd,Unf,2.0,TA,TA,Y,5.433722003554241,4.204692619390966,5.056245805348308,0.0,0.0,0.0,6.2166061010848646,2.9999999999999996,2010.0,WD,Normal,12.188422799337028
3.9318256327243257,RL,75.0,12508.0,IR1,Lvl,Inside,Mitchel,Norm,1Fam,1.5Fin,6.0,7.0,1940.0,1985.0,Gable,CompShg,VinylSd,VinylSd,BrkFace,0.0,TA,TA,CBlock,Gd,TA,Mn,ALQ,660.0,0.0,5.780743515792329,983.0,GasA,Ex,Y,SBrkr,6.643789733147672,-1.3877787807814457e-17,1750.0,1.0,0.0,2.0,0.0,4.0,0.6931471805599453,TA,Mod,0.0,Gd,Attchd,Unf,1.0,TA,TA,Y,5.5053315359323625,0.0,5.056245805348308,0.0,0.0,0.0,7.170888478512505,7.0,2008.0,WD,Normal,11.982935344196433
3.044522437723423,RL,70.0,9100.0,Reg,Lvl,Inside,CollgCr,Norm,1Fam,1Story,7.0,5.0,2004.0,2005.0,Hip,CompShg,VinylSd,VinylSd,BrkFace,0.0,Gd,TA,PConc,Gd,TA,No,GLQ,24.0,0.0,7.430410654501705,1860.0,GasA,Ex,Y,SBrkr,0.0,-1.3877787807814457e-17,1836.0,0.0,0.0,2.0,0.0,3.0,0.6931471805599453,Gd,Typ,1.0,Gd,Attchd,Fin,2.0,TA,TA,Y,4.795790545596741,3.5263605246161616,0.0,0.0,0.0,0.0,0.0,10.0,2006.0,WD,Normal,12.28690580994122
4.110873864173311,RL,47.0,17673.5,IR2,HLS,CulDSac,StoneBr,Norm,1Fam,2Story,8.0,5.0,2003.0,2003.0,Hip,CompShg,CemntBd,Wd Shng,BrkFace,6.030685260261263,Ex,TA,PConc,Gd,TA,Gd,ALQ,1416.0,0.0,5.459585514144159,1650.0,GasA,Ex,Y,SBrkr,7.3714892952142765,-1.3877787807814457e-17,2747.625,1.0,0.0,3.0,1.0,4.0,0.6931471805599453,Ex,Mod,1.0,Gd,BuiltIn,Fin,3.0,TA,TA,Y,6.042632833682381,3.6109179126442243,0.0,0.0,5.351858133476067,0.0,0.0,6.0,2010.0,WD,Normal,13.195615697878253
4.454347296253507,RL,61.6,7252.0,IR1,Lvl,CulDSac,Sawyer,Norm,1Fam,SFoyer,5.0,5.0,1982.0,1982.0,Hip,CompShg,Wd Sdng,Wd Sdng,BrkFace,0.0,TA,TA,CBlock,Gd,TA,Av,GLQ,685.0,0.0,5.159055299214529,858.0,GasA,TA,Y,SBrkr,0.0,-1.3877787807814457e-17,858.0,1.0,0.0,1.0,0.0,2.0,0.6931471805599453,TA,Typ,0.0,Gd,Detchd,Unf,2.0,TA,TA,Y,4.795790545596741,0.0,0.0,0.0,0.0,0.0,0.0,4.0,2009.0,WD,Normal,11.812296455066814
3.044522437723423,RL,67.0,8877.0,Reg,Lvl,Inside,Edwards,Norm,1Fam,1Story,4.0,5.0,1951.0,1951.0,Gable,CompShg,Wd Sdng,Wd Sdng,BrkFace,0.0,TA,TA,CBlock,Fa,Fa,No,LwQ,836.0,0.0,0.0,836.0,GasA,TA,Y,FuseF,0.0,-1.3877787807814457e-17,1220.0,0.0,0.0,1.0,0.0,2.0,0.6931471805599453,TA,Typ,0.0,Gd,Detchd,Unf,2.0,TA,TA,Y,0.0,0.0,0.0,0.0,0.0,0.0,0.0,4.0,2006.0,COD,Normal,11.532737896139919
4.394449154672439,RL,94.0,7819.0,Reg,Lvl,Inside,Edwards,Norm,1Fam,SLvl,6.0,5.0,1976.0,1976.0,Gable,CompShg,Plywood,Plywood,BrkFace,0.0,TA,TA,CBlock,TA,TA,Av,ALQ,422.0,4.852030263919616,6.175867270105761,1029.0,GasA,TA,Y,SBrkr,0.0,-1.3877787807814457e-17,1117.0,1.0,0.0,1.0,0.0,3.0,0.6931471805599453,TA,Typ,1.0,TA,Detchd,Unf,2.0,TA,TA,Y,4.976733742420574,0.0,0.0,0.0,0.0,0.0,0.0,2.9999999999999996,2010.0,WD,Abnorml,11.580593459194764
3.044522437723423,RL,70.0,10150.0,Reg,Lvl,Inside,NAmes,Feedr,1Fam,1Story,5.0,5.0,1958.0,1958.0,Gable,CompShg,Wd Sdng,Wd Sdng,BrkFace,0.6931471805599454,TA,TA,CBlock,TA,TA,No,Rec,456.0,0.0,6.124683390894205,912.0,GasA,Ex,Y,FuseA,0.0,-1.3877787807814457e-17,912.0,0.0,0.0,1.0,0.0,2.0,0.6931471805599453,TA,Typ,0.0,Gd,Attchd,RFn,1.0,TA,TA,Y,0.0,0.0,0.0,0.0,0.0,0.0,0.0,7.0,2007.0,COD,Normal,11.648338835562747
3.044522437723423,RL,110.0,14226.0,Reg,Lvl,Corner,NridgHt,Norm,1Fam,1Story,8.0,5.0,2006.0,2006.0,Hip,CompShg,VinylSd,VinylSd,BrkFace,5.929589143389895,Gd,TA,PConc,Gd,TA,Av,Unf,0.0,0.0,7.430410654501705,1935.0,GasA,Gd,Y,SBrkr,0.0,-1.3877787807814457e-17,1973.0,0.0,0.0,2.0,0.0,3.0,0.6931471805599453,Gd,Typ,1.0,Gd,Attchd,Fin,3.0,TA,TA,Y,5.755742213586912,3.828641396489095,0.0,0.0,0.0,0.0,0.0,7.0,2007.0,New,Partial,12.886643575525625
4.795790545596741,RM,32.0,4500.0,Reg,Lvl,FR2,Mitchel,Norm,TwnhsE,1Story,6.0,5.0,1998.0,1998.0,Hip,CompShg,VinylSd,VinylSd,BrkFace,5.771441123130016,TA,TA,PConc,Ex,TA,No,GLQ,866.0,0.0,5.82600010738045,1204.0,GasA,Ex,Y,SBrkr,0.0,-1.3877787807814457e-17,1204.0,1.0,0.0,2.0,0.0,2.0,0.6931471805599453,TA,Typ,0.0,Gd,Attchd,Fin,2.0,TA,TA,Y,0.0,5.14166355650266,0.0,0.0,0.0,0.0,0.0,6.0,2009.0,WD,Normal,11.995357787034976
3.044522437723423,RL,86.0,11210.0,IR1,Lvl,Inside,CollgCr,Norm,1Fam,1Story,7.0,5.0,2005.0,2006.0,Gable,CompShg,VinylSd,VinylSd,BrkFace,5.484796933490655,Gd,TA,PConc,Gd,TA,Av,GLQ,20.0,0.0,7.374629015218945,1614.0,GasA,Ex,Y,SBrkr,0.0,-1.3877787807814457e-17,1614.0,0.0,0.0,2.0,0.0,3.0,0.6931471805599453,Gd,Typ,0.0,Gd,Attchd,RFn,3.0,TA,TA,Y,4.976733742420574,4.0943445622221,0.0,0.0,0.0,0.0,0.0,7.0,2006.0,New,Partial,12.308182383129823
3.044522437723423,RL,100.0,13350.0,IR1,Lvl,Inside,Sawyer,Norm,1Fam,1Story,5.0,5.0,1974.0,1974.0,Hip,CompShg,HdBoard,Plywood,BrkFace,0.0,TA,TA,CBlock,TA,TA,No,ALQ,762.0,0.0,4.634728988229636,864.0,GasA,TA,Y,SBrkr,0.0,-1.3877787807814457e-17,894.0,1.0,0.0,1.0,0.0,3.0,0.6931471805599453,TA,Typ,1.0,Fa,Attchd,Unf,2.0,TA,TA,Y,5.488937726156687,0.0,0.0,0.0,0.0,0.0,0.0,6.0,2006.0,WD,Normal,11.86710429621008
4.51085950651685,RH,60.0,8400.0,Reg,Lvl,Inside,SawyerW,Feedr,Duplex,1Story,5.0,5.0,1977.0,1977.0,Gable,CompShg,Plywood,Plywood,BrkFace,5.771441123130016,TA,TA,Slab,TA,TA,No,Unf,0.0,0.0,0.0,42.0,GasA,TA,Y,SBrkr,0.0,-1.3877787807814457e-17,2020.0,0.0,0.0,2.0,0.0,4.0,1.0986122886681098,TA,Typ,2.0,TA,Detchd,Unf,2.0,TA,TA,Y,0.0,0.0,0.0,0.0,0.0,0.0,0.0,10.0,2007.0,WD,Normal,11.87757552297847
4.51085950651685,RL,78.0,10530.0,Reg,Lvl,Inside,Mitchel,Norm,Duplex,SFoyer,6.0,5.0,1977.0,1977.0,Gable,CompShg,Plywood,ImStucc,BrkFace,4.51085950651685,TA,TA,CBlock,Gd,TA,Gd,GLQ,975.0,0.0,0.0,975.0,GasA,TA,Y,SBrkr,0.0,-1.3877787807814457e-17,1004.0,1.0,0.0,1.0,0.0,2.0,0.6931471805599453,TA,Typ,0.0,Gd,Attchd,Unf,2.0,TA,TA,Y,0.0,0.0,0.0,0.0,0.0,0.0,0.0,5.0,2006.0,WD,Normal,11.813037464800539
3.044522437723423,RL,63.0,7875.0,Reg,Lvl,Inside,Gilbert,Norm,1Fam,1Story,7.0,5.0,1995.0,1996.0,Gable,CompShg,HdBoard,HdBoard,BrkFace,3.6635616461296463,TA,TA,PConc,Gd,Gd,No,Unf,0.0,0.0,7.121252453244542,1237.0,GasA,Gd,Y,SBrkr,0.0,-1.3877787807814457e-17,1253.0,0.0,0.0,2.0,0.0,3.0,0.6931471805599453,TA,Typ,1.0,TA,Attchd,Fin,2.0,TA,TA,Y,5.3981627015177525,3.091042453358316,0.0,0.0,0.0,0.0,0.0,6.0,2007.0,WD,Normal,12.07824495582233
4.110873864173311,RL,65.0,7153.0,Reg,Lvl,Inside,SawyerW,Norm,1Fam,2Story,6.0,5.0,1992.0,1992.0,Gable,CompShg,VinylSd,VinylSd,BrkFace,0.0,Gd,Gd,PConc,Gd,TA,No,ALQ,387.0,0.0,5.926926025970411,761.0,GasA,Ex,Y,SBrkr,6.677083461247136,-1.3877787807814457e-17,1603.0,0.0,0.0,2.0,1.0,3.0,0.6931471805599453,Gd,Typ,0.0,Gd,Attchd,RFn,2.0,TA,TA,Y,0.0,4.8283137373023015,0.0,0.0,0.0,0.0,0.0,7.0,2006.0,WD,Normal,12.077676615757813
3.044522437723423,RL,67.0,16285.0,IR2,Lvl,Inside,CollgCr,Norm,1Fam,1Story,7.0,5.0,2001.0,2002.0,Gable,CompShg,VinylSd,VinylSd,BrkFace,0.0,Gd,TA,PConc,Gd,TA,No,Unf,0.0,0.0,7.254177846456518,1413.0,GasA,Ex,Y,SBrkr,0.0,-1.3877787807814457e-17,1430.0,0.0,0.0,2.0,0.0,3.0,0.6931471805599453,Gd,Typ,0.0,Gd,Attchd,RFn,2.0,TA,TA,Y,0.0,3.5263605246161616,0.0,0.0,0.0,0.0,0.0,6.0,2009.0,WD,Normal,12.139403856983334
4.454347296253507,RL,66.6,9101.0,IR1,Lvl,Corner,Mitchel,Norm,1Fam,SFoyer,5.0,6.0,1978.0,1978.0,Gable,CompShg,Plywood,Plywood,BrkFace,4.653960350157523,TA,Gd,PConc,Gd,TA,Av,GLQ,1097.0,0.0,0.0,1097.0,GasA,Ex,Y,SBrkr,0.0,-1.3877787807814457e-17,1110.0,1.0,0.0,1.0,0.0,1.0,0.6931471805599453,Gd,Typ,1.0,TA,Attchd,Fin,2.0,TA,TA,Y,5.717027701406222,3.4339872044851463,0.0,0.0,0.0,0.0,0.0,7.0,2009.0,WD,Normal,12.016732516077072
4.330733340286331,RM,35.0,6300.0,Reg,Lvl,Inside,OldTown,Norm,1Fam,2.5Unf,6.0,6.0,1914.0,2001.0,Gable,CompShg,Wd Sdng,Wd Shng,BrkFace,0.0,TA,TA,CBlock,TA,TA,No,Unf,0.0,0.0,6.610696044717759,742.0,GasA,Ex,Y,SBrkr,6.610696044717759,-1.3877787807814457e-17,1484.0,0.0,0.0,2.0,0.0,3.0,0.6931471805599453,TA,Typ,1.0,Gd,Attchd,Unf,-2.220446049250313e-16,TA,TA,Y,0.0,5.14166355650266,4.90527477843843,0.0,0.0,0.0,0.0,6.0,2008.0,WD,Normal,11.759793355371237
3.044522437723423,RL,74.6,9790.0,Reg,Lvl,Inside,NWAmes,Feedr,1Fam,1Story,6.0,5.0,1967.0,1967.0,Gable,CompShg,BrkFace,Wd Sdng,BrkFace,0.0,TA,TA,CBlock,TA,TA,No,Rec,251.0,6.447305862541212,6.198478716492308,1372.0,GasA,TA,Y,SBrkr,0.0,-1.3877787807814457e-17,1342.0,0.0,0.0,2.0,0.0,3.0,0.6931471805599453,TA,Typ,1.0,Gd,Attchd,Unf,2.0,TA,TA,Y,0.0,0.0,0.0,0.0,5.288267030694535,0.0,0.0,9.0,2009.0,WD,Normal,11.992266613576142
3.9318256327243257,RM,60.0,10800.0,Reg,Lvl,Inside,OldTown,Artery,1Fam,1.5Fin,5.0,6.0,1915.0,1950.0,Gable,CompShg,MetalSd,MetalSd,BrkFace,0.0,TA,Gd,PConc,Fa,TA,No,LwQ,686.0,0.0,0.0,686.0,GasA,TA,Y,SBrkr,6.532334292222348,-1.3877787807814457e-17,1652.0,1.0,0.0,2.0,0.0,4.0,0.6931471805599453,TA,Typ,0.0,Gd,Detchd,Unf,1.0,TA,TA,Y,0.0,0.0,5.2832037287379885,0.0,0.0,0.0,7.0909098220799835,6.0,2010.0,WD,Normal,11.842236406331555
4.110873864173311,RL,76.0,10142.0,IR1,Lvl,Inside,SawyerW,Norm,1Fam,2Story,7.0,5.0,2004.0,2004.0,Gable,CompShg,VinylSd,VinylSd,BrkFace,0.0,Gd,TA,PConc,Gd,TA,No,GLQ,656.0,0.0,5.707110264748875,956.0,GasA,Ex,Y,SBrkr,7.029087564149661,-1.3877787807814457e-17,2084.0,1.0,0.0,2.0,1.0,4.0,0.6931471805599453,Gd,Typ,0.0,Gd,BuiltIn,RFn,2.0,TA,TA,Y,0.0,3.828641396489095,0.0,0.0,0.0,0.0,0.0,1.0,2010.0,WD,Normal,12.358798024384122
3.044522437723423,RM,50.0,6000.0,Reg,Lvl,Corner,OldTown,Norm,1Fam,1Story,4.0,7.0,1954.0,2000.0,Gable,CompShg,MetalSd,MetalSd,BrkFace,0.0,TA,TA,CBlock,TA,TA,No,Unf,0.0,0.0,6.804614520062624,901.0,GasA,Ex,Y,SBrkr,0.0,-1.3877787807814457e-17,901.0,0.0,0.0,1.0,0.0,2.0,0.6931471805599453,TA,Typ,0.0,Gd,Detchd,Unf,1.0,Fa,TA,Y,0.0,0.0,0.0,0.0,0.0,0.0,0.0,8.0,2008.0,WD,Normal,11.588969419043872
4.110873864173311,RL,82.0,12205.0,IR1,Low,Inside,ClearCr,Norm,1Fam,2Story,6.0,7.5,1966.0,2007.0,Gable,CompShg,HdBoard,HdBoard,BrkFace,5.062595033026968,TA,TA,CBlock,TA,Fa,Gd,LwQ,568.0,0.0,5.579729825986222,832.0,GasA,Gd,Y,SBrkr,7.013915474810528,-1.3877787807814457e-17,2087.0,0.0,0.0,2.0,1.0,4.5,0.6931471805599453,Gd,Typ,0.0,Gd,Attchd,Fin,2.0,TA,TA,Y,4.897839799950911,5.1298987149230735,0.0,0.0,0.0,0.0,0.0,7.0,2007.0,WD,Normal,12.141539457711714
4.795790545596741,RL,43.0,3182.0,Reg,Lvl,Inside,Blmngtn,Norm,TwnhsE,1Story,7.0,5.0,2005.0,2006.0,Gable,CompShg,VinylSd,VinylSd,BrkFace,2.4849066497880004,Gd,TA,PConc,Gd,TA,No,GLQ,16.0,0.0,7.029972911706386,1145.0,GasA,Ex,Y,SBrkr,0.0,-1.3877787807814457e-17,1145.0,0.0,0.0,2.0,0.0,2.0,0.6931471805599453,Gd,Typ,1.0,Gd,Attchd,Fin,2.0,TA,TA,Y,4.61512051684126,2.833213344056216,0.0,0.0,0.0,0.0,0.0,9.0,2009.0,WD,Normal,11.984184555794167
4.394449154672439,RL,77.2,11333.0,IR1,Lvl,Corner,Mitchel,Norm,1Fam,SLvl,6.0,5.0,1976.0,1976.0,Gable,CompShg,HdBoard,HdBoard,BrkFace,0.0,TA,TA,PConc,Gd,TA,Av,ALQ,539.0,0.0,6.19644412779452,1029.0,GasA,TA,Y,SBrkr,0.0,-1.3877787807814457e-17,1062.0,1.0,0.0,1.0,0.0,3.0,0.6931471805599453,TA,Typ,2.0,TA,Attchd,RFn,2.0,TA,TA,Y,4.795790545596741,0.0,0.0,0.0,0.0,0.0,0.0,5.0,2007.0,WD,Normal,11.896833207128452
4.110873864173311,RL,92.0,9920.0,IR1,Lvl,CulDSac,NoRidge,Norm,1Fam,2Story,7.0,5.0,1996.0,1997.0,Gable,CompShg,MetalSd,MetalSd,BrkFace,0.0,Gd,TA,PConc,Gd,TA,Av,GLQ,862.0,0.0,5.545177444479562,1117.0,GasA,Ex,Y,SBrkr,6.787844982309579,-1.3877787807814457e-17,2013.0,1.0,0.0,2.0,1.0,3.0,0.6931471805599453,TA,Typ,1.0,TA,Attchd,Unf,2.0,TA,TA,Y,5.198497031265826,4.875197323201151,0.0,0.0,0.0,0.0,0.0,6.0,2007.0,WD,Normal,12.505402864156405
3.044522437723423,RL,76.0,9158.0,Reg,Lvl,Inside,Somerst,Norm,1Fam,1Story,8.0,5.0,2007.0,2007.0,Gable,CompShg,CemntBd,CmentBd,Stone,4.948759890378168,Gd,TA,PConc,Gd,TA,Av,Unf,0.0,0.0,7.311218384419629,1496.0,GasA,Ex,Y,SBrkr,0.0,-1.3877787807814457e-17,1496.0,0.0,0.0,2.0,0.0,3.0,0.6931471805599453,Gd,Typ,0.0,Gd,Attchd,Fin,2.0,TA,TA,Y,5.1298987149230735,4.875197323201151,0.0,0.0,0.0,0.0,0.0,6.0,2007.0,New,Partial,12.323860125621126
4.110873864173311,RL,69.0,10832.0,IR1,Lvl,Corner,Gilbert,Norm,1Fam,2Story,7.0,5.0,1994.0,1996.0,Gable,CompShg,MetalSd,MetalSd,BrkFace,0.0,Gd,TA,PConc,Gd,TA,No,Unf,0.0,0.0,6.569481420414296,712.0,GasA,Ex,Y,SBrkr,6.697034247666484,-1.3877787807814457e-17,1895.0,0.0,0.0,2.0,1.0,3.0,0.6931471805599453,Gd,Typ,1.0,TA,Attchd,Fin,2.0,TA,TA,Y,4.969813299576001,3.8501476017100584,0.0,0.0,0.0,0.0,6.2166061010848646,10.0,2008.0,WD,Normal,12.178192583415596
4.110873864173311,RL,70.0,8400.0,Reg,Lvl,Inside,SawyerW,Norm,1Fam,2Story,6.0,6.0,1980.0,1981.0,Gable,CompShg,HdBoard,HdBoard,BrkFace,4.875197323201151,TA,TA,CBlock,Gd,TA,No,Unf,0.0,0.0,6.478509642208569,650.0,GasA,TA,Y,SBrkr,6.517671272912275,-1.3877787807814457e-17,1564.0,0.0,0.0,2.0,1.0,3.0,0.6931471805599453,TA,Typ,1.0,TA,Attchd,Unf,2.0,TA,TA,Y,0.0,3.9318256327243257,0.0,0.0,5.3230099791384085,0.0,0.0,4.0,2010.0,WD,Normal,12.049424683420915
3.044522437723423,RL,71.0,8197.0,Reg,Lvl,Inside,Sawyer,Norm,1Fam,1Story,6.0,5.0,1977.0,1977.0,Gable,CompShg,Plywood,Plywood,BrkFace,5.003946305945458,TA,TA,CBlock,TA,TA,No,Unf,0.0,0.0,6.493753839851686,660.0,GasA,Ex,Y,SBrkr,0.0,-1.3877787807814457e-17,1285.0,0.0,0.0,1.0,1.0,3.0,0.6931471805599453,TA,Typ,1.0,TA,Attchd,RFn,2.0,TA,TA,Y,4.9344739331306915,0.0,0.0,0.0,0.0,0.0,0.0,4.0,2007.0,WD,Normal,11.874097282798648
3.044522437723423,RL,57.0,7677.0,Reg,Lvl,Inside,NAmes,Norm,1Fam,1Story,5.0,5.0,1953.0,1953.0,Gable,CompShg,VinylSd,VinylSd,BrkFace,0.0,TA,TA,CBlock,TA,TA,No,BLQ,570.0,0.0,5.318119993844216,773.0,GasA,Gd,Y,SBrkr,0.0,-1.3877787807814457e-17,773.0,0.0,0.0,1.0,0.0,2.0,0.6931471805599453,TA,Typ,0.0,Gd,Attchd,Unf,1.0,TA,TA,Y,0.0,0.0,0.0,0.0,0.0,0.0,0.0,4.0,2008.0,WD,Abnorml,11.608244735642321
4.110873864173311,RL,104.0,13518.0,Reg,Lvl,Inside,NridgHt,Norm,1Fam,2Story,9.0,5.0,2008.0,2009.0,Hip,CompShg,VinylSd,VinylSd,Stone,6.030685260261263,Ex,TA,PConc,Ex,TA,No,Unf,0.0,0.0,7.430410654501705,1926.0,GasA,Ex,Y,SBrkr,7.0690234265782586,-1.3877787807814457e-17,2747.625,0.0,0.0,3.0,1.0,4.0,0.6931471805599453,Ex,Typ,2.0,Gd,BuiltIn,Fin,3.0,TA,TA,Y,4.976733742420574,4.3694478524670215,0.0,0.0,0.0,0.0,0.0,7.0,2009.0,New,Partial,13.091906231773164
3.9318256327243257,RL,60.0,7200.0,Reg,Lvl,Corner,SWISU,Feedr,1Fam,1.5Fin,5.0,7.0,1937.0,1950.0,Gable,CompShg,Wd Sdng,Wd Sdng,BrkFace,5.53338948872752,TA,TA,BrkTil,Gd,TA,No,ALQ,569.0,0.0,5.093750200806762,731.0,GasA,Ex,Y,SBrkr,6.66949808985788,-1.3877787807814457e-17,1768.0,1.0,0.0,1.0,1.0,3.0,0.6931471805599453,Gd,Typ,2.0,TA,Detchd,Unf,1.0,TA,TA,Y,0.0,0.0,5.579729825986222,0.0,0.0,0.0,0.0,6.0,2007.0,WD,Normal,12.07254696717504
4.110873864173311,RL,79.0,12798.0,IR1,HLS,Inside,ClearCr,Feedr,1Fam,2Story,6.0,5.0,1997.0,1997.0,Gable,CompShg,VinylSd,VinylSd,BrkFace,0.0,TA,TA,PConc,Gd,TA,Gd,GLQ,462.0,0.0,5.043425116919247,616.0,GasA,Gd,Y,SBrkr,6.9782137426306985,-1.3877787807814457e-17,1688.0,1.0,0.0,2.0,1.0,4.0,0.6931471805599453,Gd,Typ,0.0,Gd,Attchd,RFn,2.0,TA,TA,Y,6.0014148779611505,4.74493212836325,5.225746673713202,0.0,0.0,0.0,5.993961427306569,5.0,2008.0,WD,Normal,12.206077645517674
3.4339872044851463,RM,40.0,4800.0,Reg,Lvl,Inside,IDOTRR,Norm,1Fam,1Story,4.0,7.0,1916.0,1990.0,Gable,CompShg,MetalSd,MetalSd,BrkFace,0.0,TA,TA,CBlock,TA,TA,No,LwQ,197.0,0.0,6.907755278982137,1196.0,GasA,Ex,Y,FuseA,0.0,-1.3877787807814457e-17,1196.0,1.0,0.0,1.0,0.0,2.0,0.6931471805599453,TA,Typ,0.0,Gd,Detchd,Unf,2.0,TA,TA,Y,0.0,0.0,0.0,0.0,0.0,0.0,0.0,7.0,2007.0,WD,Normal,11.60733523953139
4.110873864173311,RL,63.0,8199.0,Reg,Lvl,Inside,CollgCr,Norm,1Fam,2Story,7.0,5.0,2005.0,2005.0,Gable,CompShg,WdShing,Wd Shng,BrkFace,0.0,Gd,TA,PConc,Gd,TA,Av,GLQ,648.0,0.0,4.394449154672439,728.0,GasA,Ex,Y,SBrkr,6.591673732008658,-1.3877787807814457e-17,1456.0,1.0,0.0,2.0,1.0,3.0,0.6931471805599453,Gd,Typ,1.0,Gd,Attchd,Fin,2.0,TA,TA,Y,3.6109179126442243,2.9444389791664403,0.0,0.0,0.0,0.0,0.0,10.0,2008.0,WD,Normal,12.149507585033072
4.110873864173311,RL,107.0,13891.0,Reg,Lvl,Inside,NridgHt,Norm,1Fam,2Story,9.0,5.0,2008.0,2009.0,Hip,CompShg,VinylSd,VinylSd,Stone,6.030685260261263,Ex,TA,PConc,Ex,TA,Gd,Unf,0.0,0.0,7.430410654501705,1734.0,GasA,Ex,Y,SBrkr,6.99301512293296,-1.3877787807814457e-17,2747.625,0.0,0.0,3.0,1.0,4.0,0.6931471805599453,Ex,Typ,1.0,Gd,BuiltIn,RFn,3.0,TA,TA,Y,3.970291913552122,5.14166355650266,0.0,0.0,5.262690188904886,0.0,0.0,1.0,2009.0,New,Partial,13.275829251377
3.044522437723423,RL,75.0,9000.0,Reg,Lvl,Inside,NAmes,Norm,1Fam,1Story,5.0,5.0,1954.0,1954.0,Gable,CompShg,Wd Sdng,Wd Sdng,BrkFace,0.0,TA,TA,CBlock,TA,TA,No,LwQ,812.0,0.0,4.8283137373023015,936.0,GasA,TA,Y,SBrkr,0.0,-1.3877787807814457e-17,1128.0,0.0,0.0,1.0,0.0,2.0,0.6931471805599453,TA,Min1,0.0,Gd,Attchd,Unf,1.0,TA,TA,Y,0.0,0.0,0.0,0.0,0.0,0.0,0.0,6.0,2006.0,WD,Family,11.678448377988165
3.044522437723423,RL,91.0,12274.0,IR1,Lvl,FR2,Somerst,Norm,1Fam,1Story,7.0,5.0,2008.0,2008.0,Gable,CompShg,VinylSd,VinylSd,Stone,5.54907608489522,Gd,TA,PConc,Gd,TA,No,Unf,0.0,0.0,7.257002707092073,1417.0,GasA,Ex,Y,SBrkr,0.0,-1.3877787807814457e-17,1428.0,0.0,0.0,2.0,0.0,3.0,0.6931471805599453,Ex,Typ,0.0,Gd,Attchd,RFn,2.0,TA,TA,Y,0.0,4.110873864173311,0.0,0.0,0.0,0.0,0.0,7.0,2008.0,New,Partial,12.335700805443338
4.394449154672439,RL,75.0,9750.0,Reg,Lvl,Inside,NAmes,Norm,1Fam,SLvl,5.0,5.0,1967.0,1967.0,Gable,CompShg,VinylSd,VinylSd,BrkFace,0.0,TA,TA,PConc,TA,TA,Av,ALQ,400.0,6.17586727010576,4.61512051684126,980.0,GasA,Gd,Y,SBrkr,0.0,-1.3877787807814457e-17,980.0,0.0,0.0,2.0,0.0,3.0,0.6931471805599453,TA,Typ,0.0,Gd,Attchd,Fin,1.0,TA,TA,Y,4.23410650459726,0.0,0.0,0.0,0.0,0.0,0.0,10.0,2006.0,WD,Normal,11.816734299348461
4.2626798770413155,RL,111.5,17673.5,Reg,Lvl,Inside,BrkSide,Norm,1Fam,2Story,5.0,6.0,1923.0,2004.0,Gable,CompShg,Wd Sdng,Wd Sdng,BrkFace,0.0,TA,TA,CBlock,TA,TA,Gd,GLQ,1309.0,0.0,2.772588722239781,1324.0,GasA,Ex,Y,SBrkr,6.22455842927536,-1.3877787807814457e-17,1576.0,2.0,0.0,1.0,1.0,3.0,0.6931471805599453,Gd,Typ,1.0,TA,Attchd,RFn,2.0,TA,TA,Y,0.0,5.14166355650266,0.0,0.0,0.0,0.0,0.0,5.0,2009.0,WD,Normal,12.317171167298682
4.394449154672439,RL,85.0,13400.0,Reg,Lvl,Inside,NAmes,Norm,1Fam,SLvl,5.0,5.0,1966.0,1966.0,Gable,CompShg,VinylSd,VinylSd,BrkFace,6.030685260261263,TA,TA,CBlock,TA,TA,Av,ALQ,516.0,4.859812404361671,5.942799375126701,1024.0,GasA,TA,Y,SBrkr,0.0,-1.3877787807814457e-17,1086.0,1.0,0.0,1.0,0.0,3.0,0.6931471805599453,TA,Typ,1.0,Gd,Attchd,RFn,2.0,TA,TA,Y,0.0,0.0,0.0,0.0,0.0,0.0,0.0,6.0,2006.0,WD,Normal,11.982622797311857
4.330733340286331,RM,90.0,8100.0,Reg,Lvl,Corner,OldTown,Norm,1Fam,2.5Unf,5.0,5.0,1898.0,1965.0,Hip,CompShg,AsbShng,AsbShng,BrkFace,0.0,TA,TA,PConc,TA,TA,No,Unf,0.0,0.0,6.745236349484363,849.0,GasA,TA,N,FuseA,6.96979066990159,-1.3877787807814457e-17,2138.0,0.0,0.0,2.0,0.0,2.0,1.3862943611198906,TA,Typ,0.0,Gd,Detchd,Unf,2.0,Fa,Po,N,3.713572066704308,5.056245805348308,0.0,0.0,0.0,0.0,0.0,11.0,2009.0,WD,Normal,11.571203807011969
3.044522437723423,RL,78.0,10140.0,Reg,Lvl,Inside,NWAmes,Norm,1Fam,1Story,6.0,6.0,1974.0,1999.0,Hip,CompShg,HdBoard,HdBoard,BrkFace,4.605170185988092,TA,TA,CBlock,TA,TA,No,ALQ,663.0,5.934894195619588,0.0,1040.0,GasA,Fa,Y,SBrkr,0.0,-1.3877787807814457e-17,1309.0,1.0,0.0,1.0,1.0,3.0,0.6931471805599453,Gd,Typ,1.0,Fa,Attchd,RFn,2.0,TA,TA,Y,5.583496308781699,0.0,0.0,0.0,0.0,6.47543271670409,0.0,1.0,2006.0,WD,Normal,12.10625783509458
4.795790545596741,RM,40.8,4438.0,Reg,Lvl,Inside,CollgCr,Norm,TwnhsE,1Story,6.0,5.0,2004.0,2004.0,Gable,CompShg,VinylSd,VinylSd,BrkFace,5.135798437050262,Gd,TA,PConc,Gd,TA,Gd,GLQ,662.0,0.0,5.231108616854587,848.0,GasA,Ex,Y,SBrkr,0.0,-1.3877787807814457e-17,848.0,1.0,0.0,1.0,0.0,1.0,0.6931471805599453,Gd,Typ,1.0,Gd,Attchd,Fin,2.0,TA,TA,Y,4.948759890378168,0.0,0.0,0.0,0.0,0.0,0.0,6.0,2008.0,ConLD,Normal,11.881041706925902
3.044522437723423,C (all),66.0,8712.0,Reg,Bnk,Inside,IDOTRR,Norm,1Fam,1Story,5.0,5.0,1952.0,1952.0,Hip,CompShg,Wd Sdng,Wd Sdng,BrkFace,0.0,Fa,TA,CBlock,TA,TA,Av,Unf,0.0,0.0,6.293419278846481,540.0,GasA,TA,N,FuseA,0.0,-1.3877787807814457e-17,1044.0,0.0,0.0,1.0,0.0,2.0,0.6931471805599453,Fa,Typ,0.0,Gd,Basment,Unf,2.0,TA,TA,N,0.0,0.0,0.0,0.0,0.0,0.0,4.007333185232471,6.0,2010.0,WD,Alloca,10.932999821119937
3.044522437723423,RL,75.0,9750.0,Reg,Lvl,Inside,NAmes,Norm,1Fam,1Story,6.0,6.0,1958.0,1958.0,Gable,CompShg,MetalSd,MetalSd,BrkFace,5.497168225293202,TA,TA,CBlock,TA,TA,No,Rec,608.0,0.0,6.727431724850855,1442.0,GasA,Gd,Y,SBrkr,0.0,-1.3877787807814457e-17,1442.0,0.0,0.0,1.0,1.0,4.0,0.6931471805599453,TA,Typ,0.0,Gd,Attchd,RFn,1.0,TA,TA,Y,0.0,0.0,5.62040086571715,0.0,0.0,0.0,6.2166061010848646,4.0,2007.0,COD,Normal,11.969723533345908
3.9318256327243257,RL,45.0,8248.0,Reg,Lvl,Inside,Edwards,Norm,1Fam,1.5Fin,5.0,7.0,1918.0,1950.0,Gable,CompShg,Stucco,Stucco,BrkFace,0.0,TA,TA,BrkTil,TA,TA,No,Unf,0.0,0.0,6.532334292222349,686.0,GasW,Gd,Y,SBrkr,6.336825731146441,-1.3877787807814457e-17,1250.0,0.0,0.6931471805599452,1.0,1.0,3.0,0.6931471805599453,Fa,Typ,0.0,Gd,Detchd,Unf,1.0,TA,TA,P,5.337538079701318,0.0,4.574710978503382,0.0,0.0,0.0,0.0,7.0,2006.0,WD,Normal,11.661354090741
3.044522437723423,RL,48.0,12137.0,IR2,Lvl,CulDSac,CollgCr,Norm,1Fam,1Story,7.0,5.0,1998.0,1998.0,Gable,CompShg,VinylSd,VinylSd,BrkFace,6.030685260261263,TA,TA,PConc,Gd,TA,No,Unf,0.0,0.0,7.408530566894626,1649.0,GasA,Ex,Y,SBrkr,0.0,-1.3877787807814457e-17,1661.0,0.0,0.0,2.0,0.0,3.0,0.6931471805599453,Gd,Typ,0.0,Gd,Attchd,RFn,2.0,TA,TA,Y,0.0,3.5553480614894135,0.0,0.0,0.0,0.0,0.0,5.0,2010.0,WD,Normal,12.323415584358154
3.044522437723423,RL,64.0,11425.0,IR1,Lvl,Corner,NAmes,Norm,1Fam,1Story,5.0,6.0,1954.0,1954.0,Gable,CompShg,BrkFace,BrkFace,BrkFace,0.0,TA,TA,CBlock,TA,TA,No,BLQ,486.0,0.0,6.259581464064923,1008.0,GasA,Gd,Y,SBrkr,0.0,-1.3877787807814457e-17,1008.0,0.0,0.0,1.0,0.0,2.0,0.6931471805599453,TA,Typ,1.0,Gd,Attchd,RFn,1.0,TA,TA,Y,0.0,0.0,4.795790545596741,0.0,0.0,0.0,0.0,7.0,2006.0,WD,Normal,11.827743504053695
3.044522437723423,RL,75.6,13265.0,IR1,Lvl,CulDSac,Mitchel,Norm,1Fam,1Story,8.0,5.0,2002.0,2002.0,Hip,CompShg,CemntBd,CmentBd,BrkFace,5.003946305945458,Gd,TA,PConc,Gd,TA,No,GLQ,1218.0,0.0,5.860786223465865,1568.0,GasA,Ex,Y,SBrkr,0.0,-1.3877787807814457e-17,1689.0,1.0,0.0,2.0,0.0,3.0,0.6931471805599453,Gd,Typ,2.0,Gd,Attchd,RFn,3.0,TA,TA,Y,5.017279836814924,4.0943445622221,0.0,0.0,0.0,0.0,0.0,7.0,2008.0,WD,Normal,12.509877789891931
4.394449154672439,RL,80.0,8816.0,Reg,Lvl,Inside,ClearCr,Norm,1Fam,SLvl,6.0,7.0,1971.0,1971.0,Gable,CompShg,HdBoard,HdBoard,BrkFace,4.394449154672439,TA,TA,CBlock,TA,TA,Av,GLQ,504.0,0.0,6.2285110035911835,1010.0,GasA,Gd,Y,SBrkr,0.0,-1.3877787807814457e-17,1052.0,1.0,0.0,1.0,0.0,3.0,0.6931471805599453,TA,Typ,0.0,Gd,Attchd,Unf,2.0,TA,TA,Y,0.0,0.0,0.0,0.0,0.0,0.0,0.0,6.0,2010.0,WD,Normal,11.951186847493476
4.795790545596741,RL,44.0,6371.0,IR1,Lvl,Inside,NridgHt,Norm,TwnhsE,1Story,7.0,5.0,2009.0,2010.0,Gable,CompShg,VinylSd,VinylSd,Stone,4.859812404361672,Gd,TA,PConc,Gd,TA,Mn,GLQ,733.0,0.0,6.439350371100098,1358.0,GasA,Ex,Y,SBrkr,0.0,-1.3877787807814457e-17,1358.0,1.0,0.0,2.0,0.0,2.0,0.6931471805599453,Gd,Typ,1.0,Gd,Attchd,RFn,2.0,TA,TA,Y,5.262690188904886,3.58351893845611,0.0,0.0,0.0,0.0,0.0,6.0,2010.0,New,Partial,12.319405795112926
4.110873864173311,RL,72.0,7226.0,IR1,Lvl,CulDSac,CollgCr,Norm,1Fam,2Story,7.0,5.0,2003.0,2003.0,Gable,CompShg,VinylSd,VinylSd,BrkFace,0.0,Gd,TA,PConc,Gd,TA,No,Unf,0.0,0.0,6.683360945766275,798.0,GasA,Ex,Y,SBrkr,6.736966958001856,-1.3877787807814457e-17,1640.0,0.0,0.0,2.0,1.0,3.0,0.6931471805599453,Gd,Typ,0.0,Gd,Attchd,RFn,2.0,TA,TA,Y,0.0,3.828641396489095,0.0,0.0,0.0,0.0,0.0,6.0,2008.0,WD,Normal,12.117246896289503
3.044522437723423,RM,60.0,6000.0,Reg,Bnk,Inside,OldTown,Norm,2fmCon,1Story,4.0,4.0,1953.0,1953.0,Gable,CompShg,MetalSd,MetalSd,BrkFace,0.0,Fa,TA,CBlock,Fa,TA,No,Unf,0.0,0.0,6.842683282238422,936.0,GasA,TA,N,SBrkr,0.0,-1.3877787807814457e-17,936.0,0.0,0.0,1.0,0.0,2.0,0.6931471805599453,TA,Min2,0.0,Gd,Detchd,Unf,2.0,TA,TA,Y,0.0,3.4965075614664802,4.727387818712341,0.0,0.0,0.0,0.0,2.0,2009.0,WD,Normal,11.440365524765756
4.110873864173311,RL,59.2,12394.0,IR1,Lvl,Corner,Gilbert,Norm,1Fam,2Story,7.0,5.0,2003.0,2003.0,Gable,CompShg,VinylSd,VinylSd,BrkFace,0.0,Gd,TA,PConc,Gd,TA,Gd,Unf,0.0,0.0,6.742880635791903,847.0,GasA,Ex,Y,SBrkr,6.787844982309579,-1.3877787807814457e-17,1733.0,0.0,0.0,2.0,1.0,3.0,0.6931471805599453,Gd,Typ,1.0,Gd,BuiltIn,Fin,2.0,TA,TA,Y,4.61512051684126,3.8918202981106265,0.0,0.0,0.0,0.0,0.0,10.0,2007.0,WD,Family,12.323860125621126
3.9318256327243257,RL,60.0,9900.0,Reg,Lvl,Inside,SWISU,Norm,1Fam,1.5Fin,6.0,7.0,1940.0,1950.0,Gable,CompShg,VinylSd,VinylSd,BrkFace,0.0,TA,TA,BrkTil,TA,TA,No,Unf,0.0,0.0,6.658011045870748,778.0,GasA,TA,Y,SBrkr,6.302618975744905,-1.3877787807814457e-17,1489.0,0.0,0.0,2.0,0.0,3.0,0.6931471805599453,TA,Typ,1.0,Gd,Detchd,Unf,1.0,TA,TA,Y,5.817111159963204,0.0,0.0,0.0,0.0,0.0,0.0,7.0,2009.0,WD,Normal,11.845827048676645
3.044522437723423,FV,81.0,11216.0,Reg,Lvl,Inside,Somerst,Norm,1Fam,1Story,8.0,5.0,2006.0,2006.0,Gable,CompShg,VinylSd,VinylSd,BrkFace,0.0,Gd,TA,PConc,Gd,Gd,No,Unf,0.0,0.0,7.306531398939505,1489.0,GasA,Ex,Y,SBrkr,0.0,-1.3877787807814457e-17,1489.0,0.0,0.0,2.0,0.0,3.0,0.6931471805599453,Gd,Typ,1.0,Gd,Attchd,RFn,2.0,TA,TA,Y,0.0,4.948759890378168,0.0,0.0,0.0,0.0,0.0,6.0,2006.0,New,Partial,12.357079818283598
3.044522437723423,RL,111.5,14803.0,Reg,Lvl,Inside,NridgHt,PosN,1Fam,1Story,10.0,5.0,2007.0,2008.0,Hip,CompShg,CemntBd,CmentBd,BrkFace,6.030685260261263,Ex,TA,PConc,Ex,TA,Av,GLQ,1636.0,0.0,6.093569770045136,2052.0,GasA,Ex,Y,SBrkr,0.0,-1.3877787807814457e-17,2084.0,1.0,0.0,2.0,0.0,2.0,0.6931471805599453,Ex,Typ,1.0,Gd,Attchd,Fin,3.0,TA,TA,Y,5.241747015059643,3.828641396489095,0.0,0.0,0.0,0.0,0.0,6.0,2008.0,New,Partial,12.861001210669146
3.828641396489095,RM,50.0,6130.0,Reg,Lvl,Inside,BrkSide,Norm,1Fam,1.5Unf,5.0,6.0,1924.0,1950.0,Gable,CompShg,MetalSd,MetalSd,BrkFace,0.0,TA,TA,BrkTil,TA,TA,No,ALQ,784.0,0.0,0.0,784.0,GasA,Gd,Y,SBrkr,0.0,-1.3877787807814457e-17,784.0,1.0,0.0,1.0,0.0,2.0,0.6931471805599453,Gd,Typ,0.0,Gd,Attchd,Unf,-2.220446049250313e-16,TA,TA,Y,0.0,0.0,4.762173934797756,0.0,0.0,0.0,0.0,5.0,2008.0,WD,Normal,11.603688960617083
3.044522437723423,RL,65.0,8529.0,IR1,Lvl,Inside,SawyerW,Norm,1Fam,1Story,7.0,5.0,2001.0,2001.0,Gable,CompShg,VinylSd,VinylSd,BrkFace,0.0,Gd,TA,PConc,Gd,TA,No,GLQ,20.0,0.0,7.268920128193722,1454.0,GasA,Ex,Y,SBrkr,0.0,-1.3877787807814457e-17,1434.0,0.0,0.0,2.0,0.0,3.0,0.6931471805599453,Gd,Typ,1.0,TA,Attchd,RFn,2.0,TA,TA,Y,5.673323267171493,3.6888794541139363,0.0,0.0,0.0,0.0,0.0,4.0,2009.0,WD,Normal,12.149507585033072
4.110873864173311,RL,65.5,17673.5,IR2,Low,CulDSac,ClearCr,Norm,1Fam,2Story,5.0,5.0,1967.0,1967.0,Flat,Tar&Grv,Plywood,Plywood,BrkFace,0.0,TA,TA,PConc,TA,Gd,Gd,LwQ,249.0,6.639875833826535,0.0,1013.0,GasA,TA,Y,SBrkr,6.874198495453294,-1.3877787807814457e-17,2126.0,0.0,0.6931471805599452,2.0,1.0,3.0,0.6931471805599453,TA,Min2,0.0,Gd,Attchd,Fin,2.0,TA,TA,Y,6.042632833682381,0.0,0.0,0.0,5.420534999272286,0.0,0.0,6.0,2009.0,WD,Abnorml,12.128116509451258
4.983606621708336,FV,27.500000000000007,2544.0,Reg,Lvl,Inside,Somerst,Norm,Twnhs,2Story,7.0,5.0,2005.0,2005.0,Gable,CompShg,MetalSd,MetalSd,BrkFace,0.0,Gd,TA,PConc,Gd,TA,No,Unf,0.0,0.0,6.398594934535208,600.0,GasA,Ex,Y,SBrkr,6.436150368369429,4.394449154672439,1223.0,0.0,0.0,2.0,1.0,2.0,0.6931471805599453,Gd,Typ,0.0,Gd,Detchd,RFn,2.0,TA,TA,Y,0.0,5.117993812416755,0.0,0.0,0.0,0.0,0.0,7.0,2006.0,WD,Normal,11.900912042974875
3.044522437723423,RL,80.0,11900.0,IR1,Lvl,Corner,NAmes,Norm,1Fam,1Story,6.0,5.0,1957.0,1957.0,Gable,CompShg,HdBoard,HdBoard,BrkFace,5.961005339623274,TA,TA,CBlock,TA,TA,No,Rec,1040.0,0.0,5.8664680569332965,1392.0,GasA,TA,Y,FuseA,0.0,-1.3877787807814457e-17,1392.0,1.0,0.0,1.0,1.0,3.0,0.6931471805599453,TA,Typ,2.0,Gd,Attchd,RFn,2.0,TA,TA,Y,0.0,0.0,0.0,0.0,5.262690188904886,0.0,0.0,6.0,2008.0,WD,Normal,12.019749091416921
4.983606621708336,FV,30.0,3180.0,Reg,Lvl,Inside,Somerst,Norm,TwnhsE,2Story,7.0,5.0,2005.0,2005.0,Gable,CompShg,MetalSd,MetalSd,BrkFace,0.0,TA,TA,PConc,Gd,TA,No,Unf,0.0,0.0,6.398594934535208,600.0,GasA,Ex,Y,SBrkr,6.398594934535208,4.394449154672439,1200.0,0.0,0.0,2.0,1.0,2.0,0.6931471805599453,Gd,Typ,0.0,Gd,Detchd,RFn,2.0,TA,TA,Y,0.0,5.117993812416755,0.0,0.0,0.0,0.0,0.0,6.0,2006.0,WD,Normal,11.92504173829169
4.110873864173311,RL,44.0,9548.0,IR1,Lvl,CulDSac,CollgCr,Norm,1Fam,2Story,7.0,6.0,2003.0,2003.0,Gable,CompShg,VinylSd,VinylSd,BrkFace,5.4116460518550396,Gd,TA,PConc,Gd,TA,No,GLQ,483.0,0.0,6.129050210060545,941.0,GasA,Ex,Y,SBrkr,6.790097235513905,-1.3877787807814457e-17,1829.0,1.0,0.0,2.0,1.0,3.0,0.6931471805599453,Gd,Typ,1.0,TA,Attchd,RFn,2.0,TA,TA,Y,5.262690188904886,3.6888794541139363,0.0,0.0,0.0,0.0,0.0,1.0,2010.0,WD,Normal,12.37581963951765
3.044522437723423,RL,100.0,10004.0,Reg,Lvl,Inside,NAmes,Norm,1Fam,1Story,6.0,6.0,1964.0,1964.0,Gable,CompShg,HdBoard,Plywood,BrkFace,5.198497031265826,TA,TA,CBlock,TA,TA,No,Rec,195.99999999999997,5.846438775057724,6.883462586413092,1516.0,GasA,TA,Y,SBrkr,0.0,-1.3877787807814457e-17,1516.0,0.0,0.0,1.0,1.0,3.0,0.6931471805599453,TA,Typ,0.0,Gd,Attchd,RFn,2.0,TA,TA,Y,0.0,0.0,0.0,0.0,5.030437921392435,0.0,0.0,2.0,2009.0,WD,Normal,12.025755079404917
3.044522437723423,RL,75.0,7875.0,Reg,Lvl,Inside,NAmes,Norm,1Fam,1Story,5.0,6.0,1961.0,1961.0,Gable,CompShg,VinylSd,VinylSd,BrkFace,4.919980925828125,TA,TA,CBlock,TA,TA,No,Rec,572.0,0.0,6.35088571671474,1144.0,GasA,Gd,Y,SBrkr,0.0,-1.3877787807814457e-17,1144.0,1.0,0.0,1.0,0.0,3.0,0.6931471805599453,TA,Typ,0.0,Gd,Attchd,Unf,2.0,TA,TA,Y,0.0,0.0,0.0,0.0,0.0,0.0,0.0,9.0,2008.0,WD,Normal,11.849047640327147
3.044522437723423,RL,60.0,9600.0,Reg,Lvl,Inside,Sawyer,Norm,1Fam,1Story,4.0,7.0,1950.0,1995.0,Gable,CompShg,VinylSd,HdBoard,BrkFace,0.0,TA,TA,CBlock,Gd,TA,No,BLQ,442.0,0.0,6.439350371100098,1067.0,GasA,TA,Y,SBrkr,0.0,-1.3877787807814457e-17,1067.0,0.0,0.0,2.0,0.0,2.0,0.6931471805599453,Gd,Min2,0.0,Gd,Attchd,Unf,2.0,TA,TA,Y,5.673323267171493,0.0,0.0,0.0,0.0,0.0,0.0,2.0,2010.0,WD,Normal,11.759793355371237
3.4339872044851463,RM,90.0,8100.0,Reg,Lvl,Inside,OldTown,Norm,1Fam,1Story,5.0,6.0,1948.0,1973.0,Gable,CompShg,VinylSd,VinylSd,BrkFace,0.0,TA,TA,BrkTil,TA,TA,No,Rec,338.0,0.0,7.108244139731541,1559.0,GasA,Gd,Y,SBrkr,0.0,-1.3877787807814457e-17,1559.0,1.0,0.0,1.0,0.0,2.0,0.6931471805599453,TA,Min2,0.0,Gd,Detchd,Unf,2.0,TA,TA,Y,0.0,4.762173934797756,5.442417710521793,0.0,0.0,0.0,0.0,6.0,2007.0,COD,Normal,11.941462360646149
4.983606621708336,RM,27.500000000000007,1679.999999999999,Reg,Lvl,Inside,BrDale,Norm,Twnhs,2Story,6.0,5.0,1973.0,1973.0,Gable,CompShg,HdBoard,HdBoard,BrkFace,5.0689042022202315,TA,TA,CBlock,TA,TA,No,BLQ,330.0,0.0,5.0369526024136295,483.0,GasA,TA,Y,SBrkr,6.22455842927536,-1.3877787807814457e-17,987.0,1.0,0.0,1.0,1.0,2.0,0.6931471805599453,TA,Typ,0.0,Gd,Detchd,Unf,1.0,TA,TA,Y,0.0,0.0,0.0,0.0,0.0,0.0,0.0,11.0,2008.0,WD,Normal,11.51293546492023
3.044522437723423,RL,75.0,9525.0,Reg,Lvl,Inside,CollgCr,Norm,1Fam,1Story,5.0,6.0,1995.0,2006.0,Gable,CompShg,VinylSd,VinylSd,BrkFace,0.0,TA,TA,PConc,Gd,TA,No,Unf,0.0,0.0,7.003065458786462,1099.0,GasA,Ex,Y,SBrkr,0.0,-1.3877787807814457e-17,1099.0,0.0,0.0,1.0,1.0,3.0,0.6931471805599453,Gd,Typ,0.0,Gd,Attchd,Unf,1.0,TA,TA,Y,5.631211781821365,0.0,0.0,0.0,0.0,0.0,0.0,6.0,2008.0,WD,Normal,11.87757552297847
3.9318256327243257,RL,70.0,11767.0,Reg,Lvl,Inside,Edwards,Norm,1Fam,1.5Fin,5.0,6.0,1946.0,1995.0,Gable,CompShg,MetalSd,MetalSd,BrkFace,0.0,TA,TA,CBlock,TA,TA,No,BLQ,352.0,0.0,6.0330862217988015,768.0,GasA,Ex,Y,SBrkr,6.07073772800249,-1.3877787807814457e-17,1200.0,0.0,0.0,1.0,0.0,3.0,0.6931471805599453,TA,Typ,0.0,Gd,Detchd,Unf,1.0,TA,TA,Y,0.0,0.0,0.0,0.0,0.0,0.0,0.0,5.0,2008.0,WD,Normal,11.779136168550774
4.2626798770413155,RH,60.6,12155.0,IR1,Lvl,Inside,SWISU,Norm,1Fam,2Story,6.0,7.5,1925.0,1950.0,Gable,CompShg,Wd Sdng,Wd Sdng,BrkFace,0.0,TA,TA,BrkTil,TA,TA,No,BLQ,156.0,0.0,6.248042874508429,672.0,GasA,TA,N,SBrkr,6.511745329644728,-1.3877787807814457e-17,1482.0,0.0,0.0,2.0,0.0,4.0,0.6931471805599453,Fa,Typ,0.0,Gd,Detchd,Unf,1.0,TA,TA,P,0.0,0.0,5.541263545158426,0.0,0.0,0.0,0.0,2.9999999999999996,2008.0,WD,Normal,11.849404844423074
4.2626798770413155,RM,60.0,10440.0,Reg,Lvl,Inside,OldTown,Norm,1Fam,2Story,5.0,7.5,1904.0,2002.0,Gable,CompShg,MetalSd,MetalSd,BrkFace,0.0,TA,TA,PConc,TA,TA,No,Unf,0.0,0.0,6.478509642208569,650.0,GasA,Gd,Y,SBrkr,6.366470447731437,-1.3877787807814457e-17,1539.0,0.0,0.0,2.0,0.0,3.0,0.6931471805599453,Gd,Typ,1.0,Po,Detchd,Unf,2.0,Gd,TA,P,4.2626798770413155,4.3694478524670215,4.23410650459726,0.0,0.0,0.0,0.0,6.0,2008.0,WD,Normal,11.967187086434018
4.394449154672439,RL,82.0,9020.0,Reg,Lvl,Inside,NAmes,Norm,1Fam,SLvl,6.0,7.0,1966.0,1966.0,Gable,CompShg,HdBoard,HdBoard,BrkFace,5.214935757608986,TA,TA,CBlock,TA,TA,Gd,Rec,312.0,6.2915691395583195,5.6240175061873385,1127.0,GasA,TA,Y,SBrkr,0.0,-1.3877787807814457e-17,1165.0,1.0,0.0,1.0,1.0,3.0,0.6931471805599453,TA,Typ,0.0,Gd,Attchd,RFn,2.0,Gd,Gd,Y,0.0,4.867534450455582,0.0,0.0,0.0,0.0,0.0,5.0,2008.0,WD,Normal,12.071975378543236
4.51085950651685,RL,80.0,8000.0,Reg,Lvl,Corner,NAmes,Artery,Duplex,1Story,5.0,4.0,1961.0,1961.0,Gable,CompShg,BrkFace,BrkFace,BrkFace,0.0,TA,TA,CBlock,TA,TA,No,Unf,0.0,0.0,7.430410654501705,1800.0,GasA,Ex,N,SBrkr,0.0,-1.3877787807814457e-17,1800.0,0.0,0.0,2.0,0.0,4.5,1.0986122886681098,TA,Typ,0.0,Gd,Attchd,Unf,-2.220446049250313e-16,TA,TA,Y,0.0,0.0,0.0,0.0,0.0,0.0,0.0,7.0,2007.0,WD,Normal,11.856522261533737
3.9318256327243257,RM,100.0,12665.0,IR1,Lvl,Inside,OldTown,Artery,1Fam,1.5Fin,5.0,7.5,1915.0,1950.0,Gable,CompShg,Wd Sdng,Wd Sdng,BrkFace,0.0,TA,TA,BrkTil,TA,TA,Mn,Unf,0.0,0.0,6.776506992372183,876.0,GasA,Gd,Y,SBrkr,6.293419278846481,-1.3877787807814457e-17,1416.0,0.0,0.0,1.0,1.0,4.0,0.6931471805599453,TA,Typ,1.0,Gd,Detchd,Unf,3.0,TA,TA,Y,6.037870919922137,0.0,5.272999558563747,0.0,0.0,0.0,0.0,6.0,2008.0,WD,Normal,11.944064817531656
4.454347296253507,RL,87.0,16647.0,IR1,Lvl,CulDSac,Sawyer,RRAe,1Fam,SFoyer,5.0,5.0,1975.0,1981.0,Gable,CompShg,HdBoard,HdBoard,BrkFace,0.0,TA,TA,CBlock,Gd,TA,Gd,ALQ,1390.0,0.0,0.0,1390.0,GasA,TA,Y,SBrkr,0.0,-1.3877787807814457e-17,1701.0,1.0,0.0,2.0,0.0,3.0,0.6931471805599453,TA,Min2,2.0,TA,Basment,Fin,2.0,TA,TA,Y,0.0,0.0,0.0,0.0,0.0,0.0,0.0,1.0,2007.0,WD,Normal,12.049424683420915
4.110873864173311,RL,75.0,9317.0,Reg,Lvl,Inside,SawyerW,Norm,1Fam,2Story,7.0,5.0,1993.0,1993.0,Gable,CompShg,HdBoard,HdBoard,BrkFace,4.927253685157205,Gd,TA,PConc,Gd,TA,No,ALQ,513.0,0.0,5.429345628954441,740.0,GasA,Ex,Y,SBrkr,6.646390514847729,-1.3877787807814457e-17,1775.0,1.0,0.0,2.0,1.0,3.0,0.6931471805599453,Gd,Typ,1.0,TA,Attchd,Unf,2.0,TA,TA,Y,5.459585514144159,4.290459441148391,5.262690188904886,0.0,0.0,0.0,0.0,7.0,2009.0,WD,Normal,12.269052139516223
3.044522437723423,RL,36.0,15523.0,IR1,Lvl,CulDSac,CollgCr,Norm,1Fam,1Story,5.0,6.0,1972.0,1972.0,Gable,CompShg,HdBoard,Plywood,BrkFace,0.0,TA,TA,CBlock,TA,TA,Av,BLQ,460.0,0.0,6.003887067106539,864.0,GasA,Ex,Y,SBrkr,0.0,-1.3877787807814457e-17,864.0,1.0,0.0,1.0,0.0,3.0,0.6931471805599453,TA,Typ,1.0,Fa,Attchd,Unf,1.0,TA,TA,Y,0.0,0.0,0.0,0.0,0.0,0.0,0.0,8.0,2009.0,WD,Normal,11.80186424743109
3.9318256327243257,RL,75.0,17673.5,IR2,Bnk,Inside,ClearCr,Norm,1Fam,1.5Fin,6.0,7.5,1908.0,1997.0,Gable,CompShg,Wd Sdng,Wd Sdng,BrkFace,0.0,TA,TA,BrkTil,TA,TA,No,Unf,0.0,0.0,6.811244378601294,907.0,GasA,TA,Y,SBrkr,6.958448393297655,-1.3877787807814457e-17,2358.0,0.0,0.0,3.0,0.0,4.5,0.6931471805599453,TA,Typ,1.0,Gd,Detchd,Unf,2.0,Fa,TA,Y,6.042632833682381,3.713572066704308,0.0,0.0,5.170483995038151,0.0,0.0,9.0,2008.0,WD,Normal,12.388398368982115
4.394449154672439,RL,80.0,9600.0,Reg,Lvl,FR2,Veenker,Feedr,1Fam,SLvl,6.0,7.0,1976.0,1994.0,Hip,CompShg,Plywood,Plywood,BrkFace,5.8888779583328805,Gd,Gd,CBlock,TA,TA,No,Unf,0.0,0.0,6.270988431858299,528.0,GasA,Ex,Y,SBrkr,6.635946555686647,-1.3877787807814457e-17,1855.0,0.0,0.0,2.0,1.0,3.0,0.6931471805599453,TA,Typ,1.0,TA,Attchd,RFn,2.0,TA,TA,Y,4.736198448394496,4.61512051684126,0.0,0.0,0.0,0.0,0.0,8.0,2007.0,WD,Normal,12.138869243416009
4.795790545596741,RM,36.0,4435.0,Reg,Lvl,Inside,CollgCr,Norm,TwnhsE,1Story,6.0,5.0,2003.0,2003.0,Gable,CompShg,VinylSd,VinylSd,BrkFace,5.14166355650266,Gd,TA,PConc,Gd,TA,Av,GLQ,659.0,0.0,5.247024072160486,848.0,GasA,Ex,Y,SBrkr,0.0,-1.3877787807814457e-17,848.0,1.0,0.0,1.0,0.0,1.0,0.6931471805599453,Gd,Typ,0.0,Gd,Attchd,Fin,2.0,TA,TA,Y,4.948759890378168,0.0,0.0,0.0,0.0,0.0,0.0,11.0,2007.0,WD,Normal,11.78676973513378
4.795790545596741,RL,41.599999999999994,3196.0,Reg,Lvl,Inside,Blmngtn,Norm,TwnhsE,1Story,8.0,5.0,2003.0,2003.0,Gable,CompShg,VinylSd,VinylSd,BrkFace,3.713572066704308,Gd,TA,PConc,Gd,TA,Gd,Unf,0.0,0.0,7.149916836132109,1273.0,GasA,Ex,Y,SBrkr,0.0,-1.3877787807814457e-17,1456.0,0.0,0.0,2.0,0.0,2.0,0.6931471805599453,Gd,Typ,1.0,TA,Attchd,Fin,2.0,TA,TA,Y,4.969813299576001,3.044522437723423,0.0,0.0,0.0,0.0,0.0,5.0,2006.0,WD,Normal,12.278397958261774
4.330733340286331,RL,53.0,7128.0,Reg,Lvl,Inside,Crawfor,Norm,1Fam,2.5Unf,7.0,5.0,1941.0,1950.0,Gable,CompShg,MetalSd,MetalSd,BrkFace,0.0,TA,Gd,CBlock,TA,TA,No,Rec,364.0,0.0,6.318968113746434,918.0,GasA,Gd,Y,SBrkr,6.591673732008658,-1.3877787807814457e-17,1646.0,0.0,0.0,2.0,0.0,4.0,0.6931471805599453,TA,Typ,2.0,Gd,Detchd,Unf,1.0,TA,TA,Y,0.0,0.0,0.0,0.0,4.844187086458591,0.0,0.0,8.0,2007.0,WD,Normal,12.00762780434872
4.394449154672439,RL,75.6,12095.0,IR1,Lvl,Corner,NAmes,Norm,1Fam,SLvl,6.0,6.0,1964.0,1964.0,Gable,CompShg,MetalSd,HdBoard,BrkFace,4.753590191106365,TA,Gd,CBlock,TA,TA,Gd,Rec,564.0,0.0,6.335054251498059,1127.0,GasA,TA,Y,SBrkr,0.0,-1.3877787807814457e-17,1445.0,0.0,0.0,1.0,1.0,3.0,0.6931471805599453,TA,Typ,1.0,Fa,Attchd,RFn,2.0,TA,TA,Y,5.198497031265826,0.0,0.0,0.0,0.0,0.0,0.0,8.0,2009.0,WD,Normal,11.970356641102999
3.044522437723423,RL,102.0,17673.5,Reg,Lvl,Inside,Sawyer,Norm,1Fam,1Story,5.0,4.0,1955.0,1974.0,Hip,CompShg,Wd Sdng,Plywood,BrkFace,0.0,TA,TA,CBlock,TA,TA,Mn,ALQ,306.0,6.99025650049388,5.921578419643816,1763.0,GasA,TA,Y,SBrkr,0.0,-1.3877787807814457e-17,1779.0,1.0,0.0,1.0,1.0,3.0,0.6931471805599453,TA,Typ,1.0,Gd,Attchd,Unf,2.0,TA,TA,Y,0.0,5.14166355650266,0.0,0.0,5.746203190540153,0.0,0.0,7.0,2006.0,WD,Abnorml,12.04355959836804
3.044522437723423,RL,60.6,6897.0,IR1,Lvl,Corner,Sawyer,Norm,1Fam,1Story,5.0,7.5,1962.0,2010.0,Gable,CompShg,HdBoard,HdBoard,BrkFace,0.0,TA,Gd,CBlock,TA,TA,No,ALQ,659.0,0.0,5.945420608606575,1040.0,GasA,Ex,Y,SBrkr,0.0,-1.3877787807814457e-17,1040.0,1.0,0.0,1.0,1.0,3.0,0.6931471805599453,TA,Typ,0.0,Gd,Detchd,Unf,1.0,TA,TA,Y,0.0,4.653960350157523,0.0,0.0,0.0,0.0,0.0,4.0,2010.0,WD,Normal,11.751950239425476
4.394449154672439,RL,77.0,10970.0,IR1,Low,Inside,CollgCr,Norm,1Fam,SLvl,6.0,6.0,1978.0,1978.0,Gable,CompShg,Plywood,HdBoard,BrkFace,0.0,TA,TA,CBlock,Gd,Gd,Gd,GLQ,505.0,6.077642243349034,0.0,940.0,GasA,TA,Y,SBrkr,0.0,-1.3877787807814457e-17,1026.0,1.0,0.0,1.0,0.0,3.0,0.6931471805599453,TA,Typ,0.0,Gd,Detchd,Unf,2.0,TA,Fa,Y,0.0,0.0,3.5553480614894135,0.0,0.0,0.0,0.0,10.0,2008.0,WD,Normal,11.898194668458823
4.110873864173311,RL,65.0,8125.0,Reg,Lvl,Inside,Gilbert,Norm,1Fam,2Story,6.0,5.0,1994.0,1995.0,Gable,CompShg,HdBoard,HdBoard,BrkFace,0.0,TA,TA,PConc,Gd,TA,No,Unf,0.0,0.0,6.555356891810665,702.0,GasA,Gd,Y,SBrkr,6.659293919683638,-1.3877787807814457e-17,1481.0,0.0,0.0,2.0,1.0,3.0,0.6931471805599453,TA,Typ,1.0,TA,Attchd,Fin,2.0,TA,TA,Y,0.0,3.6109179126442243,0.0,0.0,0.0,0.0,0.0,2.9999999999999996,2009.0,WD,Normal,12.066816325306588
3.044522437723423,RL,80.0,10400.0,Reg,Lvl,Inside,NWAmes,Norm,1Fam,1Story,7.0,5.0,1976.0,1976.0,Gable,CompShg,HdBoard,HdBoard,BrkFace,5.247024072160486,TA,TA,CBlock,Gd,TA,No,Unf,0.0,0.0,6.994849985833071,1090.0,GasA,TA,Y,SBrkr,0.0,-1.3877787807814457e-17,1370.0,0.0,0.0,2.0,0.0,3.0,0.6931471805599453,TA,Typ,1.0,TA,Attchd,RFn,2.0,TA,TA,Y,0.0,0.0,0.0,0.0,0.0,0.0,0.0,6.0,2009.0,WD,Family,11.931642378754141
4.110873864173311,RL,82.6,11029.0,IR1,Lvl,Corner,NWAmes,PosA,1Fam,2Story,6.0,7.0,1968.0,1984.0,Gable,CompShg,HdBoard,HdBoard,BrkFace,5.398162701517752,TA,TA,CBlock,TA,TA,Mn,BLQ,619.0,0.0,6.077642243349034,1054.0,GasA,TA,Y,SBrkr,7.041411663794809,-1.3877787807814457e-17,2654.0,1.0,0.0,2.0,1.0,4.0,0.6931471805599453,Gd,Typ,1.0,Gd,Attchd,Unf,2.0,TA,TA,Y,0.0,4.189654742026425,0.0,0.0,5.407171771460119,0.0,0.0,8.0,2006.0,WD,Normal,12.429220196836383
3.9318256327243257,RL,55.0,7642.0,Reg,Lvl,Corner,Crawfor,Norm,1Fam,1.5Fin,7.0,7.5,1918.0,1998.0,Gable,CompShg,Wd Sdng,Wd Sdng,BrkFace,0.0,Gd,TA,BrkTil,TA,TA,No,Unf,0.0,0.0,6.816735880594968,912.0,GasA,Gd,Y,SBrkr,6.244166900663736,-1.3877787807814457e-17,1426.0,0.0,0.0,1.0,1.0,3.0,0.6931471805599453,Gd,Typ,1.0,Gd,Detchd,Unf,1.0,TA,TA,Y,0.0,5.14166355650266,0.0,0.0,0.0,0.0,0.0,6.0,2007.0,WD,Normal,12.154521423145216
4.983606621708336,RL,75.0,11625.0,Reg,Lvl,Inside,Sawyer,Norm,2fmCon,1Story,5.0,4.0,1965.0,1965.0,Hip,CompShg,Plywood,HdBoard,BrkFace,0.0,TA,TA,PConc,TA,TA,Mn,BLQ,841.0,0.0,5.293304824724492,1039.0,GasA,Ex,Y,SBrkr,0.0,-1.3877787807814457e-17,1039.0,1.0,0.0,1.0,1.0,3.0,0.6931471805599453,TA,Typ,0.0,Gd,Attchd,Unf,2.0,TA,TA,Y,0.0,0.0,0.0,0.0,0.0,0.0,0.0,4.0,2010.0,WD,Normal,11.78676973513378
3.044522437723423,RL,81.0,9672.0,Reg,Lvl,Corner,SawyerW,Norm,1Fam,1Story,6.0,5.0,1984.0,1985.0,Hip,CompShg,HdBoard,Plywood,BrkFace,0.0,TA,TA,PConc,Gd,TA,No,GLQ,338.0,0.0,6.555356891810665,1040.0,GasA,TA,Y,SBrkr,0.0,-1.3877787807814457e-17,1097.0,0.0,0.0,2.0,0.0,3.0,0.6931471805599453,TA,Typ,0.0,Gd,Attchd,Unf,2.0,TA,TA,Y,0.0,0.0,0.0,0.0,0.0,0.0,0.0,5.0,2010.0,WD,Normal,11.931642378754141
3.044522437723423,RL,70.0,7931.0,Reg,Lvl,Inside,NAmes,Norm,1Fam,1Story,5.0,5.0,1959.0,1959.0,Hip,CompShg,BrkFace,Plywood,BrkFace,0.0,TA,TA,CBlock,TA,TA,No,BLQ,1148.0,0.0,0.0,1148.0,GasA,TA,Y,SBrkr,0.0,-1.3877787807814457e-17,1148.0,1.0,0.0,1.0,0.0,3.0,0.6931471805599453,TA,Typ,0.0,Gd,Attchd,Unf,1.0,TA,TA,Y,0.0,0.0,0.0,0.0,0.0,0.0,0.0,7.0,2009.0,WD,Normal,11.794345471549745
3.044522437723423,FV,72.0,8640.0,Reg,Lvl,Inside,Somerst,Norm,1Fam,1Story,7.0,5.0,2007.0,2008.0,Gable,CompShg,VinylSd,VinylSd,BrkFace,0.0,Gd,TA,PConc,Ex,TA,No,Unf,0.0,0.0,7.224753405767971,1372.0,GasA,Ex,Y,SBrkr,0.0,-1.3877787807814457e-17,1372.0,0.0,0.0,2.0,0.0,3.0,0.6931471805599453,Gd,Typ,0.0,Gd,Attchd,Fin,2.0,TA,TA,Y,0.0,4.948759890378168,0.0,0.0,0.0,0.0,0.0,5.0,2008.0,New,Partial,12.43153750053306
3.044522437723423,RL,71.4,8750.0,IR1,Lvl,Inside,NAmes,Norm,1Fam,1Story,5.0,6.0,1970.0,1970.0,Gable,CompShg,MetalSd,MetalSd,BrkFace,4.343805421853684,TA,TA,CBlock,TA,TA,No,BLQ,828.0,0.0,5.1647859739235145,1002.0,GasA,TA,Y,SBrkr,0.0,-1.3877787807814457e-17,1002.0,1.0,0.0,1.0,0.0,3.0,0.6931471805599453,TA,Typ,0.0,Gd,Detchd,Unf,2.0,TA,TA,Y,0.0,0.0,0.0,0.0,0.0,0.0,0.0,8.0,2009.0,WD,Normal,11.908346971208951
3.044522437723423,RL,67.0,10656.0,IR1,HLS,Inside,Timber,Norm,1Fam,1Story,8.0,5.0,2006.0,2007.0,Gable,CompShg,VinylSd,VinylSd,Stone,5.616771097666572,Gd,TA,PConc,Gd,TA,Av,Unf,0.0,0.0,7.40184157874383,1638.0,GasA,Ex,Y,SBrkr,0.0,-1.3877787807814457e-17,1646.0,0.0,0.0,2.0,0.0,3.0,0.6931471805599453,Gd,Typ,1.0,Gd,Attchd,RFn,3.0,TA,TA,Y,5.262690188904886,4.394449154672439,0.0,0.0,0.0,0.0,0.0,11.0,2007.0,New,Partial,12.424810506025395
3.044522437723423,RL,85.0,6970.0,Reg,Lvl,Corner,Sawyer,Feedr,1Fam,1Story,4.0,5.0,1961.0,1961.0,Gable,CompShg,VinylSd,VinylSd,BrkFace,0.0,TA,TA,CBlock,TA,TA,No,ALQ,932.0,0.0,4.6913478822291435,1040.0,GasA,TA,Y,SBrkr,0.0,-1.3877787807814457e-17,1120.0,1.0,0.0,1.0,1.0,3.0,0.6931471805599453,Fa,Typ,0.0,Gd,Attchd,RFn,2.0,TA,TA,Y,5.1298987149230735,0.0,0.0,0.0,0.0,0.0,5.993961427306569,5.0,2007.0,WD,Normal,11.767575435251748
4.110873864173311,RL,67.8,14762.0,IR2,Lvl,Corner,Gilbert,Feedr,1Fam,2Story,5.0,6.0,1948.0,1950.0,Gable,CompShg,Plywood,Plywood,BrkFace,0.0,TA,TA,Slab,TA,TA,No,Unf,0.0,0.0,0.0,42.0,GasA,Gd,Y,SBrkr,6.580639137284949,3.988984046564274,2320.0,0.0,0.0,2.0,0.0,2.0,0.6931471805599453,TA,Typ,1.0,TA,Attchd,Unf,2.0,TA,TA,P,4.795790545596741,4.976733742420574,0.0,0.0,0.0,0.0,0.0,5.0,2006.0,WD,Normal,12.037659911047468
4.110873864173311,RL,80.0,9938.0,Reg,Lvl,Inside,SawyerW,Norm,1Fam,2Story,7.0,5.0,1993.0,1994.0,Gable,CompShg,MetalSd,MetalSd,BrkFace,5.5093883366279774,Gd,TA,PConc,Gd,TA,No,GLQ,750.0,0.0,5.707110264748875,1050.0,GasA,Ex,Y,SBrkr,6.788971742992169,-1.3877787807814457e-17,1949.0,1.0,0.0,2.0,1.0,3.0,0.6931471805599453,Gd,Typ,1.0,TA,Attchd,Fin,2.0,TA,TA,Y,5.056245805348308,4.51085950651685,0.0,0.0,0.0,0.0,0.0,6.0,2010.0,WD,Normal,12.371591321286905
3.044522437723423,RL,60.0,6600.0,Reg,Lvl,Inside,NAmes,PosN,1Fam,1Story,5.0,5.0,1962.0,1962.0,Hip,CompShg,MetalSd,MetalSd,BrkFace,0.0,TA,TA,CBlock,TA,TA,No,Unf,0.0,0.0,6.796823718274855,894.0,GasA,Gd,N,SBrkr,0.0,-1.3877787807814457e-17,894.0,0.0,0.0,1.0,0.0,2.0,0.6931471805599453,TA,Typ,0.0,Gd,Detchd,Unf,1.0,TA,TA,Y,0.0,0.0,0.0,0.0,0.0,0.0,0.0,8.0,2009.0,WD,Normal,11.603688960617083
4.110873864173311,RL,70.0,8750.0,Reg,Lvl,Inside,CollgCr,Norm,1Fam,2Story,6.0,5.0,1998.0,1998.0,Gable,CompShg,VinylSd,VinylSd,BrkFace,4.762173934797756,TA,TA,PConc,Gd,TA,No,GLQ,505.0,0.0,5.703782474656201,804.0,GasA,Ex,Y,SBrkr,6.778784897685178,-1.3877787807814457e-17,1682.0,0.0,0.0,2.0,1.0,3.0,0.6931471805599453,Gd,Typ,0.0,Gd,Attchd,RFn,2.0,TA,TA,Y,0.0,4.356708826689592,0.0,0.0,0.0,0.0,0.0,6.0,2010.0,WD,Normal,12.208574513247495
3.044522437723423,RL,74.0,8892.0,Reg,Lvl,Corner,NAmes,Norm,1Fam,1Story,5.0,7.0,1953.0,1996.0,Gable,CompShg,WdShing,Wd Shng,BrkFace,0.0,Gd,TA,Stone,TA,TA,Av,Unf,0.0,0.0,4.663439094112067,105.0,GasA,Gd,Y,SBrkr,0.0,-1.3877787807814457e-17,910.0,0.0,0.0,1.0,0.0,3.0,0.6931471805599453,Gd,Typ,0.0,Gd,Attchd,Unf,2.0,TA,TA,Y,5.2832037287379885,0.0,5.017279836814924,0.0,0.0,0.0,0.0,10.0,2008.0,WD,Normal,11.661354090741
3.713572066704308,RL,60.0,12144.0,Reg,Lvl,Inside,NAmes,Norm,1Fam,1Story,5.0,7.0,1949.0,1950.0,Gable,CompShg,HdBoard,HdBoard,BrkFace,0.0,Gd,TA,CBlock,TA,TA,No,Rec,375.0,0.0,6.126869184114185,832.0,GasA,Gd,Y,SBrkr,0.0,5.4510384535657,1268.0,0.0,0.0,1.0,0.0,3.0,0.6931471805599453,TA,Typ,1.0,Gd,Attchd,Unf,1.0,TA,TA,Y,0.0,3.367295829986474,0.0,0.0,0.0,0.0,0.0,9.0,2009.0,WD,Normal,11.798111925972618
3.9318256327243257,RM,52.0,5720.0,Reg,Lvl,Inside,OldTown,Artery,1Fam,1.5Fin,5.0,6.0,1941.0,1950.0,Gable,CompShg,Wd Sdng,Wd Sdng,BrkFace,0.0,TA,TA,CBlock,TA,TA,No,Unf,0.0,0.0,6.517671272912275,676.0,GasA,Ex,Y,SBrkr,6.1224928095143865,-1.3877787807814457e-17,1131.0,0.0,0.0,1.0,1.0,3.0,0.6931471805599453,TA,Typ,0.0,Gd,Detchd,Unf,1.0,TA,TA,Y,3.295836866004329,0.0,0.0,0.0,0.0,0.0,0.0,8.0,2009.0,WD,Abnorml,11.104972264124868
4.110873864173311,FV,75.0,9000.0,Reg,Lvl,Inside,Somerst,Norm,1Fam,2Story,8.0,5.0,2007.0,2007.0,Gable,CompShg,CemntBd,CmentBd,BrkFace,0.0,Gd,TA,PConc,Gd,TA,Av,GLQ,64.0,0.0,7.02197642307216,1184.0,GasA,Ex,Y,SBrkr,7.2633296174768365,-1.3877787807814457e-17,2610.0,0.0,0.0,2.0,1.0,4.0,0.6931471805599453,Ex,Typ,1.0,Gd,BuiltIn,Fin,2.0,TA,TA,Y,5.342334251964811,5.14166355650266,0.0,0.0,0.0,0.0,0.0,8.0,2007.0,New,Partial,12.623064399210183
3.044522437723423,RL,94.0,17673.5,Reg,HLS,Inside,Mitchel,Norm,1Fam,1Story,4.0,5.0,1963.0,1963.0,Gable,CompShg,HdBoard,Plywood,BrkFace,0.0,TA,TA,PConc,TA,TA,Gd,ALQ,633.0,0.0,6.068425588244111,1064.0,GasA,Gd,Y,SBrkr,0.0,-1.3877787807814457e-17,1040.0,1.0,0.0,1.0,0.0,3.0,0.6931471805599453,TA,Typ,0.0,Gd,Attchd,Unf,2.0,TA,TA,Y,0.0,0.0,0.0,0.0,0.0,0.0,0.0,1.0,2007.0,WD,Normal,11.792456911128632
4.110873864173311,RL,74.0,8834.0,Reg,Lvl,Inside,NridgHt,Norm,1Fam,2Story,9.0,5.0,2004.0,2005.0,Hip,CompShg,VinylSd,VinylSd,Stone,5.37989735354046,Gd,TA,PConc,Ex,TA,No,GLQ,1170.0,0.0,5.680172609017068,1462.0,GasA,Ex,Y,SBrkr,6.637258031284457,-1.3877787807814457e-17,2224.0,1.0,0.0,2.0,1.0,4.0,0.6931471805599453,Ex,Typ,1.0,Gd,Attchd,Fin,3.0,TA,TA,Y,5.2203558250783235,0.0,0.0,0.0,0.0,0.0,0.0,6.0,2009.0,WD,Normal,12.765691290604371
4.454347296253507,RL,88.0,11782.0,IR1,Lvl,Inside,Sawyer,Norm,1Fam,SFoyer,5.0,7.0,1961.0,1995.0,Gable,CompShg,HdBoard,HdBoard,BrkFace,0.0,TA,TA,CBlock,TA,TA,Av,ALQ,899.0,0.0,5.351858133476067,1109.0,GasA,TA,Y,SBrkr,0.0,-1.3877787807814457e-17,1155.0,1.0,0.0,1.0,0.0,3.0,0.6931471805599453,Gd,Min2,0.0,Gd,Detchd,Unf,2.0,TA,TA,Y,5.262690188904886,0.0,0.0,0.0,0.0,0.0,5.993961427306569,6.0,2010.0,WD,Normal,11.904974309480183
3.044522437723423,RL,67.8,7000.0,IR1,Lvl,CulDSac,CollgCr,Norm,1Fam,1Story,5.0,7.5,1978.0,2005.0,Gable,CompShg,VinylSd,VinylSd,BrkFace,4.51085950651685,Gd,Gd,CBlock,TA,TA,No,ALQ,646.0,0.0,5.389071729816501,864.0,GasA,Ex,Y,SBrkr,0.0,-1.3877787807814457e-17,864.0,1.0,0.0,1.0,0.0,3.0,0.6931471805599453,TA,Typ,0.0,Gd,Attchd,Unf,1.0,TA,TA,Y,0.0,0.0,0.0,0.0,0.0,0.0,0.0,7.0,2009.0,WD,Normal,11.824087219587643
3.044522437723423,RL,60.0,7024.0,Reg,Lvl,Inside,Edwards,Norm,1Fam,1Story,5.0,5.0,2005.0,2006.0,Gable,CompShg,VinylSd,VinylSd,BrkFace,0.0,TA,TA,PConc,Ex,Gd,No,ALQ,980.0,0.0,4.709530201312334,1090.0,GasA,Gd,Y,SBrkr,0.0,-1.3877787807814457e-17,1090.0,1.0,0.0,1.0,1.0,2.0,0.6931471805599453,TA,Typ,0.0,Gd,Attchd,Fin,2.0,TA,TA,Y,0.0,3.912023005428146,0.0,0.0,0.0,0.0,0.0,6.0,2007.0,WD,Normal,11.964007453736912
3.9318256327243257,RL,44.0,13758.0,IR1,Lvl,CulDSac,Timber,Norm,1Fam,1.5Fin,7.0,5.0,1990.0,1991.0,Gable,CompShg,HdBoard,HdBoard,BrkFace,4.770684624465665,Gd,Gd,CBlock,Gd,TA,Mn,LwQ,902.0,0.0,5.541263545158426,1156.0,GasA,Ex,Y,SBrkr,6.274762021241939,-1.3877787807814457e-17,1717.0,0.0,0.0,2.0,1.0,3.0,0.6931471805599453,Gd,Typ,1.0,TA,Attchd,RFn,2.0,TA,TA,Y,5.1298987149230735,3.6109179126442243,0.0,0.0,0.0,0.0,0.0,4.0,2007.0,WD,Normal,12.141539457711714
4.110873864173311,RL,63.4,9636.0,IR1,Lvl,Corner,Gilbert,Norm,1Fam,2Story,6.0,5.0,1992.0,1993.0,Gable,CompShg,VinylSd,VinylSd,BrkFace,0.0,TA,TA,PConc,Gd,TA,No,Unf,0.0,0.0,6.695798917058491,808.0,GasA,Gd,Y,SBrkr,6.666956792429207,-1.3877787807814457e-17,1593.0,0.0,0.0,2.0,1.0,3.0,0.6931471805599453,TA,Typ,1.0,TA,BuiltIn,RFn,2.0,TA,TA,Y,5.8377304471659395,3.713572066704308,0.0,0.0,0.0,0.0,0.0,12.0,2009.0,WD,Normal,12.08954444723597
4.330733340286331,RL,60.0,6204.0,Reg,Bnk,Inside,SWISU,Norm,1Fam,2.5Fin,4.0,5.0,1912.0,1950.0,Gable,CompShg,Wd Sdng,Wd Sdng,BrkFace,0.0,Gd,TA,PConc,TA,Fa,No,Unf,0.0,0.0,6.679599185844383,795.0,GasA,TA,N,SBrkr,6.679599185844383,6.177944114050599,2230.0,1.0,0.0,1.0,0.0,4.5,0.6931471805599453,TA,Typ,0.0,Gd,Detchd,Unf,1.0,TA,Gd,Y,0.0,5.14166355650266,0.0,0.0,0.0,0.0,0.0,2.9999999999999996,2006.0,WD,Normal,11.682676678340282
3.044522437723423,RL,65.0,7150.0,Reg,Lvl,Inside,NAmes,Norm,1Fam,1Story,5.0,5.0,1967.0,1967.0,Gable,CompShg,HdBoard,HdBoard,BrkFace,4.110873864173311,TA,TA,CBlock,TA,TA,No,BLQ,432.0,0.0,6.133398042996649,892.0,GasA,TA,Y,SBrkr,0.0,-1.3877787807814457e-17,892.0,0.0,0.0,1.0,0.0,3.0,0.6931471805599453,TA,Typ,0.0,Gd,Attchd,RFn,1.0,TA,TA,Y,0.0,0.0,0.0,0.0,0.0,0.0,0.0,7.0,2009.0,WD,Normal,11.51293546492023
4.795790545596741,FV,50.0,5119.0,IR1,Lvl,CulDSac,Somerst,Norm,TwnhsE,1Story,9.0,5.0,1999.0,2000.0,Gable,CompShg,MetalSd,MetalSd,BrkFace,4.110873864173311,Gd,TA,PConc,Ex,TA,Av,GLQ,1238.0,0.0,6.133398042996649,1698.0,GasA,Ex,Y,SBrkr,0.0,-1.3877787807814457e-17,1709.0,1.0,0.0,2.0,0.0,2.0,0.6931471805599453,Gd,Typ,1.0,TA,Attchd,Fin,2.0,TA,TA,Y,4.584967478670572,4.189654742026425,0.0,0.0,0.0,0.0,0.0,1.0,2008.0,CWD,Abnorml,12.70351207261035
4.51085950651685,RL,70.0,8393.0,Reg,Lvl,Corner,NAmes,Norm,Duplex,1Story,5.0,5.0,1959.0,2005.0,Gable,CompShg,MetalSd,MetalSd,BrkFace,4.812184355372417,TA,TA,CBlock,TA,TA,No,LwQ,528.0,0.0,7.002155954403621,1626.0,GasA,Ex,Y,SBrkr,0.0,-1.3877787807814457e-17,1712.0,0.0,0.0,2.0,0.0,4.0,1.0986122886681098,TA,Typ,0.0,Gd,Attchd,Fin,2.0,TA,TA,Y,5.60947179518496,4.007333185232471,0.0,0.0,0.0,0.0,0.0,6.0,2006.0,WD,Family,11.884495917930655
3.9318256327243257,RL,59.0,16466.0,IR1,Lvl,Inside,Edwards,Norm,1Fam,1.5Fin,5.0,7.0,1955.0,1955.0,Gable,CompShg,MetalSd,MetalSd,BrkFace,0.0,TA,Gd,PConc,TA,TA,No,Unf,0.0,0.0,6.705639094860003,816.0,GasA,TA,Y,SBrkr,6.25766758788264,-1.3877787807814457e-17,1393.0,0.0,0.0,1.0,1.0,3.0,0.6931471805599453,TA,Typ,0.0,Gd,Attchd,Unf,1.0,TA,TA,Y,4.804021044733257,0.0,0.0,0.0,5.583496308781699,0.0,0.0,4.0,2008.0,WD,Normal,11.816734299348461
3.044522437723423,RL,95.0,15865.0,IR1,Lvl,Inside,NAmes,Norm,1Fam,1Story,8.0,6.0,1970.0,1970.0,Flat,Tar&Grv,Wd Sdng,Wd Sdng,BrkFace,0.0,Gd,Gd,PConc,TA,Gd,Gd,ALQ,351.0,6.714170529909472,6.950814768442584,2052.0,GasA,Ex,Y,SBrkr,0.0,-1.3877787807814457e-17,2217.0,1.0,0.0,2.0,0.0,4.0,0.6931471805599453,Gd,Typ,1.0,TA,Attchd,Unf,2.0,TA,TA,Y,4.406719247264253,5.14166355650266,0.0,0.0,5.41610040220442,0.0,0.0,10.0,2007.0,WD,Normal,12.498745990829315
3.044522437723423,RL,111.5,12160.0,Reg,Lvl,Inside,NAmes,Feedr,1Fam,1Story,6.0,4.0,1953.0,1953.0,Hip,CompShg,Wd Sdng,Wd Sdng,BrkFace,4.51085950651685,TA,TA,CBlock,TA,TA,No,BLQ,1024.0,0.0,6.1779441140506,1505.0,GasA,Ex,Y,SBrkr,0.0,-1.3877787807814457e-17,1505.0,1.0,0.0,1.0,0.0,2.0,0.6931471805599453,TA,Typ,1.0,TA,Attchd,RFn,2.0,TA,TA,Y,0.0,0.0,0.0,5.093750200806762,0.0,0.0,0.0,2.0,2009.0,WD,Normal,11.915058360753719
3.9318256327243257,RL,60.0,8064.0,Reg,Lvl,Corner,NAmes,Artery,1Fam,1.5Fin,5.0,7.0,1949.0,2006.0,Gable,CompShg,MetalSd,MetalSd,BrkFace,0.0,TA,Gd,CBlock,TA,TA,Mn,Unf,0.0,0.0,6.511745329644728,672.0,GasA,Ex,Y,SBrkr,5.53338948872752,-1.3877787807814457e-17,924.0,0.0,0.0,1.0,0.0,3.0,0.6931471805599453,TA,Typ,1.0,Po,Detchd,Unf,2.0,TA,TA,Y,0.0,0.0,0.0,0.0,0.0,0.0,7.601402334583733,7.0,2007.0,WD,Normal,11.719134432217524
4.110873864173311,RL,70.0,11184.0,Reg,Lvl,Inside,Sawyer,Norm,1Fam,2Story,6.0,5.0,1978.0,1978.0,Hip,CompShg,HdBoard,HdBoard,BrkFace,4.532599493153256,TA,TA,CBlock,TA,TA,No,LwQ,226.0,6.216606101084864,5.262690188904886,918.0,GasA,Gd,Y,SBrkr,6.641182169740592,-1.3877787807814457e-17,1683.0,0.0,0.0,2.0,1.0,3.0,0.6931471805599453,TA,Typ,1.0,TA,Attchd,RFn,2.0,TA,TA,Y,5.497168225293202,0.0,0.0,0.0,0.0,0.0,0.0,7.0,2009.0,WD,Normal,12.058158312538197
3.044522437723423,RL,70.0,8414.0,Reg,Lvl,Inside,Sawyer,Norm,1Fam,1Story,6.0,7.5,1963.0,2003.0,Hip,CompShg,HdBoard,HdBoard,BrkFace,0.0,TA,TA,CBlock,TA,TA,No,GLQ,663.0,0.0,5.983936280687191,1059.0,GasA,TA,Y,SBrkr,0.0,-1.3877787807814457e-17,1068.0,0.0,0.6931471805599452,1.0,0.0,3.0,0.6931471805599453,TA,Typ,0.0,Gd,Attchd,RFn,1.0,TA,TA,Y,5.262690188904886,0.0,0.0,0.0,0.0,0.0,0.0,2.0,2006.0,WD,Normal,11.947955847790901
3.044522437723423,RL,76.4,13284.0,Reg,Lvl,Inside,Sawyer,PosN,1Fam,1Story,5.0,5.0,1954.0,1954.0,Gable,CompShg,Wd Sdng,Plywood,BrkFace,0.0,TA,TA,PConc,Gd,TA,Mn,BLQ,1064.0,0.0,5.768320995793772,1383.0,GasA,TA,Y,SBrkr,0.0,-1.3877787807814457e-17,1383.0,1.0,0.0,1.0,0.0,3.0,0.6931471805599453,TA,Typ,1.0,Gd,Attchd,Unf,1.0,TA,TA,Y,6.042632833682381,4.762173934797756,0.0,0.0,0.0,0.0,0.0,6.0,2008.0,WD,Normal,12.013706813470414
4.51085950651685,RL,64.0,7018.0,Reg,Bnk,Inside,SawyerW,Norm,Duplex,1Story,5.0,5.0,1979.0,1979.0,Gable,CompShg,Plywood,Plywood,BrkFace,0.0,TA,TA,Slab,TA,TA,No,Unf,0.0,0.0,0.0,42.0,GasA,TA,Y,SBrkr,0.0,-1.3877787807814457e-17,1535.0,0.0,0.0,2.0,0.0,4.0,1.0986122886681098,TA,Typ,0.0,Gd,Attchd,Unf,2.0,TA,TA,Y,0.0,0.0,0.0,0.0,0.0,0.0,0.0,6.0,2009.0,WD,Alloca,11.685693195625964
4.110873864173311,RL,71.0,7056.0,Reg,Lvl,Inside,NAmes,Norm,1Fam,2Story,6.0,5.0,1963.0,1963.0,Hip,CompShg,HdBoard,HdBoard,BrkFace,6.030685260261263,TA,TA,CBlock,TA,TA,No,BLQ,400.0,0.0,5.942799375126701,780.0,GasA,TA,Y,SBrkr,6.70196036600254,-1.3877787807814457e-17,1796.0,1.0,0.0,1.0,1.0,4.0,0.6931471805599453,TA,Typ,1.0,TA,Attchd,RFn,2.0,TA,TA,Y,0.0,3.9318256327243257,0.0,0.0,0.0,0.0,0.0,10.0,2008.0,WD,Normal,11.849404844423074
3.4339872044851463,RM,50.0,8765.0,Reg,Lvl,Inside,IDOTRR,Norm,1Fam,1Story,4.0,6.0,1936.0,1950.0,Gable,CompShg,Wd Sdng,Wd Sdng,BrkFace,0.0,TA,TA,BrkTil,TA,TA,No,ALQ,285.0,0.0,6.502790045915623,951.0,GasA,Ex,N,SBrkr,0.0,-1.3877787807814457e-17,951.0,0.0,0.0,1.0,0.0,2.0,0.6931471805599453,TA,Typ,0.0,Gd,Detchd,Unf,1.0,TA,TA,Y,0.0,3.367295829986474,0.0,0.0,0.0,0.0,0.0,4.0,2006.0,WD,Abnorml,11.575909653758895
4.51085950651685,RL,64.0,7018.0,Reg,Lvl,Inside,SawyerW,Feedr,Duplex,2Story,5.0,5.0,1979.0,1979.0,Gable,CompShg,Plywood,Plywood,BrkFace,0.0,TA,TA,Slab,TA,TA,No,Unf,0.0,0.0,0.0,42.0,GasA,TA,Y,SBrkr,7.021976423072159,-1.3877787807814457e-17,2240.0,0.0,0.0,2.0,0.0,4.5,1.0986122886681098,TA,Typ,0.0,Gd,Detchd,Unf,2.0,TA,TA,Y,5.043425116919247,0.0,0.0,0.0,0.0,0.0,0.0,6.0,2009.0,WD,Alloca,11.870278179170796
3.044522437723423,RL,100.0,12919.0,IR1,Lvl,Inside,NridgHt,Norm,1Fam,1Story,9.0,5.0,2009.0,2010.0,Hip,CompShg,VinylSd,VinylSd,Stone,6.030685260261263,Ex,TA,PConc,Ex,TA,Gd,GLQ,1780.625,0.0,4.962844630259907,2052.0,GasA,Ex,Y,SBrkr,0.0,-1.3877787807814457e-17,2364.0,1.0,0.0,2.0,1.0,2.0,0.6931471805599453,Ex,Typ,2.0,Gd,Attchd,Fin,3.0,TA,TA,Y,0.0,4.219507705176107,0.0,0.0,0.0,0.0,0.0,2.9999999999999996,2010.0,New,Partial,13.323928581764989
3.044522437723423,RL,65.0,6993.0,Reg,Lvl,Inside,Sawyer,Feedr,1Fam,1Story,5.0,7.0,1961.0,1994.0,Gable,CompShg,HdBoard,Plywood,BrkFace,0.0,TA,TA,CBlock,TA,TA,No,BLQ,465.0,0.0,6.104793232414985,912.0,GasA,TA,Y,SBrkr,0.0,-1.3877787807814457e-17,1236.0,0.0,0.0,1.0,0.0,3.0,0.6931471805599453,TA,Typ,1.0,TA,Attchd,Unf,1.0,TA,TA,Y,0.0,0.0,0.0,0.0,0.0,0.0,0.0,6.0,2006.0,WD,Normal,11.813037464800539
3.044522437723423,RL,71.0,7340.0,IR1,Lvl,Inside,NAmes,Norm,1Fam,1Story,4.0,6.0,1971.0,1971.0,Gable,CompShg,HdBoard,HdBoard,BrkFace,0.0,TA,TA,CBlock,TA,TA,No,ALQ,322.0,0.0,6.285998094508865,858.0,GasA,TA,Y,SBrkr,0.0,-1.3877787807814457e-17,858.0,0.0,0.0,1.0,0.0,2.0,0.6931471805599453,TA,Typ,0.0,Gd,Detchd,Unf,1.0,TA,TA,Y,0.0,0.0,0.0,0.0,0.0,0.0,0.0,6.0,2007.0,WD,Normal,11.608244735642321
3.044522437723423,RL,64.0,8712.0,IR1,Lvl,Inside,NAmes,Norm,1Fam,1Story,5.0,7.0,1957.0,2000.0,Hip,CompShg,MetalSd,MetalSd,BrkFace,0.0,TA,Gd,CBlock,TA,TA,Mn,BLQ,860.0,0.0,4.890349128221754,992.0,GasA,TA,Y,SBrkr,0.0,-1.3877787807814457e-17,1306.0,1.0,0.0,1.0,0.0,2.0,0.6931471805599453,TA,Typ,0.0,Gd,Detchd,Unf,1.0,TA,TA,Y,0.0,0.0,0.0,0.0,0.0,0.0,0.0,5.0,2009.0,WD,Normal,11.938199736300925
4.110873864173311,RL,63.0,7875.0,Reg,Lvl,Inside,Gilbert,Norm,1Fam,2Story,7.0,5.0,2003.0,2003.0,Gable,CompShg,VinylSd,VinylSd,BrkFace,0.0,Gd,TA,PConc,Gd,TA,No,Unf,0.0,0.0,6.664409020350408,783.0,GasA,Ex,Y,SBrkr,6.555356891810665,-1.3877787807814457e-17,1509.0,0.0,0.0,2.0,1.0,3.0,0.6931471805599453,Gd,Typ,1.0,Gd,Attchd,Fin,2.0,TA,TA,Y,0.0,4.330733340286331,0.0,0.0,0.0,0.0,0.0,7.0,2006.0,WD,Normal,12.100717685412471
3.044522437723423,RL,50.0,14859.0,IR1,HLS,CulDSac,Gilbert,Norm,1Fam,1Story,7.0,5.0,2006.0,2006.0,Hip,CompShg,VinylSd,VinylSd,BrkFace,3.332204510175204,Gd,TA,PConc,Gd,TA,No,Unf,0.0,0.0,7.421177528595393,1670.0,GasA,Ex,Y,SBrkr,0.0,-1.3877787807814457e-17,1670.0,0.0,0.0,2.0,0.0,3.0,0.6931471805599453,Gd,Typ,1.0,Gd,Attchd,RFn,3.0,TA,TA,Y,4.976733742420574,4.110873864173311,0.0,0.0,0.0,0.0,0.0,8.0,2006.0,New,Partial,12.388398368982115
3.044522437723423,RL,74.7,6173.0,IR1,Lvl,Inside,Sawyer,Norm,1Fam,1Story,5.0,6.0,1967.0,1967.0,Gable,CompShg,HdBoard,Wd Sdng,BrkFace,4.330733340286331,TA,TA,CBlock,TA,TA,No,GLQ,599.0,0.0,5.627621113690637,876.0,GasA,TA,Y,SBrkr,0.0,-1.3877787807814457e-17,902.0,0.0,0.0,1.0,0.0,3.0,0.6931471805599453,TA,Typ,0.0,Gd,Attchd,Unf,1.0,TA,TA,Y,0.0,0.0,0.0,0.0,0.0,0.0,0.0,8.0,2007.0,WD,Normal,11.74006900564972
3.044522437723423,RL,80.0,9920.0,Reg,Lvl,Inside,NAmes,Norm,1Fam,1Story,5.0,5.0,1954.0,1954.0,Gable,CompShg,HdBoard,HdBoard,Stone,4.709530201312334,TA,TA,CBlock,TA,TA,No,Rec,354.0,5.673323267171492,6.023447592961033,1056.0,GasA,TA,Y,SBrkr,0.0,-1.3877787807814457e-17,1063.0,1.0,0.0,1.0,0.0,3.0,0.6931471805599453,TA,Typ,0.0,Gd,Attchd,RFn,1.0,TA,TA,Y,0.0,0.0,5.10594547390058,0.0,0.0,0.0,0.0,2.0,2010.0,WD,Normal,11.759793355371237
3.044522437723423,RL,111.5,13501.0,IR1,Lvl,Corner,Somerst,Norm,1Fam,1Story,8.0,5.0,2006.0,2006.0,Gable,CompShg,VinylSd,VinylSd,Stone,5.342334251964811,Gd,TA,PConc,Gd,TA,No,GLQ,63.0,0.0,7.353081920515432,1623.0,GasA,Ex,Y,SBrkr,0.0,-1.3877787807814457e-17,1636.0,1.0,0.0,2.0,0.0,3.0,0.6931471805599453,Gd,Typ,1.0,Gd,Attchd,RFn,3.0,TA,TA,Y,0.0,4.110873864173311,0.0,0.0,0.0,0.0,0.0,6.0,2007.0,WD,Normal,12.449022745701502
3.9318256327243257,RL,86.0,11500.0,IR1,Lvl,Inside,Crawfor,Norm,1Fam,1.5Fin,7.0,7.0,1936.0,1987.0,Gable,CompShg,BrkFace,BrkFace,BrkFace,0.0,Gd,TA,CBlock,Gd,TA,No,Rec,223.00000000000003,0.0,6.678342114654332,1017.0,GasA,Gd,Y,SBrkr,6.945051063725833,-1.3877787807814457e-17,2057.0,0.0,0.0,1.0,1.0,3.0,0.6931471805599453,Gd,Typ,1.0,Gd,Attchd,Fin,1.0,Fa,TA,Y,0.0,0.0,0.0,0.0,5.777652323222656,0.0,0.0,6.0,2006.0,WD,Normal,12.429220196836383
3.044522437723423,RL,66.2,8885.0,IR1,Low,Inside,Mitchel,Norm,1Fam,1Story,5.0,5.0,1983.0,1983.0,Gable,CompShg,HdBoard,HdBoard,BrkFace,0.0,TA,TA,CBlock,Gd,TA,Av,BLQ,301.0,5.783825182329737,5.480638923341991,864.0,GasA,TA,Y,SBrkr,0.0,-1.3877787807814457e-17,902.0,1.0,0.0,1.0,0.0,2.0,0.6931471805599453,TA,Typ,0.0,Gd,Attchd,Unf,2.0,TA,TA,Y,5.105945473900581,0.0,0.0,0.0,0.0,0.0,0.0,6.0,2006.0,WD,Normal,11.782960235741939
4.110873864173311,RL,111.5,12589.0,IR2,Lvl,Inside,Gilbert,Norm,1Fam,2Story,6.0,5.0,2005.0,2005.0,Gable,CompShg,VinylSd,VinylSd,BrkFace,0.0,Gd,TA,PConc,Gd,TA,No,Unf,0.0,0.0,6.610696044717759,742.0,GasA,Ex,Y,SBrkr,6.610696044717759,-1.3877787807814457e-17,1484.0,0.0,0.0,2.0,1.0,3.0,0.6931471805599453,Gd,Typ,1.0,Gd,Attchd,Fin,2.0,TA,TA,Y,3.6109179126442243,3.2188758248682006,0.0,0.0,0.0,0.0,0.0,6.0,2009.0,WD,Normal,12.066816325306588
4.51085950651685,RL,80.0,11600.0,Reg,Lvl,Corner,NAmes,Feedr,Duplex,2Story,5.0,5.0,1960.0,1960.0,Gable,CompShg,MetalSd,MetalSd,BrkFace,5.8916442118257715,TA,TA,CBlock,TA,TA,No,Rec,443.0,0.0,6.4967749901858625,1105.0,GasA,TA,Y,FuseA,7.064759027791801,-1.3877787807814457e-17,2274.0,0.0,0.0,2.0,0.0,4.5,1.0986122886681098,TA,Typ,0.0,Gd,Detchd,Unf,2.0,TA,TA,Y,0.0,0.0,0.0,0.0,0.0,0.0,0.0,1.0,2010.0,WD,Normal,11.946660519211651
3.044522437723423,RL,73.6,9286.0,IR1,Lvl,CulDSac,CollgCr,Norm,1Fam,1Story,5.0,7.0,1977.0,1989.0,Gable,CompShg,HdBoard,Plywood,BrkFace,0.0,TA,TA,CBlock,Gd,Gd,Av,ALQ,195.99999999999997,0.0,6.9782137426306985,1268.0,GasA,TA,Y,SBrkr,0.0,-1.3877787807814457e-17,1268.0,0.0,0.0,1.0,1.0,3.0,0.6931471805599453,Gd,Typ,0.0,Gd,Detchd,Unf,1.0,TA,TA,Y,5.159055299214529,0.0,0.0,0.0,0.0,0.0,0.0,10.0,2009.0,WD,Normal,11.874097282798648
3.4339872044851463,RM,51.0,6120.0,Reg,Lvl,Inside,BrkSide,Norm,1Fam,1Story,5.0,7.0,1925.0,1950.0,Gable,CompShg,MetalSd,MetalSd,BrkFace,0.0,TA,TA,BrkTil,TA,TA,No,Rec,489.0,0.0,5.634789603169249,768.0,GasA,TA,N,SBrkr,0.0,-1.3877787807814457e-17,1015.0,0.0,0.0,1.0,0.0,3.0,0.6931471805599453,TA,Min1,0.0,Gd,Detchd,Unf,1.0,TA,TA,Y,0.0,0.0,4.727387818712341,0.0,4.795790545596741,0.0,6.43133108193348,7.0,2006.0,WD,Abnorml,11.385103457032141
4.51085950651685,RH,82.0,6270.0,Reg,HLS,Inside,Crawfor,Norm,Duplex,2Story,5.0,6.0,1949.0,1950.0,Gable,CompShg,MetalSd,MetalSd,BrkFace,0.0,TA,TA,CBlock,TA,TA,No,BLQ,284.0,0.0,6.576469569048224,1001.0,GasA,TA,N,FuseA,6.909753281644809,-1.3877787807814457e-17,2002.0,0.0,0.0,2.0,0.0,4.0,1.0986122886681098,TA,Typ,0.0,Gd,2Types,Unf,3.0,TA,TA,Y,0.0,0.0,0.0,0.0,0.0,0.0,0.0,8.0,2007.0,WD,Normal,11.884495917930655
4.983606621708336,FV,30.0,3000.0,Reg,Lvl,Inside,Somerst,Norm,TwnhsE,2Story,6.0,5.0,2009.0,2009.0,Gable,CompShg,VinylSd,VinylSd,Stone,4.343805421853684,Gd,TA,PConc,Gd,TA,Av,GLQ,294.0,0.0,5.765191102784844,612.0,GasA,Ex,Y,SBrkr,6.4183649359362125,-1.3877787807814457e-17,1224.0,0.0,0.0,2.0,1.0,2.0,0.6931471805599453,Gd,Typ,0.0,Gd,Detchd,RFn,2.0,TA,TA,Y,0.0,5.14166355650266,0.0,0.0,0.0,0.0,0.0,6.0,2009.0,New,Partial,12.065280672855897
4.983606621708336,RM,27.500000000000007,2001.0,Reg,Lvl,Inside,MeadowV,Norm,Twnhs,2Story,4.0,5.0,1970.0,1970.0,Gable,CompShg,CemntBd,CmentBd,BrkFace,4.394449154672439,TA,TA,CBlock,TA,TA,No,Unf,0.0,0.0,6.304448802421981,546.0,GasA,Fa,Y,SBrkr,6.304448802421982,-1.3877787807814457e-17,1092.0,0.0,0.0,1.0,1.0,3.0,0.6931471805599453,TA,Typ,0.0,Gd,Attchd,Unf,1.0,TA,TA,Y,0.0,0.0,0.0,0.0,0.0,0.0,0.0,1.0,2007.0,WD,Normal,11.225256725762893
3.044522437723423,C (all),50.0,9000.0,Reg,Lvl,Inside,IDOTRR,Norm,1Fam,1Story,2.0,3.5,1949.0,1950.0,Gable,CompShg,AsbShng,AsbShng,BrkFace,0.0,TA,TA,CBlock,TA,TA,Av,BLQ,50.0,0.0,6.066108090103747,480.0,GasA,TA,N,FuseA,0.0,-1.3877787807814457e-17,480.0000000000001,1.0,0.0,0.0,0.0,1.0,0.6931471805599453,TA,Typ,0.0,Gd,Detchd,Unf,1.0,TA,TA,Y,0.0,0.0,0.0,0.0,0.0,0.0,0.0,10.0,2006.0,WD,Abnorml,10.471978128496518
3.044522437723423,RL,73.4,17140.0,Reg,Lvl,Inside,Edwards,Norm,1Fam,1Story,4.0,6.0,1956.0,1956.0,Gable,CompShg,VinylSd,VinylSd,BrkFace,0.0,TA,TA,CBlock,TA,TA,No,ALQ,1059.0,0.0,4.330733340286331,1134.0,GasA,Ex,Y,FuseA,0.0,-1.3877787807814457e-17,1229.0,0.0,0.0,1.0,0.0,3.0,0.6931471805599453,TA,Typ,0.0,Gd,Attchd,RFn,1.0,TA,TA,Y,0.0,0.0,0.0,0.0,0.0,0.0,0.0,4.0,2009.0,WD,Normal,11.813037464800539
4.110873864173311,RL,103.0,13125.0,IR1,Lvl,Corner,SawyerW,Norm,1Fam,2Story,7.0,5.0,1991.0,1991.0,Gable,CompShg,HdBoard,HdBoard,BrkFace,0.0,Gd,TA,PConc,Ex,TA,Mn,BLQ,48.0,6.453624998892691,6.0473721790462776,1104.0,GasA,Ex,Y,SBrkr,7.103322062526113,-1.3877787807814457e-17,2127.0,1.0,0.0,2.0,1.0,4.0,0.6931471805599453,Gd,Typ,1.0,TA,Attchd,RFn,3.0,TA,TA,Y,4.290459441148391,5.14166355650266,5.41610040220442,0.0,0.0,0.0,0.0,11.0,2007.0,WD,Normal,12.380030154325457
3.044522437723423,RL,87.0,11029.0,IR1,Lvl,Corner,NAmes,Norm,1Fam,1Story,6.0,7.5,1958.0,2002.0,Hip,CompShg,MetalSd,MetalSd,BrkFace,0.0,Ex,TA,CBlock,Gd,TA,No,ALQ,528.0,6.021023349349527,5.5053315359323625,1184.0,GasA,Ex,Y,SBrkr,0.0,-1.3877787807814457e-17,1414.0,1.0,0.0,1.0,0.0,3.0,0.6931471805599453,TA,Min1,1.0,TA,Attchd,Unf,2.0,TA,TA,Y,0.0,3.9512437185814275,0.0,0.0,5.25227342804663,0.0,0.0,5.0,2008.0,WD,Normal,12.081081821061819
4.110873864173311,RL,70.0,8462.0,IR1,Lvl,Inside,SawyerW,Norm,1Fam,2Story,6.0,5.0,1994.0,1994.0,Gable,CompShg,HdBoard,HdBoard,BrkFace,4.663439094112067,Gd,Gd,PConc,Gd,Gd,No,GLQ,814.0,0.0,4.74493212836325,928.0,GasA,Ex,Y,SBrkr,6.666956792429207,-1.3877787807814457e-17,1721.0,0.0,0.6931471805599452,2.0,1.0,3.0,0.6931471805599453,Gd,Typ,0.0,Gd,Attchd,RFn,2.0,TA,TA,Y,5.707110264748875,4.477336814478207,0.0,0.0,0.0,0.0,0.0,7.0,2007.0,WD,Normal,12.211065162153215
4.51085950651685,RL,67.0,8777.0,Reg,Lvl,Inside,Edwards,Feedr,Duplex,1.5Fin,5.0,7.0,1900.0,2003.0,Gable,CompShg,MetalSd,MetalSd,BrkFace,0.0,TA,TA,CBlock,TA,TA,No,ALQ,1084.0,0.0,5.241747015059643,1272.0,GasA,Gd,Y,SBrkr,6.834108738813839,-1.3877787807814457e-17,2200.0,2.0,0.0,2.0,2.0,4.0,1.0986122886681098,TA,Typ,0.0,Gd,Attchd,Unf,-2.220446049250313e-16,TA,TA,N,0.0,4.2626798770413155,0.0,0.0,0.0,0.0,0.0,9.0,2008.0,WD,Normal,11.890683588496984
3.044522437723423,RL,65.0,10237.0,Reg,Lvl,Inside,Gilbert,RRAn,1Fam,1Story,6.0,5.0,2005.0,2006.0,Gable,CompShg,VinylSd,VinylSd,BrkFace,0.0,Gd,TA,PConc,Gd,TA,No,GLQ,28.0,0.0,7.161622002939187,1316.0,GasA,Ex,Y,SBrkr,0.0,-1.3877787807814457e-17,1316.0,0.0,0.0,2.0,0.0,3.0,0.6931471805599453,Gd,Typ,1.0,Gd,Attchd,Fin,2.0,TA,TA,Y,4.61512051684126,0.0,0.0,3.1780538303479453,0.0,0.0,0.0,10.0,2006.0,New,Partial,12.043500773454495
4.795790545596741,RL,50.0,8012.0,Reg,Lvl,Inside,SawyerW,Norm,TwnhsE,1Story,6.0,5.0,1993.0,1994.0,Gable,CompShg,Plywood,Plywood,BrkFace,0.0,Gd,TA,PConc,Gd,TA,No,LwQ,165.0,6.7357800142423265,6.395261598115449,1604.0,GasA,Ex,Y,SBrkr,0.0,-1.3877787807814457e-17,1617.0,1.0,0.0,2.0,0.0,2.0,0.6931471805599453,Gd,Typ,1.0,Fa,Attchd,RFn,2.0,TA,TA,Y,0.0,4.248495242049359,0.0,0.0,0.0,0.0,0.0,7.0,2008.0,WD,Normal,12.170450649220749
3.044522437723423,RL,79.0,10240.0,Reg,Lvl,Inside,NWAmes,Norm,1Fam,1Story,6.0,6.0,1980.0,1980.0,Gable,CompShg,Plywood,Plywood,BrkFace,5.062595033026968,TA,Gd,CBlock,Gd,TA,No,BLQ,625.0,6.967909201801884,0.0,1686.0,GasA,TA,Y,SBrkr,0.0,-1.3877787807814457e-17,1686.0,1.0,0.0,2.0,0.0,3.0,0.6931471805599453,TA,Typ,1.0,TA,Attchd,Unf,2.0,TA,TA,Y,5.953243334287785,4.882801922586371,0.0,0.0,0.0,0.0,0.0,5.0,2006.0,WD,Normal,12.242891437918386
3.044522437723423,RL,67.0,15611.0,IR1,Lvl,Corner,NWAmes,Norm,1Fam,1Story,5.0,6.0,1977.0,1977.0,Gable,CompShg,VinylSd,VinylSd,BrkFace,0.0,TA,TA,PConc,Gd,TA,Av,ALQ,767.0,4.543294782270004,5.58724865840025,1126.0,GasA,TA,Y,SBrkr,0.0,-1.3877787807814457e-17,1126.0,0.0,0.6931471805599452,2.0,0.0,3.0,0.6931471805599453,Ex,Typ,0.0,Gd,Attchd,RFn,2.0,TA,TA,Y,5.198497031265826,0.0,0.0,0.0,0.0,0.0,0.0,2.9999999999999996,2008.0,WD,Abnorml,12.07254696717504
4.110873864173311,RL,93.0,11999.0,Reg,Lvl,Inside,NridgHt,Norm,1Fam,2Story,8.0,5.0,2003.0,2004.0,Hip,CompShg,VinylSd,VinylSd,BrkFace,5.831882477283517,Gd,TA,PConc,Gd,TA,No,Unf,0.0,0.0,7.074963197966044,1181.0,GasA,Ex,Y,SBrkr,7.039660349862075,-1.3877787807814457e-17,2374.0,0.0,0.0,2.0,1.0,4.0,0.6931471805599453,Ex,Typ,1.0,Gd,BuiltIn,Fin,3.0,TA,TA,Y,4.653960350157523,4.61512051684126,0.0,0.0,0.0,0.0,0.0,5.0,2007.0,WD,Normal,12.560247968016562
4.110873864173311,RL,79.2,9900.0,Reg,Lvl,Inside,NWAmes,Feedr,1Fam,2Story,7.0,5.0,1968.0,1968.0,Gable,CompShg,MetalSd,MetalSd,BrkFace,5.837730447165939,TA,TA,CBlock,TA,TA,No,BLQ,552.0,0.0,5.638354669333745,832.0,GasA,Gd,Y,SBrkr,6.78105762593618,-1.3877787807814457e-17,1978.0,0.0,0.0,2.0,1.0,4.0,0.6931471805599453,TA,Typ,1.0,Gd,Attchd,RFn,2.0,TA,TA,Y,0.0,3.784189633918261,0.0,0.0,0.0,0.0,0.0,4.0,2008.0,WD,Normal,12.07824495582233
3.044522437723423,RL,87.6,11838.0,Reg,Lvl,Inside,CollgCr,Norm,1Fam,1Story,8.0,5.0,2001.0,2001.0,Hip,CompShg,VinylSd,VinylSd,BrkFace,0.0,Gd,TA,PConc,Gd,TA,Av,Unf,0.0,0.0,7.430410654501705,1753.0,GasA,Ex,Y,SBrkr,0.0,-1.3877787807814457e-17,1788.0,0.0,0.0,2.0,0.0,3.0,0.6931471805599453,Ex,Typ,1.0,TA,Attchd,RFn,2.0,TA,TA,Y,5.313205979041786,5.0238805208462765,0.0,0.0,0.0,0.0,0.0,6.0,2009.0,WD,Normal,12.373707715234994
4.110873864173311,RL,74.6,13006.0,IR1,Lvl,Corner,Gilbert,Norm,1Fam,2Story,7.0,5.0,1997.0,1997.0,Gable,CompShg,HdBoard,HdBoard,BrkFace,5.655991810819852,TA,TA,PConc,Gd,TA,No,Unf,0.0,0.0,6.872128101338986,964.0,GasA,Gd,Y,SBrkr,7.126087273299124,-1.3877787807814457e-17,2236.0,0.0,0.0,2.0,1.0,4.0,0.6931471805599453,Gd,Typ,1.0,TA,BuiltIn,Fin,2.0,TA,TA,Y,0.0,0.0,0.0,0.0,0.0,0.0,0.0,11.0,2006.0,WD,Normal,12.310437165348775
3.044522437723423,RL,73.0,8925.0,IR1,HLS,Inside,Timber,Norm,1Fam,1Story,8.0,5.0,2007.0,2007.0,Gable,CompShg,VinylSd,VinylSd,BrkFace,0.0,Gd,TA,PConc,Gd,TA,Av,GLQ,16.0,0.0,7.280008252884188,1466.0,GasA,Ex,Y,SBrkr,0.0,-1.3877787807814457e-17,1466.0,0.0,0.0,2.0,0.0,3.0,0.6931471805599453,Gd,Typ,0.0,Gd,Attchd,Fin,3.0,TA,TA,Y,4.61512051684126,2.9444389791664403,0.0,0.0,0.0,0.0,0.0,7.0,2009.0,WD,Normal,12.211065162153215
3.044522437723423,RL,70.0,9100.0,Reg,Lvl,Inside,NAmes,Norm,1Fam,1Story,5.0,6.0,1965.0,1965.0,Gable,CompShg,VinylSd,VinylSd,BrkFace,0.0,TA,TA,CBlock,TA,TA,No,BLQ,338.0,6.1463292576688975,4.804021044733257,925.0,GasA,Ex,Y,SBrkr,0.0,-1.3877787807814457e-17,925.0,0.0,0.6931471805599452,1.0,0.0,2.0,0.6931471805599453,TA,Typ,0.0,Gd,Detchd,Unf,1.0,TA,TA,Y,0.0,0.0,0.0,0.0,0.0,0.0,0.0,7.0,2009.0,WD,Normal,11.674202123168433
3.044522437723423,RL,84.0,11670.0,IR1,Lvl,Corner,Somerst,RRNn,1Fam,1Story,9.0,5.0,2006.0,2006.0,Hip,CompShg,VinylSd,ImStucc,Stone,5.713732805509369,Ex,TA,PConc,Ex,Gd,No,Unf,0.0,0.0,7.430410654501705,1905.0,GasA,Ex,Y,SBrkr,0.0,-1.3877787807814457e-17,1905.0,0.0,0.0,2.0,0.0,3.0,0.6931471805599453,Ex,Typ,1.0,Gd,Attchd,Fin,3.0,TA,TA,Y,0.0,5.14166355650266,0.0,0.0,0.0,0.0,0.0,2.9999999999999996,2007.0,WD,Normal,12.676079399771027
3.044522437723423,RL,63.0,8487.0,Reg,Lvl,FR2,CollgCr,Norm,1Fam,1Story,7.0,5.0,2004.0,2004.0,Gable,CompShg,VinylSd,VinylSd,BrkFace,5.3518581334760675,Gd,TA,PConc,Gd,TA,Av,GLQ,20.0,0.0,7.300472814267799,1500.0,GasA,Ex,Y,SBrkr,0.0,-1.3877787807814457e-17,1500.0,0.0,0.0,2.0,0.0,3.0,0.6931471805599453,Gd,Typ,0.0,Gd,Attchd,RFn,2.0,TA,TA,Y,5.262690188904886,3.6109179126442243,0.0,0.0,0.0,0.0,0.0,8.0,2009.0,WD,Normal,12.154784614286667
3.044522437723423,RL,111.5,17673.5,IR2,HLS,Inside,NAmes,PosA,1Fam,1Story,7.0,7.0,1960.0,2007.0,Flat,Tar&Grv,Wd Sdng,Wd Sdng,BrkFace,0.0,TA,TA,CBlock,Gd,TA,Gd,GLQ,425.0,0.0,5.081404364984463,585.0,GasA,Ex,Y,SBrkr,0.0,-1.3877787807814457e-17,2069.0,1.0,0.0,2.0,0.0,4.0,0.6931471805599453,Gd,Typ,1.0,Gd,Attchd,RFn,2.0,TA,TA,Y,0.0,0.0,0.0,0.0,0.0,0.0,0.0,11.0,2008.0,WD,Normal,12.396697137361691
3.4339872044851463,RL,52.0,5825.0,IR1,Lvl,Inside,BrkSide,Norm,1Fam,1Story,4.0,5.0,1926.0,1953.0,Gable,CompShg,MetalSd,MetalSd,BrkFace,4.6913478822291435,TA,Gd,PConc,Fa,TA,Mn,Unf,0.0,0.0,6.398594934535208,600.0,GasA,Gd,Y,SBrkr,0.0,-1.3877787807814457e-17,747.0,0.0,0.0,1.0,0.0,1.0,0.6931471805599453,TA,Typ,0.0,Gd,Detchd,Unf,2.0,TA,TA,Y,0.0,0.0,3.4965075614664802,0.0,0.0,0.0,0.0,6.0,2006.0,WD,Normal,11.288543647320601
3.044522437723423,RL,67.0,10083.0,Reg,Lvl,Inside,SawyerW,Norm,1Fam,1Story,7.0,5.0,2003.0,2003.0,Gable,CompShg,VinylSd,VinylSd,BrkFace,1.8420880733953033,Gd,TA,PConc,Gd,TA,No,GLQ,833.0,0.0,5.840641657373398,1176.0,GasA,Ex,Y,SBrkr,0.0,-1.3877787807814457e-17,1200.0,1.0,0.0,2.0,0.0,2.0,0.6931471805599453,Gd,Typ,0.0,Gd,Attchd,RFn,2.0,TA,TA,Y,0.0,3.7376696182833684,0.0,0.0,0.0,0.0,0.0,8.0,2009.0,WD,Normal,12.127575825689417
4.110873864173311,RL,75.0,9675.0,Reg,Lvl,Inside,Somerst,Norm,1Fam,2Story,7.0,5.0,2005.0,2005.0,Gable,CompShg,VinylSd,VinylSd,BrkFace,0.0,Gd,TA,PConc,Gd,TA,Mn,GLQ,341.0,0.0,6.650279048587422,1113.0,GasA,Ex,Y,SBrkr,6.755768921984255,-1.3877787807814457e-17,1971.0,0.0,0.0,2.0,1.0,3.0,0.6931471805599453,Gd,Typ,1.0,Gd,Attchd,RFn,2.0,TA,TA,Y,0.0,3.8918202981106265,0.0,0.0,0.0,0.0,0.0,2.0,2009.0,WD,Normal,12.441148720271016
4.110873864173311,RL,73.0,8760.0,Reg,Lvl,Inside,CollgCr,Norm,1Fam,2Story,7.0,5.0,2006.0,2006.0,Gable,CompShg,VinylSd,VinylSd,BrkFace,0.0,Gd,TA,PConc,Gd,Gd,Mn,GLQ,464.0,0.0,6.833031732786201,1391.0,GasA,Ex,Y,SBrkr,6.349138991379798,-1.3877787807814457e-17,1962.0,0.0,0.0,2.0,1.0,3.0,0.6931471805599453,Gd,Typ,0.0,Gd,Attchd,RFn,3.0,TA,TA,Y,0.0,4.51085950651685,0.0,0.0,0.0,0.0,0.0,8.0,2006.0,New,Partial,12.387560521575551
4.2626798770413155,RL,68.9,17673.5,Reg,Lvl,Inside,ClearCr,Norm,1Fam,2Story,7.0,7.0,1940.0,1950.0,Gable,CompShg,MetalSd,MetalSd,BrkFace,0.0,TA,Gd,CBlock,TA,TA,Mn,Unf,0.0,0.0,6.940222469119639,1032.0,GasA,Ex,Y,SBrkr,7.087573705557972,-1.3877787807814457e-17,2403.0,0.0,0.0,2.0,0.0,4.0,0.6931471805599453,TA,Typ,2.0,TA,Attchd,Unf,1.0,TA,TA,Y,4.04305126783455,0.0,5.765191102784844,0.0,0.0,0.0,0.0,6.0,2010.0,COD,Normal,12.406565597924235
4.51085950651685,RL,55.0,12640.0,IR1,Lvl,Inside,Mitchel,Norm,Duplex,1Story,6.0,5.0,1976.0,1976.0,Gable,CompShg,Plywood,Plywood,BrkFace,0.0,TA,TA,CBlock,TA,TA,Gd,Rec,936.0,5.983936280687191,5.983936280687191,1728.0,GasA,TA,Y,SBrkr,0.0,-1.3877787807814457e-17,1728.0,0.0,0.0,2.0,0.0,4.0,1.0986122886681098,TA,Typ,0.0,Gd,Attchd,Unf,2.0,TA,TA,Y,3.713572066704308,0.0,0.0,0.0,0.0,0.0,0.0,7.0,2006.0,WD,Normal,11.924379271639218
4.110873864173311,RL,88.7,8755.0,IR1,Lvl,FR2,Gilbert,RRNn,1Fam,2Story,7.0,5.0,1999.0,1999.0,Gable,CompShg,VinylSd,VinylSd,BrkFace,5.700443573390688,Gd,TA,PConc,Gd,TA,No,ALQ,772.0,0.0,5.3981627015177525,992.0,GasA,Ex,Y,SBrkr,6.9460139910992265,-1.3877787807814457e-17,2060.0,1.0,0.0,2.0,1.0,3.0,0.6931471805599453,Gd,Typ,1.0,TA,BuiltIn,RFn,2.0,TA,TA,Y,0.0,0.0,0.0,5.1298987149230735,0.0,0.0,0.0,6.0,2009.0,WD,Normal,12.273735966890268
4.51085950651685,RL,42.0,7711.0,IR1,Lvl,Inside,Edwards,Norm,Duplex,1Story,4.0,3.5,1977.0,1977.0,Gable,CompShg,MetalSd,MetalSd,BrkFace,0.0,TA,TA,PConc,Gd,TA,Gd,GLQ,1439.9999999999998,0.0,0.0,1440.0,GasA,TA,Y,SBrkr,0.0,-1.3877787807814457e-17,1440.0,2.0,0.0,2.0,0.0,4.0,1.0986122886681098,TA,Typ,0.0,Gd,Attchd,Unf,-2.220446049250313e-16,TA,TA,N,5.7745515455444085,0.0,0.0,0.0,0.0,0.0,0.0,8.0,2007.0,Oth,Abnorml,11.918397239722838
4.51085950651685,RL,100.0,17673.5,Reg,Low,Inside,Mitchel,Norm,Duplex,1Story,5.0,4.0,1967.0,1967.0,Gable,CompShg,HdBoard,Plywood,BrkFace,0.0,TA,TA,CBlock,TA,TA,Av,Unf,0.0,0.0,7.398174092970465,1632.0,GasA,TA,Y,SBrkr,0.0,-1.3877787807814457e-17,1632.0,0.0,0.0,2.0,0.0,4.0,1.0986122886681098,TA,Typ,0.0,Gd,Attchd,Unf,2.0,TA,TA,P,0.0,0.0,0.0,0.0,0.0,0.0,0.0,6.0,2007.0,WD,Normal,11.870606902224587
3.044522437723423,RL,89.2,14375.0,IR1,Lvl,CulDSac,Timber,Norm,1Fam,SLvl,6.0,6.0,1958.0,1958.0,Gable,CompShg,HdBoard,HdBoard,BrkFace,6.030685260261263,TA,TA,CBlock,TA,TA,No,GLQ,111.0,5.872117789475416,5.872117789475416,819.0,GasA,Gd,Y,FuseA,0.0,-1.3877787807814457e-17,1344.0,0.0,0.6931471805599452,1.0,0.0,3.0,0.6931471805599453,Gd,Typ,1.0,Gd,Basment,RFn,2.0,TA,TA,Y,0.0,4.77912349311153,0.0,0.0,5.455321115357702,0.0,0.0,1.0,2009.0,COD,Abnorml,11.83138646878959
3.9318256327243257,RM,98.0,8820.0,Reg,Lvl,Corner,OldTown,Norm,1Fam,1.5Fin,5.0,6.0,1890.0,1996.0,Hip,CompShg,VinylSd,VinylSd,BrkFace,0.0,TA,TA,BrkTil,TA,TA,No,LwQ,1088.0,0.0,0.0,1088.0,GasA,TA,Y,SBrkr,6.331501849893691,4.795790545596741,1869.0,0.0,0.0,1.0,0.0,2.0,0.6931471805599453,TA,Typ,0.0,Gd,Detchd,Unf,2.0,TA,TA,Y,3.8918202981106265,0.0,5.501258210544727,0.0,0.0,0.0,0.0,9.0,2009.0,WD,Normal,11.735276702486741
4.394449154672439,RL,70.0,8163.0,Reg,Lvl,Inside,NAmes,Norm,1Fam,SLvl,5.0,6.0,1959.0,1959.0,Gable,CompShg,HdBoard,HdBoard,BrkFace,4.859812404361672,TA,Gd,CBlock,TA,TA,Av,ALQ,748.0,5.68697535633982,4.634728988229636,1144.0,GasA,TA,Y,SBrkr,0.0,-1.3877787807814457e-17,1144.0,1.0,0.0,1.0,0.0,3.0,0.6931471805599453,TA,Typ,1.0,TA,Attchd,RFn,1.0,TA,TA,Y,4.465908118654584,0.0,0.0,0.0,0.0,0.0,0.0,2.9999999999999996,2006.0,WD,Normal,11.870606902224587
3.044522437723423,RL,85.0,14536.0,Reg,Lvl,Inside,Timber,Norm,1Fam,1Story,8.0,5.0,2002.0,2003.0,Hip,CompShg,VinylSd,VinylSd,BrkFace,5.4680601411351315,Gd,TA,PConc,Gd,TA,Av,GLQ,1300.0,0.0,5.75890177387728,1616.0,GasA,Ex,Y,SBrkr,0.0,-1.3877787807814457e-17,1629.0,1.0,0.0,2.0,0.0,3.0,0.6931471805599453,Gd,Typ,1.0,Gd,Attchd,Fin,3.0,TA,TA,Y,0.0,5.14166355650266,0.0,0.0,0.0,0.0,0.0,11.0,2007.0,WD,Normal,12.506180941677357
4.110873864173311,RL,65.0,14006.0,IR1,Lvl,Inside,CollgCr,Norm,1Fam,2Story,7.0,5.0,2002.0,2002.0,Gable,CompShg,VinylSd,VinylSd,BrkFace,4.976733742420574,Gd,TA,PConc,Gd,TA,No,Unf,0.0,0.0,6.842683282238422,936.0,GasA,Ex,Y,SBrkr,6.734591659972948,-1.3877787807814457e-17,1776.0,0.0,0.0,2.0,1.0,3.0,0.6931471805599453,Gd,Typ,1.0,TA,Attchd,RFn,2.0,TA,TA,Y,4.976733742420574,4.574710978503383,0.0,0.0,0.0,0.0,0.0,2.0,2006.0,WD,Normal,12.167856627501678
3.044522437723423,RL,78.0,9360.0,Reg,Lvl,Inside,NWAmes,Norm,1Fam,1Story,6.0,7.0,1972.0,2006.0,Hip,CompShg,Plywood,Plywood,BrkFace,0.0,TA,TA,CBlock,TA,TA,No,ALQ,982.0,0.0,5.19295685089021,1161.0,GasA,TA,Y,SBrkr,0.0,-1.3877787807814457e-17,1381.0,1.0,0.0,1.0,1.0,3.0,0.6931471805599453,Gd,Typ,1.0,TA,Attchd,RFn,2.0,TA,TA,Y,0.0,0.0,0.0,0.0,0.0,0.0,0.0,2.9999999999999996,2010.0,WD,Normal,12.193498926601634
3.044522437723423,RL,60.0,7200.0,Reg,Lvl,Inside,NAmes,Norm,1Fam,1Story,5.0,7.5,1950.0,2002.0,Gable,CompShg,VinylSd,VinylSd,BrkFace,0.0,TA,TA,CBlock,TA,TA,No,ALQ,398.0,5.0106352940962555,5.762051382780177,864.0,GasA,Gd,Y,SBrkr,0.0,-1.3877787807814457e-17,864.0,1.0,0.0,1.0,0.0,3.0,0.6931471805599453,Gd,Typ,0.0,Gd,Detchd,RFn,2.0,TA,TA,Y,5.272999558563747,0.0,0.0,0.0,0.0,0.0,0.0,7.0,2007.0,WD,Normal,11.767575435251748
3.044522437723423,RH,60.0,7800.0,Reg,Lvl,Corner,SawyerW,Norm,1Fam,1Story,5.0,5.0,1965.0,1965.0,Gable,CompShg,VinylSd,VinylSd,BrkFace,0.0,TA,TA,CBlock,TA,TA,No,BLQ,641.0,0.0,5.236441962829949,828.0,GasA,Gd,Y,SBrkr,0.0,-1.3877787807814457e-17,965.0,1.0,0.0,1.0,0.0,3.0,0.6931471805599453,TA,Typ,0.0,Gd,Detchd,Unf,1.0,TA,TA,Y,6.042632833682381,0.0,0.0,0.0,0.0,0.0,0.0,7.0,2006.0,WD,Abnorml,11.694421681264394
4.454347296253507,RL,60.0,7200.0,Reg,Lvl,Inside,CollgCr,Norm,1Fam,SFoyer,5.0,7.5,1972.0,2003.0,Gable,CompShg,WdShing,HdBoard,BrkFace,0.0,TA,Gd,CBlock,Gd,TA,Av,GLQ,660.0,0.0,4.6913478822291435,768.0,GasA,Gd,Y,SBrkr,0.0,-1.3877787807814457e-17,768.0,0.0,0.6931471805599452,1.0,0.0,2.0,0.6931471805599453,TA,Typ,0.0,Gd,Detchd,Fin,1.0,TA,TA,Y,5.262690188904886,0.0,0.0,0.0,0.0,0.0,0.0,4.0,2009.0,WD,Normal,11.804855999911272
4.110873864173311,RL,69.8,11075.0,IR1,Lvl,Inside,Mitchel,Norm,1Fam,2Story,5.0,4.0,1969.0,1969.0,Gable,CompShg,HdBoard,HdBoard,BrkFace,5.451038453565701,TA,TA,CBlock,TA,TA,Av,ALQ,562.0,5.267858159063328,3.4011973816621555,784.0,GasA,Ex,Y,SBrkr,6.68586094706836,-1.3877787807814457e-17,1968.0,0.0,0.6931471805599452,2.0,1.0,4.0,0.6931471805599453,TA,Min2,1.0,Po,Attchd,RFn,2.0,TA,TA,Y,5.723585101952381,5.14166355650266,0.0,0.0,0.0,0.0,5.993961427306569,9.0,2008.0,WD,Normal,12.055255569732177
4.51085950651685,RL,35.0,9400.0,IR1,Lvl,CulDSac,Edwards,Norm,Duplex,SFoyer,6.0,5.0,1975.0,1975.0,Flat,Tar&Grv,WdShing,Plywood,BrkFace,5.5254529391317835,TA,TA,CBlock,Gd,Gd,Gd,GLQ,945.0,0.0,0.0,945.0,GasA,TA,Y,SBrkr,0.0,-1.3877787807814457e-17,980.0,0.0,1.0986122886681098,2.0,0.0,4.0,0.0,TA,Typ,0.0,Gd,Attchd,Unf,-2.220446049250313e-16,TA,TA,Y,0.0,0.0,0.0,0.0,0.0,0.0,0.0,10.0,2006.0,WD,AdjLand,11.755879486687116
4.51085950651685,RH,82.0,7136.0,IR1,HLS,Inside,Crawfor,Norm,Duplex,2Story,6.0,6.0,1946.0,1950.0,Gable,CompShg,MetalSd,MetalSd,BrkFace,6.030685260261263,TA,TA,CBlock,Gd,TA,No,Rec,484.0,0.0,6.206575926724928,979.0,GasA,TA,N,FuseF,6.887552571664617,-1.3877787807814457e-17,1958.0,0.0,0.0,2.0,0.0,4.0,1.0986122886681098,TA,Typ,0.0,Gd,Attchd,Unf,2.0,TA,TA,Y,0.0,0.0,0.0,0.0,0.0,0.0,0.0,8.0,2007.0,WD,Normal,11.884495917930655
4.983606621708336,RM,27.500000000000007,1481.5,Reg,Lvl,Inside,Blueste,Norm,TwnhsE,2Story,6.0,6.0,1980.0,1980.0,Gable,CompShg,MetalSd,MetalSd,BrkFace,0.0,TA,TA,CBlock,Gd,TA,No,ALQ,285.0,0.0,5.6240175061873385,561.0,GasA,TA,Y,SBrkr,6.505784060128228,-1.3877787807814457e-17,1229.0,0.0,0.0,1.0,1.0,2.0,0.6931471805599453,TA,Typ,1.0,TA,Attchd,Fin,2.0,TA,TA,Y,5.017279836814924,0.0,0.0,0.0,0.0,0.0,0.0,5.0,2009.0,WD,Normal,11.728044909070785
3.044522437723423,RL,70.0,7420.0,Reg,Lvl,Inside,Sawyer,Norm,1Fam,1Story,5.0,5.0,1962.0,1962.0,Hip,CompShg,MetalSd,MetalSd,BrkFace,0.0,TA,TA,CBlock,TA,TA,No,Rec,417.0,0.0,6.46302945692067,1057.0,GasA,TA,Y,SBrkr,0.0,-1.3877787807814457e-17,1057.0,0.0,0.0,1.0,0.0,3.0,0.6931471805599453,TA,Typ,0.0,Gd,Detchd,Fin,2.0,TA,TA,Y,0.0,0.0,0.0,0.0,0.0,0.0,0.0,4.0,2007.0,WD,Normal,11.790564777297387
3.044522437723423,RL,65.0,8450.0,Reg,Lvl,Inside,CollgCr,Norm,1Fam,1Story,7.0,5.0,2003.0,2003.0,Gable,CompShg,VinylSd,VinylSd,BrkFace,0.0,Gd,TA,PConc,Gd,TA,Mn,GLQ,699.0,0.0,6.459904454377535,1337.0,GasA,Ex,Y,SBrkr,0.0,-1.3877787807814457e-17,1337.0,1.0,0.0,2.0,0.0,3.0,0.6931471805599453,Gd,Typ,0.0,Gd,Attchd,RFn,2.0,TA,TA,Y,0.0,3.6888794541139363,0.0,0.0,0.0,0.0,0.0,10.0,2007.0,WD,Normal,12.128116509451258
4.983606621708336,FV,27.500000000000007,2572.0,Reg,Lvl,FR2,Somerst,Norm,Twnhs,2Story,7.0,5.0,1999.0,1999.0,Hip,CompShg,MetalSd,MetalSd,BrkFace,0.0,Gd,TA,PConc,Gd,TA,No,ALQ,604.0,0.0,4.532599493153256,696.0,GasA,Ex,Y,SBrkr,6.580639137284949,-1.3877787807814457e-17,1416.0,1.0,0.0,2.0,1.0,3.0,0.6931471805599453,Gd,Typ,0.0,Gd,Detchd,Unf,2.0,TA,TA,Y,0.0,3.8066624897703196,0.0,0.0,0.0,0.0,0.0,5.0,2010.0,WD,Normal,11.951186847493476
3.044522437723423,RL,50.0,7207.0,IR1,Lvl,Inside,BrkSide,Norm,1Fam,1Story,5.0,7.0,1958.0,2008.0,Gable,CompShg,Wd Sdng,Plywood,BrkFace,0.0,TA,Gd,CBlock,TA,TA,Gd,BLQ,696.0,0.0,5.093750200806762,858.0,GasA,Gd,Y,SBrkr,0.0,-1.3877787807814457e-17,858.0,1.0,0.0,1.0,0.0,2.0,0.6931471805599453,TA,Typ,0.0,Gd,Attchd,Unf,-2.220446049250313e-16,TA,TA,Y,4.770684624465665,0.0,0.0,0.0,0.0,0.0,0.0,2.0,2010.0,WD,Normal,11.665655135642039
4.110873864173311,RL,91.2,12227.0,IR1,Lvl,Corner,NWAmes,PosN,1Fam,2Story,6.0,7.0,1977.0,1995.0,Gable,CompShg,HdBoard,HdBoard,BrkFace,6.030685260261263,TA,Gd,CBlock,Gd,Gd,No,ALQ,896.0,0.0,6.075346031088684,1330.0,GasA,TA,Y,SBrkr,7.193685818395112,-1.3877787807814457e-17,2747.625,1.0,0.0,2.0,1.0,4.0,0.6931471805599453,TA,Typ,1.0,TA,Attchd,Fin,2.0,TA,TA,Y,6.042632833682381,5.14166355650266,0.0,0.0,0.0,0.0,0.0,7.0,2008.0,WD,Normal,12.513561021741964
4.983606621708336,RL,27.500000000000007,2307.999999999999,Reg,Lvl,Corner,NPkVill,Norm,TwnhsE,2Story,6.0,6.0,1976.0,1976.0,Gable,CompShg,Plywood,Brk Cmn,BrkFace,0.0,TA,TA,CBlock,Gd,TA,No,ALQ,556.0,0.0,5.517452896464707,804.0,GasA,TA,Y,SBrkr,6.61338421837956,-1.3877787807814457e-17,1548.0,1.0,0.0,2.0,1.0,3.0,0.6931471805599453,Gd,Typ,1.0,TA,Detchd,Unf,2.0,TA,TA,Y,3.8918202981106265,0.0,0.0,0.0,0.0,0.0,0.0,7.0,2007.0,WD,Normal,11.951186847493476
3.044522437723423,RL,111.5,11923.0,IR1,Lvl,Corner,CollgCr,Norm,1Fam,1Story,9.0,5.0,2007.0,2007.0,Gable,CompShg,VinylSd,VinylSd,BrkFace,0.0,Gd,TA,PConc,Ex,TA,No,Unf,0.0,0.0,7.430410654501705,1800.0,GasA,Ex,Y,SBrkr,0.0,-1.3877787807814457e-17,1800.0,0.0,0.0,2.0,0.0,2.0,0.6931471805599453,Ex,Typ,0.0,Gd,Attchd,Fin,2.0,TA,TA,Y,5.666426688112432,4.919980925828125,0.0,0.0,0.0,0.0,0.0,5.0,2009.0,WD,Normal,12.384223015005313
4.110873864173311,RL,80.0,11316.0,Reg,Lvl,Corner,Timber,Norm,1Fam,2Story,7.0,5.0,2002.0,2003.0,Gable,CompShg,VinylSd,VinylSd,BrkFace,3.8066624897703196,Gd,TA,PConc,Gd,TA,No,GLQ,624.0,0.0,5.267858159063328,817.0,GasA,Ex,Y,SBrkr,6.976348070447749,-1.3877787807814457e-17,1894.0,1.0,0.0,2.0,1.0,4.0,0.6931471805599453,Gd,Typ,1.0,Gd,BuiltIn,Fin,2.0,TA,TA,Y,0.0,3.713572066704308,0.0,0.0,0.0,0.0,0.0,2.0,2010.0,WD,Normal,12.277932735946903
4.110873864173311,RL,65.0,10237.0,Reg,Lvl,Inside,Gilbert,RRAn,1Fam,2Story,6.0,5.0,2005.0,2007.0,Gable,CompShg,VinylSd,VinylSd,BrkFace,0.0,Gd,TA,PConc,Gd,TA,No,Unf,0.0,0.0,6.664409020350408,783.0,GasA,Ex,Y,SBrkr,6.553933404025811,-1.3877787807814457e-17,1484.0,0.0,0.0,2.0,1.0,3.0,0.6931471805599453,Gd,Typ,1.0,Gd,Attchd,Fin,2.0,TA,TA,Y,0.0,4.290459441148391,0.0,0.0,0.0,0.0,0.0,7.0,2007.0,New,Partial,12.094587859196112
3.9318256327243257,RL,111.5,9600.0,IR1,HLS,Inside,Crawfor,Norm,1Fam,1.5Fin,5.0,7.0,1940.0,1950.0,Gable,CompShg,MetalSd,MetalSd,BrkFace,0.0,Gd,Gd,BrkTil,TA,Fa,No,Rec,428.0,0.0,5.707110264748875,728.0,GasA,Ex,Y,SBrkr,5.808142489980444,-1.3877787807814457e-17,1308.0,1.0,0.0,1.0,1.0,2.0,0.6931471805599453,TA,Min2,2.0,TA,Detchd,Unf,1.0,TA,TA,Y,0.0,4.2626798770413155,0.0,0.0,0.0,0.0,0.0,6.0,2009.0,WD,Normal,11.982935344196433
3.044522437723423,RL,74.4,7390.0,IR1,Lvl,Inside,NAmes,Norm,1Fam,1Story,5.0,7.0,1955.0,1955.0,Hip,CompShg,Wd Sdng,Wd Sdng,BrkFace,5.0238805208462765,TA,TA,CBlock,TA,TA,No,ALQ,902.0,0.0,5.2832037287379885,1098.0,GasA,TA,Y,SBrkr,0.0,-1.3877787807814457e-17,1098.0,1.0,0.0,1.0,0.0,3.0,0.6931471805599453,TA,Typ,0.0,Gd,Attchd,Unf,1.0,TA,TA,Y,0.0,0.0,0.0,0.0,0.0,0.0,0.0,7.0,2008.0,WD,Normal,11.813037464800539
3.9318256327243257,RM,50.0,5925.0,Reg,Lvl,Inside,OldTown,Norm,1Fam,1.5Fin,3.0,6.0,1910.0,1950.0,Gable,CompShg,VinylSd,VinylSd,BrkFace,0.0,TA,TA,BrkTil,TA,TA,No,Unf,0.0,0.0,6.398594934535208,600.0,Grav,Fa,N,SBrkr,5.910796644040527,-1.3877787807814457e-17,968.0,0.0,0.0,1.0,0.0,2.0,0.6931471805599453,TA,Typ,0.0,Gd,Attchd,Unf,-2.220446049250313e-16,TA,TA,Y,0.0,0.0,0.0,0.0,0.0,0.0,0.0,5.0,2009.0,WD,Abnorml,10.542732775946709
4.983606621708336,RL,75.0,10382.0,Reg,Lvl,Inside,NAmes,Norm,2fmCon,SLvl,6.0,5.0,1958.0,1958.0,Hip,CompShg,HdBoard,HdBoard,BrkFace,4.663439094112067,TA,Fa,CBlock,TA,TA,Gd,ALQ,513.0,0.0,4.330733340286331,588.0,GasA,TA,Y,SBrkr,0.0,-1.3877787807814457e-17,1095.0,1.0,0.0,1.0,0.0,2.0,0.6931471805599453,TA,Typ,0.0,Gd,Attchd,RFn,1.0,TA,TA,Y,0.0,0.0,0.0,0.0,0.0,0.0,0.0,2.9999999999999996,2006.0,ConLD,Normal,11.849404844423074
3.9318256327243257,RL,60.0,10800.0,Reg,Lvl,Inside,NAmes,Norm,1Fam,1.5Fin,4.0,4.0,1949.0,1950.0,Gable,CompShg,AsbShng,AsbShng,BrkFace,0.0,TA,TA,CBlock,TA,TA,No,Unf,0.0,0.0,6.580639137284949,720.0,GasA,TA,N,FuseA,6.159095388491933,-1.3877787807814457e-17,1192.0,0.0,0.0,1.0,1.0,4.0,0.6931471805599453,TA,Typ,0.0,Gd,Attchd,Unf,-2.220446049250313e-16,TA,TA,Y,0.0,0.0,0.0,0.0,0.0,0.0,0.0,12.0,2006.0,WD,Abnorml,11.813037464800539
4.983606621708336,RL,36.0,2268.000000000001,Reg,Lvl,Inside,NridgHt,Norm,Twnhs,2Story,7.0,5.0,2003.0,2004.0,Gable,CompShg,VinylSd,Wd Shng,Stone,4.672828834461906,Gd,TA,PConc,Gd,TA,No,GLQ,567.0,0.0,5.288267030694535,764.0,GasA,Ex,Y,SBrkr,6.760414691083428,-1.3877787807814457e-17,1626.0,0.0,0.0,2.0,0.0,2.0,0.6931471805599453,Gd,Typ,0.0,Gd,BuiltIn,RFn,2.0,TA,TA,Y,0.0,3.332204510175204,0.0,0.0,0.0,0.0,0.0,7.0,2009.0,WD,Normal,12.06105265381003
4.795790545596741,RL,55.0,7892.0,Reg,Lvl,Inside,SawyerW,Norm,TwnhsE,1Story,6.0,5.0,1979.0,1979.0,Gable,CompShg,Plywood,Plywood,BrkFace,0.0,TA,TA,CBlock,Gd,TA,No,Unf,0.0,0.0,6.823286122355687,918.0,GasA,TA,Y,SBrkr,0.0,-1.3877787807814457e-17,918.0,0.0,0.0,2.0,0.0,2.0,0.6931471805599453,TA,Typ,1.0,TA,Attchd,Unf,1.0,TA,TA,Y,3.367295829986474,0.0,0.0,0.0,0.0,0.0,0.0,4.0,2010.0,WD,Normal,11.507922973347437
3.044522437723423,FV,95.0,11639.0,Reg,Lvl,Corner,Somerst,Norm,1Fam,1Story,7.0,5.0,2007.0,2008.0,Gable,CompShg,CemntBd,CmentBd,BrkFace,3.1670270693452407,Gd,TA,PConc,Gd,TA,No,Unf,0.0,0.0,7.264730177929867,1428.0,GasA,Ex,Y,SBrkr,0.0,-1.3877787807814457e-17,1428.0,0.0,0.0,2.0,0.0,3.0,0.6931471805599453,Gd,Typ,0.0,Gd,Attchd,Fin,2.0,TA,TA,Y,0.0,4.795790545596741,0.0,0.0,0.0,0.0,0.0,12.0,2008.0,New,Partial,12.111767460549332
4.2626798770413155,RL,60.0,11414.0,IR1,Lvl,Corner,BrkSide,RRAn,1Fam,2Story,7.0,7.5,1910.0,1993.0,Gable,CompShg,HdBoard,HdBoard,BrkFace,0.0,TA,Gd,BrkTil,Gd,TA,No,Unf,0.0,0.0,6.591673732008658,728.0,GasA,TA,N,SBrkr,6.784457062637643,-1.3877787807814457e-17,2019.0,0.0,0.0,1.0,0.0,3.0,0.6931471805599453,Gd,Typ,0.0,Gd,Detchd,Unf,2.0,TA,TA,Y,6.042632833682381,4.912654885736052,0.0,0.0,0.0,0.0,0.0,10.0,2009.0,WD,Normal,12.02874460037869
4.983606621708336,FV,52.7,2651.0,Reg,Lvl,FR2,Somerst,Norm,Twnhs,2Story,7.0,5.0,2000.0,2000.0,Gable,CompShg,MetalSd,MetalSd,BrkFace,0.0,Gd,TA,PConc,Gd,TA,No,GLQ,641.0,0.0,3.4965075614664802,673.0,GasA,Ex,Y,SBrkr,6.565264970035361,-1.3877787807814457e-17,1382.0,1.0,0.0,2.0,1.0,3.0,0.6931471805599453,Gd,Typ,0.0,Gd,Detchd,Unf,2.0,TA,TA,Y,5.0369526024136295,3.9318256327243257,0.0,0.0,0.0,0.0,0.0,4.0,2006.0,WD,Normal,12.013706813470414
3.4339872044851463,RL,51.0,5900.0,IR1,Bnk,Inside,BrkSide,Norm,1Fam,1Story,4.0,7.0,1923.0,1958.0,Gable,CompShg,Wd Sdng,Wd Sdng,BrkFace,0.0,TA,TA,PConc,Gd,TA,No,Unf,0.0,0.0,6.089044875446846,440.0,GasA,TA,Y,FuseA,0.0,-1.3877787807814457e-17,869.0,0.0,0.0,1.0,0.0,2.0,0.6931471805599453,Fa,Typ,0.0,Gd,Attchd,Unf,-2.220446049250313e-16,TA,TA,Y,0.0,0.0,0.0,0.0,0.0,0.0,0.0,8.0,2006.0,WD,Normal,11.356283350762888
4.795790545596741,FV,35.0,4274.0,IR1,Lvl,Inside,Somerst,Norm,TwnhsE,1Story,7.0,5.0,2006.0,2007.0,Gable,CompShg,VinylSd,VinylSd,BrkFace,4.191749894572295,Gd,TA,PConc,Gd,TA,No,GLQ,1106.0,0.0,4.912654885736052,1241.0,GasA,Ex,Y,SBrkr,0.0,-1.3877787807814457e-17,1241.0,1.0,0.0,1.0,1.0,1.0,0.6931471805599453,Gd,Typ,0.0,Gd,Attchd,Fin,2.0,TA,TA,Y,0.0,4.762173934797756,0.0,0.0,0.0,0.0,0.0,11.0,2007.0,New,Partial,12.20557752297723
3.044522437723423,RL,68.0,9450.0,Reg,Bnk,Inside,Edwards,Norm,1Fam,1Story,4.0,5.0,1954.0,1954.0,Gable,CompShg,MetalSd,MetalSd,BrkFace,0.0,TA,TA,CBlock,TA,TA,No,LwQ,552.0,0.0,5.8377304471659395,894.0,GasA,Ex,Y,SBrkr,0.0,-1.3877787807814457e-17,894.0,0.0,0.0,1.0,0.0,3.0,0.6931471805599453,TA,Typ,0.0,Gd,Detchd,Unf,2.0,TA,TA,Y,0.0,0.0,0.0,0.0,0.0,0.0,0.0,5.0,2007.0,WD,Abnorml,11.608244735642321
3.044522437723423,RL,80.0,8816.0,Reg,Lvl,Corner,Sawyer,Feedr,1Fam,1Story,5.0,6.0,1963.0,1963.0,Gable,CompShg,VinylSd,VinylSd,BrkFace,0.0,TA,TA,PConc,TA,TA,No,Rec,651.0,0.0,6.154858094016418,1121.0,GasA,TA,Y,SBrkr,0.0,-1.3877787807814457e-17,1121.0,1.0,0.0,1.0,0.0,3.0,0.6931471805599453,TA,Typ,0.0,Gd,Detchd,Unf,2.0,TA,TA,Y,0.0,4.394449154672439,0.0,0.0,0.0,0.0,0.0,6.0,2009.0,WD,Normal,11.842236406331555
4.454347296253507,RL,72.4,12122.0,IR1,Lvl,Corner,NAmes,Norm,1Fam,SFoyer,7.0,7.5,1961.0,2007.0,Gable,CompShg,CemntBd,CmentBd,Stone,5.3518581334760675,Ex,TA,CBlock,TA,TA,Av,ALQ,867.0,0.0,4.356708826689592,944.0,GasA,Gd,Y,SBrkr,0.0,-1.3877787807814457e-17,999.0,1.0,0.0,1.0,0.0,3.0,0.6931471805599453,Ex,Typ,0.0,Gd,Attchd,RFn,2.0,TA,TA,Y,4.976733742420574,4.343805421853684,0.0,0.0,0.0,0.0,0.0,7.0,2008.0,WD,Normal,12.091789104493502
4.110873864173311,RL,98.0,12203.0,IR1,Lvl,Corner,NoRidge,Norm,1Fam,2Story,8.0,5.0,1998.0,1999.0,Hip,CompShg,VinylSd,VinylSd,BrkFace,6.030685260261263,Gd,TA,PConc,Gd,TA,No,GLQ,854.0,0.0,5.918893854273146,1225.0,GasA,Ex,Y,SBrkr,7.198183577101943,-1.3877787807814457e-17,2612.0,1.0,0.0,2.0,1.0,4.0,0.6931471805599453,Gd,Typ,1.0,TA,Attchd,Fin,3.0,TA,TA,Y,5.5254529391317835,0.0,0.0,0.0,0.0,0.0,0.0,7.0,2009.0,WD,Normal,12.724869415131389
3.044522437723423,RL,43.0,3182.0,Reg,Lvl,Inside,Blmngtn,Norm,1Fam,1Story,7.0,5.0,2007.0,2007.0,Gable,CompShg,VinylSd,VinylSd,BrkFace,2.833213344056216,Gd,TA,PConc,Gd,TA,Av,Unf,0.0,0.0,7.144407180321139,1266.0,GasA,Ex,Y,SBrkr,0.0,-1.3877787807814457e-17,1266.0,0.0,0.0,2.0,0.0,2.0,0.6931471805599453,Gd,Typ,1.0,Gd,Attchd,Fin,2.0,TA,TA,Y,4.61512051684126,2.833213344056216,0.0,0.0,0.0,0.0,0.0,2.9999999999999996,2008.0,WD,Normal,11.982278882874377
4.110873864173311,RL,87.5,11250.0,Reg,Lvl,Corner,CollgCr,Norm,1Fam,2Story,8.0,5.0,2002.0,2002.0,Gable,CompShg,CemntBd,CmentBd,BrkFace,0.0,Gd,TA,PConc,Gd,TA,Mn,Unf,0.0,0.0,7.029087564149662,1128.0,GasA,Ex,Y,SBrkr,7.040536390215955,-1.3877787807814457e-17,2290.0,0.0,0.0,2.0,1.0,4.0,0.6931471805599453,Gd,Typ,1.0,Gd,Attchd,Unf,2.0,TA,TA,Y,0.0,0.0,0.0,0.0,0.0,0.0,0.0,5.0,2008.0,WD,Normal,12.45254592991672
4.51085950651685,RL,75.0,10125.0,Reg,Lvl,Inside,Mitchel,Norm,Duplex,1.5Fin,5.0,5.0,1977.0,1977.0,Gable,CompShg,Plywood,Plywood,BrkFace,0.0,TA,TA,CBlock,TA,TA,No,Unf,0.0,0.0,0.0,42.0,GasA,TA,Y,SBrkr,6.07073772800249,-1.3877787807814457e-17,1734.0,0.0,0.0,2.0,0.0,4.0,1.0986122886681098,Gd,Typ,0.0,Gd,Attchd,Unf,2.0,TA,TA,Y,0.0,0.0,0.0,0.0,0.0,0.0,0.0,8.0,2009.0,COD,Normal,11.744045122410057
4.983606621708336,RL,68.0,10880.0,Reg,Lvl,Inside,Edwards,Norm,2fmCon,1Story,5.0,5.0,1950.0,1950.0,Gable,CompShg,MetalSd,MetalSd,BrkFace,0.0,TA,TA,CBlock,TA,TA,No,ALQ,1040.0,0.0,4.8283137373023015,1164.0,GasW,TA,N,SBrkr,0.0,-1.3877787807814457e-17,1164.0,1.0,0.0,1.0,0.0,3.0,0.6931471805599453,TA,Typ,0.0,Gd,Detchd,Unf,1.0,TA,TA,Y,0.0,3.8918202981106265,0.0,0.0,0.0,0.0,0.0,8.0,2008.0,ConLD,Normal,11.736077016252437
3.9318256327243257,RM,59.0,5310.0,Reg,Lvl,Corner,OldTown,Feedr,1Fam,1.5Fin,6.0,7.5,1910.0,2003.0,Hip,CompShg,VinylSd,VinylSd,BrkFace,0.0,TA,Gd,CBlock,TA,Fa,No,Unf,0.0,0.0,6.186208623900494,485.0,GasA,Gd,Y,SBrkr,6.453624998892692,-1.3877787807814457e-17,1635.0,0.0,0.0,1.0,0.0,2.0,0.6931471805599453,Gd,Typ,0.0,Gd,Attchd,Unf,1.0,Fa,TA,Y,5.978885764901122,0.0,0.0,0.0,0.0,0.0,0.0,6.0,2006.0,WD,Normal,11.669937760751914
3.044522437723423,RL,83.0,10159.0,IR1,Lvl,Inside,NridgHt,Norm,1Fam,1Story,9.0,5.0,2009.0,2010.0,Hip,CompShg,VinylSd,VinylSd,Stone,6.030685260261263,Ex,TA,PConc,Ex,TA,Av,GLQ,1646.0,0.0,5.652489180268651,1930.0,GasA,Ex,Y,SBrkr,0.0,-1.3877787807814457e-17,1940.0,1.0,0.0,2.0,1.0,3.0,0.6931471805599453,Ex,Typ,1.0,Gd,Attchd,Fin,3.0,TA,TA,Y,5.1298987149230735,4.564348191467836,0.0,0.0,0.0,0.0,0.0,4.0,2010.0,New,Partial,12.887129532148373
4.110873864173311,RL,81.4,12046.0,IR1,Lvl,Inside,NWAmes,Norm,1Fam,2Story,6.0,6.0,1976.0,1976.0,Gable,CompShg,Plywood,Plywood,BrkFace,5.700443573390688,TA,TA,CBlock,TA,TA,No,LwQ,156.0,0.0,6.541029999189903,848.0,GasA,TA,Y,SBrkr,6.816735880594968,-1.3877787807814457e-17,2030.0,0.0,0.0,2.0,1.0,4.0,0.6931471805599453,Gd,Typ,1.0,TA,Attchd,Fin,2.0,TA,TA,Y,0.0,5.14166355650266,0.0,0.0,0.0,0.0,0.0,6.0,2007.0,WD,Normal,12.180759965737863
4.110873864173311,FV,65.0,8125.0,Reg,Lvl,Inside,Somerst,Norm,1Fam,2Story,7.0,5.0,2006.0,2006.0,Gable,CompShg,VinylSd,VinylSd,BrkFace,0.0,Gd,TA,PConc,Gd,Gd,No,Unf,0.0,0.0,6.647688373563329,770.0,GasA,Ex,Y,SBrkr,6.683360945766275,-1.3877787807814457e-17,1576.0,0.0,0.0,2.0,1.0,3.0,0.6931471805599453,Gd,Typ,0.0,Gd,Attchd,RFn,2.0,TA,TA,Y,0.0,3.9318256327243257,0.0,0.0,0.0,0.0,0.0,8.0,2006.0,New,Partial,12.190964083849375
4.110873864173311,RL,82.0,9452.0,Reg,Lvl,Inside,NoRidge,Norm,1Fam,2Story,8.0,5.0,1997.0,1998.0,Gable,CompShg,VinylSd,VinylSd,BrkFace,6.030685260261263,Gd,TA,PConc,Gd,TA,No,GLQ,1074.0,0.0,5.777652323222656,1396.0,GasA,Ex,Y,SBrkr,6.893656354602635,-1.3877787807814457e-17,2392.0,1.0,0.0,2.0,1.0,3.0,0.6931471805599453,Gd,Typ,1.0,TA,Attchd,Fin,3.0,TA,TA,Y,0.0,4.2626798770413155,0.0,0.0,0.0,0.0,0.0,6.0,2006.0,WD,Normal,12.759960632315702
4.2626798770413155,RM,111.5,17671.0,Reg,Lvl,Corner,OldTown,Artery,1Fam,2Story,8.0,7.5,1885.0,1986.0,Gable,CompShg,Wd Sdng,Wd Sdng,BrkFace,0.0,Gd,Gd,BrkTil,TA,TA,No,BLQ,216.0,0.0,6.55250788703459,916.0,GasA,Gd,Y,SBrkr,6.717804695023691,-1.3877787807814457e-17,1742.0,0.0,0.0,1.0,1.0,4.0,0.6931471805599453,Gd,Typ,1.0,Gd,Attchd,Unf,2.0,TA,TA,P,0.0,5.135798437050262,0.0,0.0,0.0,0.0,0.0,11.0,2009.0,WD,Normal,12.031725210748633
4.110873864173311,RL,80.0,9760.0,Reg,Lvl,Inside,NAmes,Norm,1Fam,2Story,6.0,7.5,1964.0,1993.0,Hip,CompShg,Wd Sdng,Wd Sdng,BrkFace,5.831882477283517,TA,TA,CBlock,TA,TA,Gd,BLQ,536.0,4.770684624465664,5.135798437050262,822.0,GasA,Gd,Y,SBrkr,6.723832440821209,-1.3877787807814457e-17,1851.0,0.0,0.0,2.0,1.0,3.0,0.6931471805599453,Gd,Typ,1.0,Fa,Attchd,RFn,2.0,TA,TA,Y,5.480638923341991,3.7612001156935624,0.0,0.0,0.0,0.0,0.0,7.0,2007.0,WD,Normal,12.138869243416009
4.110873864173311,RL,68.0,8846.0,Reg,Lvl,Inside,CollgCr,Norm,1Fam,2Story,6.0,5.0,2005.0,2006.0,Gable,CompShg,VinylSd,VinylSd,BrkFace,0.0,TA,TA,PConc,Gd,TA,No,Unf,0.0,0.0,6.621405651764134,750.0,GasA,Ex,Y,SBrkr,6.621405651764134,-1.3877787807814457e-17,1500.0,0.0,0.0,2.0,1.0,3.0,0.6931471805599453,Gd,Typ,0.0,Gd,Attchd,RFn,2.0,TA,TA,Y,0.0,3.58351893845611,0.0,0.0,0.0,0.0,0.0,8.0,2006.0,New,Partial,12.066241450757124
3.044522437723423,RL,96.0,12456.0,Reg,Lvl,FR2,NridgHt,Norm,1Fam,1Story,10.0,5.0,2006.0,2007.0,Hip,CompShg,CemntBd,CmentBd,Stone,5.442417710521793,Ex,TA,PConc,Ex,TA,Gd,GLQ,1172.0,0.0,6.270988431858299,1700.0,GasA,Ex,Y,SBrkr,0.0,-1.3877787807814457e-17,1718.0,1.0,0.0,2.0,0.0,3.0,0.6931471805599453,Ex,Typ,1.0,Gd,Attchd,Fin,3.0,TA,TA,Y,5.37989735354046,3.8918202981106265,0.0,0.0,0.0,0.0,0.0,7.0,2009.0,WD,Normal,12.729323752253295
3.9318256327243257,RL,51.0,4712.0,IR1,Lvl,Inside,BrkSide,Feedr,1Fam,1.5Fin,4.0,7.0,1946.0,1950.0,Gable,CompShg,MetalSd,MetalSd,BrkFace,0.0,TA,TA,CBlock,TA,TA,No,ALQ,384.0,0.0,5.8971538676367405,747.0,GasA,TA,Y,SBrkr,6.124683390894205,-1.3877787807814457e-17,1230.0,1.0,0.0,1.0,1.0,3.0,0.6931471805599453,TA,Typ,0.0,Gd,Detchd,Unf,1.0,TA,TA,Y,0.0,4.060443010546419,0.0,0.0,4.1588830833596715,0.0,0.0,8.0,2006.0,WD,Abnorml,11.7085004721646
3.044522437723423,RL,72.6,10659.0,IR1,Lvl,Inside,NAmes,Norm,1Fam,1Story,5.0,6.0,1961.0,1961.0,Hip,CompShg,Wd Sdng,Wd Sdng,BrkFace,0.0,TA,TA,CBlock,TA,TA,No,Rec,915.0,0.0,4.912654885736052,1050.0,GasA,TA,Y,SBrkr,0.0,-1.3877787807814457e-17,1050.0,1.0,0.0,1.0,0.0,3.0,0.6931471805599453,TA,Typ,0.0,Gd,Attchd,Unf,1.0,TA,TA,Y,0.0,5.14166355650266,0.0,0.0,0.0,0.0,0.0,1.0,2006.0,COD,Normal,11.824087219587643
3.044522437723423,RL,75.0,11717.0,IR1,Lvl,Inside,NWAmes,PosA,1Fam,1Story,6.0,6.0,1970.0,1970.0,Hip,CompShg,HdBoard,HdBoard,BrkFace,6.030685260261263,TA,TA,CBlock,TA,TA,No,Unf,0.0,0.0,7.274479558773871,1442.0,GasA,TA,Y,SBrkr,0.0,-1.3877787807814457e-17,1442.0,0.0,0.0,2.0,0.0,2.0,0.6931471805599453,TA,Typ,1.0,TA,Attchd,RFn,2.0,TA,TA,Y,5.918893854273146,0.0,0.0,0.0,0.0,0.0,0.0,2.0,2009.0,WD,Normal,12.128116509451258
3.4339872044851463,RM,60.0,9786.0,Reg,Lvl,Inside,IDOTRR,Norm,1Fam,1Story,3.0,4.0,1922.0,1950.0,Hip,CompShg,Wd Sdng,Wd Sdng,BrkFace,0.0,TA,TA,BrkTil,TA,Fa,No,Unf,0.0,0.0,6.915723448631314,1007.0,GasA,Fa,N,SBrkr,0.0,-1.3877787807814457e-17,1077.0,0.0,0.0,1.0,0.0,3.0,0.6931471805599453,TA,Typ,1.0,Gd,Detchd,Unf,1.0,TA,Fa,P,0.0,4.61512051684126,3.8918202981106265,0.0,0.0,0.0,0.0,5.0,2006.0,WD,Normal,11.418625774449598
3.044522437723423,RL,64.0,6762.0,Reg,Lvl,Inside,CollgCr,Norm,1Fam,1Story,7.0,5.0,2006.0,2006.0,Gable,CompShg,VinylSd,VinylSd,Stone,3.2188758248682006,Gd,TA,PConc,Gd,TA,Av,GLQ,686.0,0.0,6.218600119691729,1187.0,GasA,Ex,Y,SBrkr,0.0,-1.3877787807814457e-17,1208.0,1.0,0.0,2.0,0.0,2.0,0.6931471805599453,Gd,Typ,0.0,Gd,Attchd,RFn,2.0,TA,TA,Y,4.663439094112067,4.127134385045092,0.0,0.0,0.0,0.0,0.0,2.0,2010.0,WD,Normal,12.235636302128867
3.044522437723423,RL,74.0,10206.0,Reg,Lvl,Corner,Edwards,Norm,1Fam,1Story,3.0,3.5,1952.0,1952.0,Flat,Tar&Grv,BrkComm,Brk Cmn,BrkFace,0.0,TA,TA,Slab,TA,TA,No,Unf,0.0,0.0,0.0,42.0,GasW,Fa,N,FuseF,0.0,-1.3877787807814457e-17,944.0,0.0,0.0,1.0,0.0,2.0,0.6931471805599453,Fa,Min1,0.0,Gd,Detchd,Unf,2.0,TA,Fa,Y,0.0,0.0,0.0,0.0,0.0,0.0,0.0,7.0,2009.0,WD,Normal,11.314486721293981
3.4339872044851463,RL,60.0,5400.0,Reg,Lvl,Corner,OldTown,Norm,1Fam,1Story,5.0,6.0,1920.0,1950.0,Gable,CompShg,Wd Sdng,Wd Sdng,BrkFace,0.0,TA,TA,BrkTil,Fa,TA,No,Unf,0.0,0.0,6.539585955617669,691.0,GasA,Ex,Y,FuseA,0.0,-1.3877787807814457e-17,691.0,0.0,0.0,1.0,0.0,2.0,0.6931471805599453,Ex,Typ,0.0,Gd,Detchd,Unf,1.0,Fa,TA,N,0.0,3.044522437723423,4.553876891600541,0.0,0.0,0.0,0.0,1.0,2007.0,WD,Abnorml,11.362114203075018
3.044522437723423,RL,75.0,11957.0,IR1,Lvl,Inside,Somerst,RRAn,1Fam,1Story,8.0,5.0,2006.0,2006.0,Gable,CompShg,VinylSd,VinylSd,BrkFace,3.9889840465642745,Gd,TA,PConc,Gd,TA,No,GLQ,24.0,0.0,7.346655163176539,1574.0,GasA,Ex,Y,SBrkr,0.0,-1.3877787807814457e-17,1574.0,0.0,0.0,2.0,0.0,3.0,0.6931471805599453,Gd,Typ,1.0,Gd,Attchd,RFn,3.0,TA,TA,Y,4.976733742420574,4.653960350157523,0.0,0.0,0.0,0.0,0.0,7.0,2008.0,WD,Normal,12.354496960983985
4.51085950651685,RL,82.6,11500.0,IR1,Lvl,Corner,NWAmes,Feedr,Duplex,1Story,5.0,6.0,1976.0,1976.0,Gable,CompShg,VinylSd,VinylSd,BrkFace,5.105945473900579,TA,TA,CBlock,TA,TA,No,Unf,0.0,0.0,7.427144133408616,1680.0,GasA,Fa,Y,SBrkr,0.0,-1.3877787807814457e-17,1680.0,0.0,0.0,2.0,0.0,4.0,1.0986122886681098,TA,Typ,0.0,Gd,Detchd,Unf,2.0,TA,TA,Y,0.0,0.0,0.0,0.0,0.0,0.0,0.0,6.0,2007.0,WD,Normal,11.827049837927534
4.795790545596741,RL,43.0,3182.0,Reg,Lvl,Inside,Blmngtn,Norm,TwnhsE,1Story,7.0,5.0,2005.0,2006.0,Gable,CompShg,VinylSd,VinylSd,BrkFace,2.833213344056216,Gd,TA,PConc,Gd,TA,No,GLQ,16.0,0.0,7.193685818395112,1346.0,GasA,Ex,Y,SBrkr,0.0,-1.3877787807814457e-17,1504.0,0.0,0.0,2.0,0.0,1.0,0.6931471805599453,Gd,Typ,1.0,Gd,Attchd,Fin,2.0,TA,TA,Y,5.056245805348308,0.0,0.0,0.0,0.0,0.0,0.0,5.0,2009.0,WD,Normal,12.10625783509458
4.394449154672439,RL,65.0,8385.0,Reg,Lvl,Inside,CollgCr,Norm,1Fam,SLvl,5.0,7.5,1977.0,1977.0,Gable,CompShg,HdBoard,HdBoard,BrkFace,5.398162701517752,Gd,TA,CBlock,Gd,Gd,Av,GLQ,595.0,0.0,5.968707559985366,985.0,GasA,TA,Y,SBrkr,0.0,-1.3877787807814457e-17,985.0,0.0,0.0,2.0,0.0,3.0,0.6931471805599453,TA,Typ,0.0,Gd,Attchd,Unf,1.0,TA,TA,Y,5.351858133476067,0.0,0.0,0.0,0.0,0.0,0.0,11.0,2008.0,WD,Normal,11.917730355182513
3.044522437723423,RL,80.8,12155.0,IR3,Lvl,Inside,NAmes,PosN,1Fam,1Story,6.0,3.5,1970.0,1970.0,Gable,CompShg,Plywood,Plywood,BrkFace,0.0,TA,TA,CBlock,Gd,TA,No,LwQ,1237.0,0.0,6.042632833682381,1657.0,GasA,Gd,Y,SBrkr,0.0,-1.3877787807814457e-17,1657.0,0.0,0.6931471805599452,2.0,0.0,3.0,0.6931471805599453,TA,Typ,1.0,TA,Attchd,Unf,2.0,TA,TA,Y,0.0,0.0,0.0,0.0,4.997212273764115,0.0,0.0,2.9999999999999996,2007.0,WD,Normal,12.004574385508691
4.983606621708336,RM,27.500000000000007,2217.0,Reg,Lvl,Inside,MeadowV,Norm,TwnhsE,2Story,4.0,4.0,1970.0,1970.0,Gable,CompShg,CemntBd,CmentBd,BrkFace,0.0,TA,TA,CBlock,TA,TA,No,BLQ,273.0,5.61312810638807,0.0,546.0,GasA,TA,Y,SBrkr,6.304448802421982,-1.3877787807814457e-17,1092.0,0.0,0.0,1.0,1.0,3.0,0.6931471805599453,TA,Typ,0.0,Gd,Attchd,RFn,1.0,TA,TA,Y,5.476463551931511,0.0,0.0,0.0,0.0,0.0,0.0,8.0,2009.0,WD,Normal,11.385103457032141
3.044522437723423,RL,43.0,12118.0,IR1,Lvl,CulDSac,Mitchel,Norm,1Fam,1Story,7.0,5.0,2004.0,2005.0,Hip,CompShg,VinylSd,VinylSd,Stone,4.6913478822291435,Gd,TA,PConc,Ex,TA,Mn,Unf,0.0,0.0,7.430410654501705,1710.0,GasA,Ex,Y,SBrkr,0.0,-1.3877787807814457e-17,1710.0,0.0,0.0,2.0,0.0,3.0,0.6931471805599453,Gd,Typ,1.0,Gd,Attchd,Fin,2.0,TA,TA,Y,4.61512051684126,3.8918202981106265,0.0,0.0,5.198497031265826,0.0,0.0,4.0,2009.0,WD,Normal,12.388398368982115
3.9318256327243257,RL,60.0,6000.0,Reg,Lvl,Inside,SWISU,Norm,1Fam,1.5Fin,5.0,5.0,1926.0,1950.0,Gable,CompShg,Wd Sdng,Wd Sdng,BrkFace,0.0,TA,Fa,BrkTil,TA,TA,No,Unf,0.0,0.0,6.9167150203536085,1008.0,GasA,Ex,Y,SBrkr,0.0,6.244166900663736,1522.0,0.0,0.0,2.0,0.0,4.0,0.6931471805599453,TA,Typ,0.0,Gd,Attchd,Unf,-2.220446049250313e-16,TA,TA,P,0.0,0.0,4.9344739331306915,0.0,0.0,0.0,0.0,6.0,2006.0,WD,Normal,11.532737896139919
3.9318256327243257,RL,111.5,17673.5,Reg,Lvl,Inside,Sawyer,Norm,1Fam,1.5Fin,5.0,5.0,1948.0,1950.0,Gable,CompShg,Wd Sdng,Wd Sdng,BrkFace,0.0,TA,TA,CBlock,TA,TA,No,Unf,0.0,0.0,6.580639137284949,720.0,GasA,TA,Y,SBrkr,6.313548046277095,-1.3877787807814457e-17,1271.0,0.0,0.0,2.0,0.0,4.0,0.6931471805599453,TA,Typ,1.0,Gd,Attchd,Unf,1.0,TA,TA,Y,0.0,0.0,4.6913478822291435,0.0,0.0,0.0,0.0,8.0,2008.0,WD,Normal,11.813037464800539
4.51085950651685,RL,75.0,9825.0,Reg,Lvl,Inside,Edwards,Norm,Duplex,1Story,5.0,5.0,1965.0,1965.0,Hip,CompShg,AsphShn,AsphShn,BrkFace,0.0,TA,TA,CBlock,TA,TA,No,Unf,0.0,0.0,0.0,42.0,GasA,TA,N,SBrkr,0.0,-1.3877787807814457e-17,1664.0,0.0,0.0,2.0,0.0,4.0,1.0986122886681098,TA,Typ,0.0,Gd,Attchd,Unf,-2.220446049250313e-16,TA,TA,Y,0.0,0.0,0.0,0.0,0.0,0.0,0.0,5.0,2010.0,WD,Normal,11.51293546492023
4.2626798770413155,RL,55.0,10592.0,Reg,Lvl,Inside,Crawfor,Norm,1Fam,2Story,6.0,7.0,1923.0,1996.0,Hip,CompShg,Wd Sdng,Wd Sdng,BrkFace,0.0,TA,Gd,PConc,TA,Fa,No,Unf,0.0,0.0,6.401917196727186,602.0,GasA,TA,Y,SBrkr,6.401917196727187,-1.3877787807814457e-17,1502.0,0.0,0.0,1.0,1.0,3.0,0.6931471805599453,Gd,Typ,2.0,TA,Detchd,Unf,1.0,TA,TA,Y,4.574710978503383,0.0,4.727387818712341,0.0,3.9889840465642745,0.0,0.0,8.0,2007.0,WD,Normal,12.013706813470414
3.4339872044851463,RM,60.0,7200.0,Reg,Lvl,Inside,OldTown,Norm,1Fam,1Story,5.0,4.0,1910.0,2006.0,Hip,CompShg,MetalSd,Stucco,BrkFace,0.0,TA,TA,BrkTil,TA,TA,No,ALQ,247.0,6.144185634125645,5.739792912179234,1022.0,GasW,TA,N,SBrkr,0.0,-1.3877787807814457e-17,1022.0,1.0,0.0,1.0,0.0,2.0,0.6931471805599453,TA,Maj2,0.0,Gd,Detchd,Unf,1.0,TA,TA,Y,0.0,3.4339872044851463,5.424950017481403,0.0,0.0,0.0,0.0,6.0,2009.0,WD,Normal,11.350418300109132
3.044522437723423,RL,60.0,11664.0,Reg,Lvl,Inside,NAmes,Artery,1Fam,1Story,6.0,5.0,1948.0,1950.0,Gable,CompShg,MetalSd,MetalSd,BrkFace,5.332718793265369,TA,TA,CBlock,TA,Fa,No,BLQ,336.0,0.0,6.616065185132817,1082.0,GasA,TA,Y,SBrkr,0.0,-1.3877787807814457e-17,1082.0,0.0,0.0,1.0,0.0,2.0,0.6931471805599453,TA,Typ,1.0,Gd,Detchd,Unf,1.0,TA,TA,Y,0.0,4.875197323201151,0.0,0.0,0.0,0.0,0.0,11.0,2007.0,WD,Normal,11.688566422839942
4.110873864173311,RL,70.0,8400.0,Reg,Lvl,Inside,NWAmes,Norm,1Fam,2Story,8.0,6.0,2001.0,2001.0,Gable,CompShg,VinylSd,VinylSd,BrkFace,0.0,Gd,TA,PConc,Gd,TA,No,GLQ,643.0,0.0,5.123963979403259,810.0,GasA,Ex,Y,SBrkr,6.752270376141741,-1.3877787807814457e-17,1665.0,1.0,0.0,2.0,1.0,3.0,0.6931471805599453,Gd,Typ,0.0,Gd,Attchd,Fin,2.0,TA,TA,Y,0.0,3.828641396489095,0.0,0.0,0.0,0.0,0.0,11.0,2009.0,WD,Normal,12.33270970174018
3.044522437723423,RL,73.0,11883.0,Reg,Lvl,Inside,CollgCr,Norm,1Fam,1Story,7.0,5.0,1996.0,1996.0,Hip,CompShg,VinylSd,VinylSd,BrkFace,5.283203728737988,Gd,TA,PConc,Gd,TA,Gd,GLQ,690.0,0.0,6.703188113240863,1504.0,GasA,Ex,Y,SBrkr,0.0,-1.3877787807814457e-17,1504.0,1.0,0.0,2.0,0.0,3.0,0.6931471805599453,Gd,Typ,1.0,TA,Attchd,Fin,2.0,TA,TA,Y,4.7535901911063645,4.204692619390966,0.0,0.0,0.0,0.0,0.0,6.0,2009.0,WD,Normal,12.220966184120165
4.795790545596741,RL,45.599999999999994,5814.0,IR1,Lvl,CulDSac,StoneBr,Norm,TwnhsE,1Story,8.0,5.0,1984.0,1984.0,Gable,CompShg,HdBoard,HdBoard,BrkFace,0.0,Gd,TA,CBlock,Gd,TA,Av,GLQ,1036.0,0.0,5.220355825078324,1220.0,GasA,Gd,Y,SBrkr,0.0,-1.3877787807814457e-17,1360.0,1.0,0.0,1.0,0.0,1.0,0.6931471805599453,Gd,Typ,1.0,Ex,Attchd,RFn,2.0,TA,TA,Y,4.1588830833596715,0.0,0.0,0.0,0.0,0.0,0.0,8.0,2009.0,COD,Abnorml,12.141539457711714
4.394449154672439,RL,69.0,10784.0,IR1,Lvl,FR2,Gilbert,Norm,1Fam,SLvl,7.0,5.0,1991.0,1992.0,Gable,CompShg,HdBoard,HdBoard,BrkFace,4.343805421853684,Gd,TA,PConc,Gd,TA,No,Unf,0.0,0.0,5.953243334287785,384.0,GasA,Gd,Y,SBrkr,6.508769136971683,-1.3877787807814457e-17,1472.0,0.0,0.0,2.0,1.0,3.0,0.6931471805599453,Gd,Typ,1.0,TA,Attchd,RFn,2.0,TA,TA,Y,5.105945473900581,0.0,0.0,0.0,0.0,0.0,0.0,5.0,2007.0,WD,Normal,11.982935344196433
4.795790545596741,RL,43.0,3013.0,Reg,Lvl,Inside,Blmngtn,Norm,TwnhsE,1Story,7.0,5.0,2005.0,2005.0,Gable,CompShg,VinylSd,VinylSd,BrkFace,4.983606621708336,Gd,TA,PConc,Gd,TA,Gd,GLQ,16.0,0.0,7.205635176410364,1362.0,GasA,Ex,Y,SBrkr,0.0,-1.3877787807814457e-17,1506.0,0.0,0.0,2.0,0.0,2.0,0.6931471805599453,Gd,Typ,1.0,Gd,Attchd,Fin,2.0,TA,TA,Y,4.962844630259907,3.044522437723423,0.0,0.0,0.0,0.0,0.0,4.0,2006.0,WD,Normal,12.271349956195543
3.044522437723423,RL,60.0,7024.0,Reg,Lvl,Inside,Edwards,Norm,1Fam,1Story,4.0,5.0,2005.0,2005.0,Gable,CompShg,VinylSd,VinylSd,BrkFace,0.0,TA,TA,PConc,Gd,TA,No,GLQ,1024.0,0.0,4.6913478822291435,1132.0,GasA,Ex,Y,SBrkr,0.0,-1.3877787807814457e-17,1132.0,1.0,0.0,1.0,1.0,2.0,0.6931471805599453,Gd,Typ,0.0,Gd,Attchd,Fin,2.0,TA,TA,Y,5.53338948872752,4.174387269895637,0.0,0.0,0.0,0.0,0.0,6.0,2008.0,WD,Normal,12.07824495582233
3.044522437723423,RL,64.0,7406.0,Reg,Lvl,Inside,CollgCr,Norm,1Fam,1Story,7.0,5.0,2006.0,2006.0,Gable,CompShg,VinylSd,VinylSd,Stone,4.442651256490317,Gd,TA,PConc,Gd,TA,Av,GLQ,684.0,0.0,6.246106765481563,1199.0,GasA,Ex,Y,SBrkr,0.0,-1.3877787807814457e-17,1220.0,1.0,0.0,2.0,0.0,2.0,0.6931471805599453,Gd,Typ,0.0,Gd,Attchd,RFn,2.0,TA,TA,Y,4.663439094112067,4.007333185232471,0.0,0.0,0.0,0.0,0.0,7.0,2006.0,New,Partial,12.175618592671356
3.9318256327243257,RM,52.0,9439.0,Reg,Lvl,Inside,OldTown,Norm,1Fam,1.5Fin,5.0,5.0,1930.0,1950.0,Gable,CompShg,Wd Sdng,Wd Sdng,BrkFace,0.0,TA,TA,CBlock,TA,TA,No,LwQ,324.0,0.0,6.3784261836515865,912.0,GasA,Gd,Y,FuseA,5.820082930352362,-1.3877787807814457e-17,1248.0,0.0,0.0,1.0,0.0,2.0,0.6931471805599453,TA,Typ,0.0,Gd,Detchd,Unf,1.0,Fa,Fa,Y,0.0,0.0,5.262690188904886,0.0,0.0,0.0,0.0,2.9999999999999996,2007.0,WD,Normal,11.373674891823535
4.795790545596741,RL,43.0,3182.0,Reg,Lvl,Inside,Blmngtn,Norm,TwnhsE,1Story,7.0,5.0,2005.0,2006.0,Gable,CompShg,VinylSd,VinylSd,BrkFace,2.70805020110221,Gd,TA,PConc,Gd,Gd,No,GLQ,16.0,0.0,7.193685818395112,1346.0,GasA,Ex,Y,SBrkr,0.0,-1.3877787807814457e-17,1504.0,0.0,0.0,2.0,0.0,2.0,0.6931471805599453,Gd,Typ,1.0,Gd,Attchd,Fin,2.0,TA,TA,Y,5.056245805348308,3.044522437723423,0.0,0.0,0.0,0.0,0.0,5.0,2008.0,WD,Normal,12.160033942617156
3.044522437723423,RL,83.5,15498.0,IR1,Lvl,Corner,Timber,Norm,1Fam,1Story,8.0,6.0,1976.0,1976.0,Hip,WdShake,Stone,HdBoard,BrkFace,0.0,Gd,TA,CBlock,Gd,TA,Av,ALQ,1165.0,5.993961427306569,0.0,1565.0,GasA,TA,Y,SBrkr,0.0,-1.3877787807814457e-17,2747.625,1.0,0.0,2.0,0.0,2.0,0.6931471805599453,Gd,Typ,1.0,Gd,Attchd,Fin,2.0,TA,TA,Y,0.0,4.290459441148391,5.1647859739235145,0.0,0.0,0.0,0.0,5.0,2008.0,COD,Abnorml,12.567240979056246
3.044522437723423,RL,70.0,7700.0,Reg,Lvl,Corner,CollgCr,Norm,1Fam,1Story,5.0,5.0,1972.0,1972.0,Gable,CompShg,VinylSd,VinylSd,BrkFace,0.0,TA,TA,CBlock,TA,TA,No,LwQ,138.0,6.150602768446278,5.6240175061873385,882.0,GasA,TA,Y,SBrkr,0.0,-1.3877787807814457e-17,882.0,1.0,0.0,1.0,0.0,3.0,0.6931471805599453,TA,Typ,0.0,Gd,Detchd,Unf,2.0,TA,TA,Y,4.574710978503383,0.0,0.0,0.0,0.0,0.0,0.0,2.9999999999999996,2007.0,WD,Normal,11.630717389475995
3.044522437723423,RL,73.0,9300.0,Reg,Lvl,Inside,NAmes,Feedr,1Fam,1Story,5.0,5.0,1960.0,1960.0,Gable,CompShg,MetalSd,HdBoard,BrkFace,5.783825182329737,TA,TA,CBlock,TA,TA,No,Rec,697.0,0.0,6.349138991379798,1268.0,GasA,TA,Y,SBrkr,0.0,-1.3877787807814457e-17,1264.0,1.0,0.0,1.0,0.0,3.0,0.6931471805599453,TA,Typ,2.0,Gd,Attchd,Unf,2.0,TA,TA,Y,0.0,0.0,0.0,0.0,4.969813299576001,0.0,0.0,4.0,2010.0,WD,Normal,12.02874460037869
3.044522437723423,RL,71.0,9520.0,IR1,HLS,Inside,Timber,Norm,1Fam,1Story,8.0,5.0,2007.0,2008.0,Gable,CompShg,VinylSd,VinylSd,Stone,5.82600010738045,Gd,TA,PConc,Gd,TA,Gd,GLQ,1513.0,0.0,4.836281906951478,1638.0,GasA,Ex,Y,SBrkr,0.0,-1.3877787807814457e-17,1646.0,1.0,0.0,2.0,0.0,3.0,0.6931471805599453,Gd,Typ,1.0,Gd,Attchd,RFn,3.0,TA,TA,Y,5.262690188904886,3.8066624897703196,0.0,0.0,0.0,0.0,0.0,4.0,2008.0,New,Partial,12.588194064175278
3.9318256327243257,RL,79.0,9492.0,Reg,Lvl,Inside,NAmes,Artery,1Fam,1.5Fin,5.0,5.0,1941.0,1950.0,Gable,CompShg,WdShing,Wd Shng,BrkFace,0.0,TA,TA,CBlock,TA,TA,No,Rec,368.0,3.7376696182833684,5.886104031450156,768.0,GasA,TA,Y,SBrkr,6.013715156042802,-1.3877787807814457e-17,1376.0,1.0,0.0,1.0,0.0,3.0,0.6931471805599453,TA,Typ,1.0,Gd,Attchd,Unf,1.0,TA,TA,Y,0.0,0.0,0.0,0.0,0.0,0.0,0.0,4.0,2007.0,WD,Normal,11.561725152903833
4.983606621708336,RM,27.500000000000007,1679.999999999999,Reg,Lvl,Inside,BrDale,Norm,Twnhs,2Story,6.0,7.0,1972.0,1972.0,Gable,CompShg,HdBoard,HdBoard,BrkFace,5.641907070938114,TA,TA,CBlock,TA,TA,No,BLQ,317.0,0.0,5.87493073085203,672.0,GasA,Gd,Y,SBrkr,6.304448802421982,-1.3877787807814457e-17,1218.0,0.0,0.6931471805599452,1.0,1.0,3.0,0.6931471805599453,TA,Typ,0.0,Gd,Detchd,Unf,1.0,TA,TA,Y,0.0,3.367295829986474,0.0,0.0,0.0,0.0,0.0,5.0,2006.0,WD,Normal,11.678448377988165
4.983606621708336,RH,66.8,7082.0,Reg,Lvl,Inside,SWISU,Norm,2fmCon,2Story,5.0,7.5,1916.0,1995.0,Gable,CompShg,VinylSd,VinylSd,BrkFace,0.0,TA,TA,PConc,TA,TA,Mn,Unf,0.0,0.0,6.532334292222349,686.0,GasA,Gd,Y,SBrkr,6.8885724595653635,-1.3877787807814457e-17,1928.0,0.0,0.0,2.0,0.0,4.5,1.0986122886681098,TA,Typ,0.0,Gd,Attchd,Unf,-2.220446049250313e-16,TA,TA,N,0.0,0.0,5.43372200355424,0.0,0.0,0.0,0.0,7.0,2006.0,WD,Normal,11.982935344196433
4.330733340286331,RL,102.0,15863.0,Reg,Lvl,Corner,SWISU,Norm,1Fam,2.5Fin,7.0,3.5,1920.0,1970.0,Gable,CompShg,Wd Sdng,Plywood,BrkFace,0.0,TA,TA,BrkTil,TA,TA,No,GLQ,523.0,0.0,5.71042701737487,824.0,GasA,Ex,Y,SBrkr,6.906754778648553,5.986452005284438,2747.625,1.0,0.0,2.0,1.0,4.5,0.6931471805599453,TA,Typ,2.0,TA,Basment,Fin,2.0,TA,TA,Y,4.919980925828125,4.1588830833596715,0.0,0.0,0.0,0.0,0.0,8.0,2009.0,WD,Normal,12.190964083849375
4.110873864173311,RL,83.4,14541.0,IR1,Lvl,Corner,NoRidge,Norm,1Fam,2Story,8.0,7.0,1993.0,1993.0,Gable,CompShg,MetalSd,MetalSd,BrkFace,0.0,Gd,Gd,PConc,Gd,Gd,No,GLQ,1012.0,0.0,5.7899601708972535,1338.0,GasA,Ex,Y,SBrkr,7.063903961472068,-1.3877787807814457e-17,2520.0,1.0,0.0,2.0,1.0,4.5,0.6931471805599453,Gd,Typ,1.0,TA,Attchd,RFn,3.0,TA,TA,Y,5.3471075307174685,4.02535169073515,0.0,0.0,0.0,0.0,0.0,11.0,2006.0,WD,Abnorml,12.644330802262578
3.044522437723423,RL,80.4,8125.0,Reg,Lvl,Inside,CollgCr,Norm,1Fam,1Story,7.0,5.0,2002.0,2002.0,Gable,CompShg,VinylSd,VinylSd,Stone,5.69035945432406,Gd,TA,PConc,Gd,TA,No,GLQ,986.0,0.0,6.505784060128229,1654.0,GasA,Ex,Y,SBrkr,0.0,-1.3877787807814457e-17,1654.0,1.0,0.0,2.0,0.0,3.0,0.6931471805599453,Gd,Typ,0.0,Gd,Attchd,Unf,3.0,TA,TA,Y,0.0,4.919980925828125,0.0,0.0,0.0,0.0,0.0,2.0,2006.0,WD,Normal,12.345838935721968
3.4339872044851463,RL,50.0,6305.0,Reg,Bnk,Inside,Crawfor,Norm,1Fam,1Story,5.0,7.0,1938.0,1950.0,Gable,CompShg,MetalSd,MetalSd,BrkFace,0.0,TA,Gd,PConc,Fa,Fa,No,Unf,0.0,0.0,6.825460036255307,920.0,GasA,Ex,Y,SBrkr,0.0,-1.3877787807814457e-17,954.0,0.0,0.0,1.0,0.0,2.0,0.6931471805599453,Fa,Typ,1.0,Gd,Basment,Unf,1.0,Fa,TA,Y,0.0,0.0,0.0,0.0,0.0,0.0,0.0,6.0,2007.0,WD,Normal,11.693169865968983
3.044522437723423,RL,62.2,11500.0,IR1,Lvl,CulDSac,Edwards,Norm,1Fam,1Story,4.0,3.5,1957.0,1957.0,Gable,CompShg,Wd Sdng,Wd Sdng,BrkFace,0.0,TA,Gd,Slab,TA,TA,No,Unf,0.0,0.0,0.0,42.0,GasA,Ex,N,SBrkr,0.0,-1.3877787807814457e-17,845.0,0.0,0.0,1.0,0.0,3.0,0.6931471805599453,TA,Typ,0.0,Gd,Detchd,Unf,1.0,TA,TA,N,5.231108616854587,0.0,0.0,0.0,0.0,0.0,0.0,1.0,2009.0,WD,Normal,11.338583982516495
3.044522437723423,RL,89.0,12898.0,IR1,HLS,Inside,Timber,Norm,1Fam,1Story,9.0,5.0,2007.0,2008.0,Hip,CompShg,VinylSd,VinylSd,Stone,4.2626798770413155,Gd,TA,PConc,Ex,TA,Gd,GLQ,1022.0,0.0,6.395261598115449,1620.0,GasA,Ex,Y,SBrkr,0.0,-1.3877787807814457e-17,1620.0,1.0,0.0,2.0,0.0,2.0,0.6931471805599453,Ex,Typ,1.0,Ex,Attchd,Fin,3.0,TA,TA,Y,5.433722003554241,0.0,0.0,0.0,0.0,0.0,0.0,9.0,2009.0,WD,Normal,12.66191713053049
4.110873864173311,RL,76.8,9240.0,Reg,Lvl,Inside,CollgCr,Norm,1Fam,2Story,8.0,5.0,2001.0,2002.0,Gable,CompShg,VinylSd,VinylSd,BrkFace,5.983936280687191,Gd,TA,PConc,Gd,TA,No,Unf,0.0,0.0,6.962243464266207,1055.0,GasA,Ex,Y,SBrkr,7.097548850614793,-1.3877787807814457e-17,2263.0,0.0,0.0,2.0,1.0,3.0,0.6931471805599453,Gd,Typ,1.0,TA,BuiltIn,Fin,2.0,TA,TA,Y,0.0,3.828641396489095,0.0,0.0,5.247024072160486,0.0,0.0,9.0,2008.0,WD,Normal,12.567240979056246
4.983606621708336,RM,27.500000000000007,1533.0,Reg,Lvl,Inside,MeadowV,Norm,Twnhs,2Story,4.0,6.0,1970.0,2008.0,Gable,CompShg,CemntBd,CmentBd,BrkFace,0.0,TA,TA,CBlock,TA,TA,No,Unf,0.0,0.0,6.304448802421981,546.0,GasA,TA,Y,SBrkr,6.304448802421982,-1.3877787807814457e-17,1344.0,0.0,0.0,1.0,1.0,3.0,0.6931471805599453,TA,Typ,1.0,TA,Attchd,Unf,-2.220446049250313e-16,TA,TA,Y,0.0,0.0,0.0,0.0,0.0,0.0,0.0,5.0,2009.0,WD,Normal,11.48247656671073
4.983606621708336,RM,27.500000000000007,1481.5,Reg,Lvl,Inside,MeadowV,Norm,TwnhsE,SFoyer,4.0,4.0,1970.0,1970.0,Gable,CompShg,CemntBd,CmentBd,BrkFace,0.0,TA,TA,CBlock,Gd,TA,Av,GLQ,509.0,0.0,4.804021044733257,630.0,GasA,TA,Y,SBrkr,0.0,-1.3877787807814457e-17,630.0,1.0,0.0,1.0,0.0,1.0,0.6931471805599453,TA,Typ,0.0,Gd,Attchd,Unf,1.0,TA,TA,Y,0.0,0.0,0.0,0.0,0.0,0.0,0.0,4.0,2009.0,WD,Normal,11.289794413577894
3.044522437723423,RL,88.0,13125.0,Reg,Lvl,Corner,Sawyer,Norm,1Fam,1Story,5.0,4.0,1957.0,2000.0,Gable,CompShg,Wd Sdng,Wd Sdng,BrkCmn,4.219507705176107,TA,TA,CBlock,TA,TA,No,Rec,168.0,6.526494859570789,5.652489180268651,1134.0,GasA,Ex,Y,SBrkr,0.0,-1.3877787807814457e-17,1803.0,1.0,0.0,2.0,0.0,3.0,0.6931471805599453,TA,Maj1,1.0,TA,Attchd,RFn,2.0,TA,TA,Y,0.0,0.0,0.0,0.0,0.0,0.0,0.0,1.0,2006.0,WD,Normal,11.951186847493476
4.110873864173311,RL,67.5,9130.0,Reg,Lvl,Inside,NWAmes,Feedr,1Fam,2Story,6.0,7.5,1966.0,2000.0,Hip,CompShg,HdBoard,HdBoard,BrkFace,5.53338948872752,TA,TA,CBlock,TA,TA,No,GLQ,400.0,4.174387269895637,5.820082930352362,800.0,GasA,Gd,Y,SBrkr,6.725033642166842,-1.3877787807814457e-17,1632.0,0.0,0.6931471805599452,1.0,1.0,4.0,0.6931471805599453,Gd,Typ,0.0,Gd,Attchd,Unf,2.0,TA,TA,Y,0.0,3.713572066704308,0.0,0.0,0.0,0.0,0.0,7.0,2008.0,WD,Normal,12.06105265381003
4.795790545596741,RL,34.0,5381.0,IR1,Lvl,Inside,NridgHt,Norm,Twnhs,1Story,6.0,5.0,2005.0,2005.0,Gable,CompShg,VinylSd,VinylSd,Stone,4.9126548857360515,Gd,TA,PConc,Gd,TA,Av,ALQ,900.0,0.0,6.008813185442595,1306.0,GasA,Ex,Y,SBrkr,0.0,-1.3877787807814457e-17,1306.0,1.0,0.0,2.0,0.0,1.0,0.6931471805599453,Gd,Typ,1.0,Gd,Attchd,RFn,2.0,TA,TA,Y,5.14166355650266,4.1588830833596715,0.0,0.0,0.0,0.0,0.0,8.0,2009.0,WD,Normal,12.185875040240456
4.110873864173311,RL,86.0,11839.0,Reg,Lvl,Inside,SawyerW,Norm,1Fam,2Story,7.0,5.0,1990.0,1990.0,Hip,CompShg,HdBoard,HdBoard,BrkFace,4.605170185988092,TA,TA,PConc,Gd,TA,No,GLQ,1085.0,0.0,5.968707559985366,1475.0,GasA,Ex,Y,SBrkr,6.68210859744981,-1.3877787807814457e-17,2329.0,1.0,0.0,2.0,1.0,4.0,0.6931471805599453,Gd,Typ,1.0,Ex,Attchd,Unf,2.0,TA,TA,Y,5.262690188904886,4.804021044733257,0.0,0.0,0.0,0.0,0.0,5.0,2008.0,WD,Normal,12.47717172708952
3.044522437723423,RL,80.0,9600.0,Reg,Lvl,Inside,NWAmes,PosN,1Fam,1Story,8.0,5.0,1981.0,1981.0,Hip,WdShngl,BrkFace,BrkFace,BrkFace,0.0,Gd,TA,PConc,Gd,TA,No,ALQ,1104.0,0.0,7.259116128097101,2052.0,GasA,TA,Y,SBrkr,0.0,-1.3877787807814457e-17,2524.0,1.0,0.0,2.0,1.0,4.0,0.6931471805599453,Gd,Typ,1.0,Gd,Attchd,Fin,2.0,TA,TA,Y,6.042632833682381,4.795790545596741,0.0,0.0,0.0,0.0,0.0,7.0,2009.0,WD,Normal,12.535379989788607
3.044522437723423,RL,74.8,13680.0,IR1,Lvl,CulDSac,Edwards,Norm,1Fam,1Story,3.0,5.0,1955.0,1955.0,Hip,CompShg,BrkFace,Wd Sdng,BrkFace,0.0,TA,TA,Slab,TA,TA,No,Unf,0.0,0.0,0.0,42.0,GasA,Ex,Y,FuseA,0.0,-1.3877787807814457e-17,1733.0,0.0,0.0,2.0,0.0,4.0,0.6931471805599453,TA,Min2,1.0,Gd,Attchd,Unf,2.0,TA,TA,Y,0.0,0.0,0.0,0.0,0.0,0.0,0.0,6.0,2009.0,WD,Normal,11.846543632608535
4.110873864173311,RL,85.0,16056.0,IR1,Lvl,Inside,StoneBr,Norm,1Fam,2Story,9.0,5.0,2005.0,2006.0,Hip,CompShg,CemntBd,CmentBd,Stone,5.342334251964811,Gd,TA,PConc,Ex,TA,Av,GLQ,240.0,0.0,7.430410654501705,1992.0,GasA,Ex,Y,SBrkr,6.776506992372183,-1.3877787807814457e-17,2747.625,0.0,0.0,3.0,1.0,4.0,0.6931471805599453,Ex,Typ,1.0,Gd,BuiltIn,Fin,3.0,TA,TA,Y,5.3706380281276624,4.6913478822291435,0.0,0.0,0.0,0.0,0.0,7.0,2006.0,New,Partial,13.229569788348705
3.044522437723423,RL,57.0,9245.0,IR2,Lvl,Inside,CollgCr,Norm,1Fam,1Story,5.0,5.0,1994.0,1995.0,Gable,CompShg,VinylSd,VinylSd,BrkFace,0.0,TA,TA,PConc,Gd,TA,No,GLQ,686.0,0.0,5.720311776607412,990.0,GasA,Ex,Y,SBrkr,0.0,-1.3877787807814457e-17,990.0,0.0,0.6931471805599452,1.0,0.0,3.0,0.6931471805599453,TA,Typ,0.0,Gd,Detchd,Unf,2.0,TA,TA,Y,0.0,0.0,0.0,0.0,0.0,0.0,0.0,2.0,2008.0,WD,Normal,11.884495917930655
3.044522437723423,RL,100.0,17673.5,Reg,Lvl,Inside,Mitchel,Norm,1Fam,1Story,5.0,4.0,1960.0,2006.0,Hip,CompShg,HdBoard,HdBoard,BrkFace,4.330733340286331,TA,Fa,Slab,TA,TA,No,Unf,0.0,0.0,0.0,42.0,GasA,TA,Y,SBrkr,0.0,-1.3877787807814457e-17,1771.0,0.0,0.0,1.0,0.0,3.0,0.6931471805599453,TA,Min1,1.0,TA,Attchd,Unf,2.0,TA,TA,Y,0.0,0.0,0.0,0.0,0.0,0.0,0.0,11.0,2009.0,WD,Normal,11.652696102959753
3.044522437723423,RL,60.0,11100.0,Reg,Low,Inside,Edwards,Norm,1Fam,1Story,4.0,7.0,1946.0,2006.0,Gable,CompShg,MetalSd,MetalSd,BrkFace,0.0,TA,TA,CBlock,TA,TA,No,Unf,0.0,0.0,0.0,42.0,GasA,Ex,Y,SBrkr,0.0,-1.3877787807814457e-17,930.0,0.0,0.0,1.0,0.0,2.0,0.6931471805599453,Gd,Typ,0.0,Gd,Detchd,Unf,1.0,TA,TA,Y,0.0,0.0,0.0,0.0,0.0,0.0,0.0,4.0,2010.0,WD,Abnorml,11.349241150793087
3.044522437723423,RL,73.0,8993.0,IR1,Lvl,Inside,Gilbert,Norm,1Fam,1Story,7.0,5.0,2007.0,2007.0,Gable,CompShg,VinylSd,VinylSd,BrkFace,0.0,Gd,TA,PConc,Gd,TA,Av,Unf,0.0,0.0,7.172424577124845,1302.0,GasA,Ex,Y,SBrkr,0.0,-1.3877787807814457e-17,1302.0,0.0,0.0,2.0,0.0,3.0,0.6931471805599453,Gd,Typ,0.0,Gd,Attchd,Fin,2.0,TA,TA,Y,0.0,3.1354942159291497,0.0,0.0,0.0,0.0,0.0,8.0,2007.0,New,Partial,12.080996832096167
3.044522437723423,RL,103.0,11175.0,IR1,Lvl,Corner,CollgCr,Norm,1Fam,1Story,7.0,5.0,2007.0,2007.0,Gable,CompShg,VinylSd,VinylSd,BrkFace,0.0,Gd,TA,PConc,Gd,TA,Av,Unf,0.0,0.0,7.183111701743281,1316.0,GasA,Ex,Y,SBrkr,0.0,-1.3877787807814457e-17,1316.0,0.0,0.0,2.0,0.0,3.0,0.6931471805599453,Gd,Typ,1.0,Gd,Attchd,Fin,2.0,TA,TA,Y,0.0,3.044522437723423,0.0,0.0,0.0,0.0,0.0,10.0,2007.0,New,Partial,12.206782393599413
4.110873864173311,RL,100.0,9500.0,Reg,Lvl,Corner,NAmes,Artery,1Fam,2Story,6.0,6.0,1964.0,1978.0,Gable,CompShg,VinylSd,VinylSd,BrkCmn,5.60947179518496,TA,TA,CBlock,TA,TA,No,Rec,442.0,0.0,5.926926025970411,816.0,GasA,TA,Y,SBrkr,6.746412128573374,-1.3877787807814457e-17,1977.0,0.0,0.6931471805599452,1.0,1.0,4.0,0.6931471805599453,TA,Typ,1.0,TA,Attchd,RFn,2.0,TA,TA,Y,0.0,3.970291913552122,0.0,0.0,0.0,0.0,0.0,6.0,2007.0,WD,Normal,12.013706813470414
3.044522437723423,RL,68.0,8562.0,Reg,Lvl,Inside,Edwards,Norm,1Fam,1Story,5.0,6.0,1957.0,2002.0,Hip,CompShg,HdBoard,HdBoard,Stone,4.983606621708336,TA,TA,CBlock,TA,TA,Av,Rec,383.0,0.0,6.726233402358747,1216.0,GasA,Ex,Y,FuseA,0.0,-1.3877787807814457e-17,1526.0,0.0,0.0,1.0,0.0,4.0,0.6931471805599453,TA,Min2,1.0,Gd,Basment,Unf,1.0,TA,TA,Y,4.762173934797756,4.3694478524670215,0.0,0.0,0.0,0.0,0.0,5.0,2010.0,WD,Normal,11.881041706925902
4.110873864173311,RL,90.0,11367.0,Reg,Lvl,Corner,CollgCr,Norm,1Fam,2Story,8.0,5.0,2002.0,2002.0,Gable,CompShg,VinylSd,VinylSd,BrkFace,5.3518581334760675,Gd,TA,PConc,Gd,TA,Mn,GLQ,932.0,0.0,4.897839799950911,1065.0,GasA,Ex,Y,SBrkr,6.80128303447162,-1.3877787807814457e-17,1989.0,1.0,0.0,2.0,1.0,3.0,0.6931471805599453,Gd,Typ,1.0,Gd,Attchd,Fin,2.0,TA,TA,Y,5.298317366548037,4.110873864173311,0.0,0.0,0.0,0.0,0.0,11.0,2006.0,WD,Normal,12.449022745701502
3.044522437723423,RL,104.0,11361.0,Reg,Lvl,Inside,NWAmes,Norm,1Fam,1Story,6.0,5.0,1976.0,1976.0,Gable,CompShg,Plywood,Plywood,BrkFace,5.081404364984463,TA,TA,CBlock,Gd,TA,No,ALQ,644.0,0.0,6.309918278226516,1193.0,GasA,TA,Y,SBrkr,0.0,-1.3877787807814457e-17,1523.0,0.0,0.6931471805599452,2.0,0.0,3.0,0.6931471805599453,TA,Typ,1.0,TA,Attchd,Fin,2.0,TA,TA,Y,0.0,0.0,0.0,0.0,5.247024072160486,0.0,0.0,5.0,2008.0,COD,Abnorml,12.100717685412471
4.795790545596741,RL,43.0,7052.0,IR1,Lvl,Inside,NridgHt,Norm,TwnhsE,1Story,7.0,5.0,2005.0,2005.0,Gable,CompShg,VinylSd,VinylSd,Stone,5.484796933490655,Gd,TA,PConc,Gd,TA,Av,GLQ,659.0,0.0,6.559615237493242,1364.0,GasA,Ex,Y,SBrkr,0.0,-1.3877787807814457e-17,1364.0,1.0,0.0,2.0,0.0,2.0,0.6931471805599453,Gd,Typ,1.0,Gd,Attchd,RFn,2.0,TA,TA,Y,5.262690188904886,3.6109179126442243,0.0,0.0,0.0,0.0,0.0,6.0,2006.0,WD,Normal,12.13270055639427
4.110873864173311,RL,72.7,17673.5,IR2,Lvl,FR2,NoRidge,Norm,1Fam,2Story,7.0,6.0,1994.0,1994.0,Gable,CompShg,HdBoard,HdBoard,BrkFace,0.0,Gd,TA,PConc,Gd,TA,No,GLQ,595.0,0.0,5.937536205082426,973.0,GasA,Ex,Y,SBrkr,6.77078942390898,-1.3877787807814457e-17,1850.0,0.0,0.0,2.0,1.0,3.0,0.6931471805599453,Gd,Typ,1.0,Gd,BuiltIn,Fin,2.0,TA,TA,Y,5.1298987149230735,4.59511985013459,0.0,0.0,0.0,0.0,0.0,1.0,2009.0,WD,Normal,12.421188057397055
4.110873864173311,RL,96.0,11308.0,IR1,Lvl,Inside,NridgHt,Norm,1Fam,2Story,9.0,5.0,2008.0,2008.0,Gable,CompShg,VinylSd,VinylSd,Stone,5.043425116919247,Ex,TA,PConc,Ex,TA,Av,GLQ,936.0,0.0,5.1298987149230735,1104.0,GasA,Ex,Y,SBrkr,6.961296045910167,-1.3877787807814457e-17,2184.0,1.0,0.0,2.0,1.0,3.0,0.6931471805599453,Ex,Typ,1.0,Gd,Attchd,Fin,3.0,TA,TA,Y,0.0,4.634728988229636,0.0,0.0,0.0,0.0,0.0,7.0,2009.0,WD,Normal,12.721888795877375
3.9318256327243257,RL,76.8,11275.0,IR1,HLS,Corner,Crawfor,Norm,1Fam,1.5Fin,6.0,7.0,1932.0,1950.0,Gable,CompShg,MetalSd,MetalSd,BrkFace,6.030685260261263,TA,TA,CBlock,TA,TA,Mn,Rec,297.0,6.324358962381311,0.0,854.0,GasA,TA,Y,SBrkr,6.79794041297493,-1.3877787807814457e-17,1991.0,0.0,0.0,1.0,1.0,3.0,0.6931471805599453,TA,Typ,1.0,Gd,Detchd,Unf,2.0,TA,Fa,Y,0.0,0.0,2.995732273553991,0.0,0.0,0.0,0.0,2.9999999999999996,2007.0,WD,Normal,12.301387370778713
4.795790545596741,RL,41.0,4920.0,Reg,Lvl,Inside,StoneBr,Norm,TwnhsE,1Story,8.0,5.0,2001.0,2001.0,Gable,CompShg,CemntBd,CmentBd,BrkFace,0.0,Gd,TA,PConc,Gd,TA,Mn,GLQ,616.0,0.0,6.583409222158765,1338.0,GasA,Ex,Y,SBrkr,0.0,-1.3877787807814457e-17,1338.0,1.0,0.0,2.0,0.0,2.0,0.6931471805599453,Gd,Typ,0.0,Gd,Attchd,Fin,2.0,TA,TA,Y,0.0,0.0,5.14166355650266,0.0,0.0,0.0,0.0,4.0,2010.0,WD,Normal,12.271396795480596
3.4339872044851463,C (all),111.5,17673.5,Reg,Low,Inside,IDOTRR,Norm,1Fam,1Story,3.0,4.0,1935.0,1950.0,Gable,CompShg,MetalSd,MetalSd,BrkFace,0.0,Fa,TA,CBlock,TA,TA,No,Unf,0.0,0.0,6.796823718274855,894.0,GasA,TA,Y,SBrkr,0.0,-1.3877787807814457e-17,894.0,0.0,0.0,1.0,0.0,2.0,0.6931471805599453,TA,Typ,0.0,Gd,Detchd,RFn,3.0,TA,TA,Y,0.0,3.044522437723423,0.0,0.0,0.0,0.0,6.329720905522696,8.0,2008.0,ConLD,Normal,11.302216779257382
4.983606621708336,RM,85.0,13600.0,Reg,Lvl,Inside,OldTown,Norm,2fmCon,2Story,5.0,5.0,1900.0,1950.0,Gable,CompShg,Wd Sdng,Wd Sdng,BrkFace,0.0,TA,TA,BrkTil,TA,TA,No,Unf,0.0,0.0,6.4967749901858625,662.0,GasA,TA,N,SBrkr,6.82001636467413,-1.3877787807814457e-17,2337.0,0.0,0.0,2.0,0.0,4.5,1.0986122886681098,TA,Min2,0.0,Gd,Detchd,Unf,2.0,TA,TA,Y,0.0,4.060443010546419,0.0,0.0,0.0,0.0,0.0,9.0,2007.0,WD,Normal,11.407576060361786
3.4339872044851463,RM,50.0,6000.0,Reg,Lvl,Inside,OldTown,Artery,1Fam,1Story,6.0,6.0,1925.0,1980.0,Gable,CompShg,MetalSd,MetalSd,BrkFace,0.0,TA,Gd,BrkTil,TA,TA,No,BLQ,397.0,0.0,6.561030665896573,1103.0,GasA,Gd,Y,SBrkr,0.0,-1.3877787807814457e-17,1103.0,0.0,0.0,1.0,0.0,2.0,0.6931471805599453,Gd,Typ,1.0,Gd,Detchd,Unf,2.0,TA,TA,Y,5.1179938124167546,4.795790545596741,0.0,0.0,0.0,0.0,0.0,7.0,2006.0,WD,Normal,11.612779849672751
3.044522437723423,RL,72.0,11000.0,IR1,Lvl,CulDSac,NAmes,Norm,1Fam,1Story,5.0,6.0,1966.0,1966.0,Gable,CompShg,Plywood,Plywood,BrkFace,5.303304908059076,TA,TA,CBlock,TA,TA,Mn,BLQ,740.0,5.442417710521793,5.220355825078324,1154.0,GasA,Ex,Y,SBrkr,0.0,-1.3877787807814457e-17,1154.0,0.0,0.0,1.0,1.0,3.0,0.6931471805599453,TA,Typ,1.0,Po,Attchd,RFn,2.0,TA,TA,Y,0.0,4.07753744390572,0.0,0.0,0.0,0.0,0.0,11.0,2009.0,WD,Normal,11.944714374881176
4.110873864173311,RL,80.0,14000.0,Reg,Lvl,Inside,ClearCr,Norm,1Fam,2Story,7.0,5.0,1996.0,1997.0,Gable,CompShg,Wd Sdng,Wd Sdng,BrkFace,0.0,Gd,TA,PConc,Ex,TA,Gd,GLQ,1201.0,0.0,4.663439094112067,1306.0,GasA,Ex,Y,SBrkr,6.86171134048073,-1.3877787807814457e-17,2260.0,1.0,0.0,2.0,1.0,3.0,0.6931471805599453,Gd,Typ,0.0,Gd,Attchd,RFn,2.0,TA,TA,Y,5.6937321388027,3.8066624897703196,0.0,0.0,0.0,0.0,0.0,4.0,2010.0,WD,Normal,12.700771936142122
4.110873864173311,RL,59.0,7837.0,IR1,Lvl,Inside,Gilbert,Norm,1Fam,2Story,6.0,7.0,1993.0,1994.0,Gable,CompShg,VinylSd,VinylSd,BrkFace,0.0,Gd,TA,PConc,Gd,TA,No,Unf,0.0,0.0,6.684611727667927,799.0,GasA,Gd,Y,SBrkr,6.650279048587423,-1.3877787807814457e-17,1571.0,0.0,0.0,2.0,1.0,3.0,0.6931471805599453,TA,Typ,1.0,TA,Attchd,RFn,2.0,TA,TA,Y,0.0,3.713572066704308,0.0,0.0,0.0,0.0,0.0,5.0,2009.0,WD,Normal,12.08954444723597
4.110873864173311,RL,80.0,9760.0,Reg,Lvl,Inside,NAmes,Norm,1Fam,2Story,6.0,6.0,1964.0,1964.0,Gable,CompShg,HdBoard,HdBoard,BrkFace,5.8888779583328805,TA,TA,CBlock,TA,TA,Gd,GLQ,674.0,4.672828834461905,0.0,780.0,GasA,TA,Y,SBrkr,6.70196036600254,-1.3877787807814457e-17,1611.0,1.0,0.0,1.0,1.0,4.0,0.6931471805599453,TA,Typ,0.0,Gd,Attchd,RFn,2.0,TA,TA,Y,5.796057750765372,4.859812404361672,0.0,0.0,5.247024072160486,0.0,0.0,6.0,2008.0,WD,Normal,12.031129798974042
4.983606621708336,RM,42.0,3964.0,Reg,Lvl,Inside,MeadowV,Norm,TwnhsE,2Story,6.0,4.0,1973.0,1973.0,Gable,CompShg,CemntBd,CmentBd,BrkFace,0.0,TA,TA,CBlock,Gd,TA,No,ALQ,837.0,0.0,4.663439094112067,942.0,GasA,Gd,Y,SBrkr,7.115582126184453,-1.3877787807814457e-17,2521.0,1.0,0.0,2.0,1.0,4.5,0.6931471805599453,TA,Maj1,1.0,Gd,Attchd,Fin,2.0,TA,TA,Y,6.042632833682381,3.044522437723423,0.0,0.0,0.0,0.0,0.0,6.0,2006.0,WD,Normal,11.927687224983487
3.828641396489095,RL,60.0,9600.0,Reg,Lvl,Inside,NAmes,Norm,1Fam,1.5Unf,5.0,7.0,1949.0,2003.0,Gable,CompShg,MetalSd,MetalSd,BrkFace,0.0,TA,TA,CBlock,TA,TA,No,ALQ,220.0,0.0,6.439350371100098,845.0,GasA,TA,Y,SBrkr,0.0,-1.3877787807814457e-17,893.0,0.0,0.6931471805599452,1.0,0.0,2.0,0.6931471805599453,Gd,Typ,0.0,Gd,Detchd,Unf,2.0,TA,TA,Y,0.0,0.0,0.0,0.0,0.0,0.0,0.0,5.0,2007.0,WD,Normal,11.813037464800539
3.044522437723423,RL,72.0,10152.0,Reg,Lvl,Inside,NAmes,Norm,1Fam,1Story,5.0,5.0,1956.0,1956.0,Hip,CompShg,MetalSd,MetalSd,BrkFace,4.795790545596741,TA,TA,CBlock,TA,TA,No,BLQ,586.0,0.0,6.137727054086234,1048.0,GasA,TA,Y,SBrkr,0.0,-1.3877787807814457e-17,1048.0,1.0,0.0,1.0,0.0,3.0,0.6931471805599453,TA,Typ,0.0,Gd,Attchd,Unf,1.0,TA,TA,Y,0.0,3.044522437723423,0.0,0.0,5.262690188904886,0.0,0.0,6.0,2007.0,WD,Normal,11.813037464800539
4.110873864173311,RL,78.0,11700.0,Reg,Lvl,Inside,NWAmes,RRAn,1Fam,2Story,6.0,6.0,1968.0,1968.0,Gable,CompShg,MetalSd,MetalSd,BrkFace,0.0,TA,TA,CBlock,TA,TA,No,Rec,298.0,0.0,6.063785208687608,727.0,GasA,Ex,Y,SBrkr,6.590301048196686,-1.3877787807814457e-17,1556.0,0.0,0.0,1.0,1.0,4.0,0.6931471805599453,TA,Typ,0.0,Gd,Attchd,Unf,2.0,TA,TA,Y,0.0,0.0,0.0,0.0,0.0,0.0,0.0,5.0,2009.0,WD,Normal,11.944714374881176
3.9318256327243257,RL,50.0,7585.0,Reg,Lvl,Inside,Edwards,Artery,1Fam,1.5Fin,5.0,3.5,1948.0,1950.0,Gable,CompShg,MetalSd,MetalSd,BrkFace,0.0,TA,TA,CBlock,Fa,Fa,Mn,Unf,0.0,0.0,6.698268054115413,810.0,GasA,Fa,Y,FuseA,6.12029741895095,-1.3877787807814457e-17,1456.0,1.0,0.6931471805599452,1.0,0.0,4.0,0.6931471805599453,TA,Typ,1.0,TA,Detchd,Unf,1.0,TA,TA,P,0.0,0.0,0.0,0.0,0.0,0.0,0.0,8.0,2006.0,WD,Normal,11.424105180165641
4.110873864173311,RL,75.0,7950.0,IR1,Bnk,Corner,Edwards,Norm,1Fam,2Story,6.0,6.0,1977.0,1977.0,Hip,CompShg,HdBoard,Plywood,BrkFace,4.948759890378168,TA,TA,CBlock,TA,TA,No,BLQ,535.0,0.0,5.049856007249537,690.0,GasA,TA,Y,SBrkr,6.591673732008658,-1.3877787807814457e-17,1426.0,0.0,0.0,1.0,1.0,3.0,0.6931471805599453,TA,Typ,0.0,Gd,Attchd,Fin,2.0,TA,TA,Y,5.53338948872752,0.0,0.0,0.0,0.0,0.0,0.0,7.0,2009.0,WD,Normal,11.979805470779858
3.044522437723423,RL,74.0,8556.0,Reg,Lvl,Inside,CollgCr,Norm,1Fam,1Story,7.0,5.0,2006.0,2006.0,Gable,CompShg,VinylSd,VinylSd,BrkFace,0.0,Gd,TA,PConc,Gd,TA,Av,Unf,0.0,0.0,7.123672785204607,1240.0,GasA,Ex,Y,SBrkr,0.0,-1.3877787807814457e-17,1240.0,0.0,0.0,2.0,0.0,2.0,0.6931471805599453,Gd,Typ,0.0,Gd,Attchd,RFn,3.0,TA,TA,Y,4.948759890378168,4.543294782270004,0.0,0.0,0.0,0.0,0.0,5.0,2007.0,WD,Normal,12.175618592671356
4.2626798770413155,RL,75.0,13125.0,Reg,Lvl,Inside,Crawfor,Norm,1Fam,2Story,7.0,6.0,1940.0,1984.0,Gable,CompShg,Wd Sdng,Wd Sdng,BrkFace,0.0,TA,TA,CBlock,TA,TA,No,BLQ,410.0,0.0,5.968707559985366,800.0,GasA,TA,Y,SBrkr,6.660575149839686,-1.3877787807814457e-17,1740.0,0.0,0.0,1.0,1.0,3.0,0.6931471805599453,TA,Typ,2.0,Gd,Attchd,Unf,1.0,TA,TA,Y,0.0,0.0,0.0,0.0,0.0,0.0,0.0,7.0,2007.0,CWD,Normal,12.299112067295642
3.9318256327243257,RL,60.0,10800.0,Reg,Lvl,Inside,OldTown,Norm,1Fam,1.5Fin,5.0,7.5,1936.0,1989.0,Gable,CompShg,Wd Sdng,Wd Sdng,BrkFace,0.0,TA,TA,CBlock,Fa,TA,No,ALQ,626.0,0.0,5.14166355650266,796.0,GasA,Gd,Y,SBrkr,5.916202062607435,-1.3877787807814457e-17,1466.0,0.0,0.6931471805599452,2.0,0.0,3.0,0.6931471805599453,Gd,Min1,1.0,TA,Attchd,Unf,2.0,TA,TA,Y,6.042632833682381,3.091042453358316,0.0,0.0,0.0,0.0,6.2166061010848646,4.0,2006.0,WD,Normal,12.04355959836804
3.044522437723423,RL,72.6,15870.0,IR1,Lvl,Corner,NAmes,Norm,1Fam,1Story,5.0,5.0,1969.0,1969.0,Gable,CompShg,VinylSd,Plywood,BrkFace,0.0,TA,TA,CBlock,TA,TA,Mn,BLQ,75.0,6.674561391814425,5.442417710521793,1096.0,GasA,Ex,Y,SBrkr,0.0,-1.3877787807814457e-17,1096.0,1.0,0.0,1.0,0.0,3.0,0.6931471805599453,TA,Typ,0.0,Gd,Attchd,Fin,1.0,TA,TA,Y,5.484796933490655,3.4965075614664802,0.0,0.0,0.0,0.0,0.0,2.9999999999999996,2006.0,WD,Abnorml,11.840796531639839
4.795790545596741,RM,37.0,4435.0,Reg,Lvl,Inside,CollgCr,Norm,TwnhsE,1Story,6.0,5.0,2004.0,2004.0,Gable,CompShg,VinylSd,VinylSd,BrkFace,5.135798437050262,Gd,TA,PConc,Gd,TA,Mn,GLQ,662.0,0.0,5.231108616854587,848.0,GasA,Ex,Y,SBrkr,0.0,-1.3877787807814457e-17,848.0,1.0,0.0,1.0,0.0,1.0,0.6931471805599453,Gd,Typ,1.0,Gd,Attchd,RFn,2.0,TA,TA,Y,4.948759890378168,0.0,0.0,0.0,0.0,0.0,0.0,5.0,2006.0,WD,Normal,11.956976469393481
3.044522437723423,RL,65.0,8775.0,Reg,Lvl,Inside,CollgCr,Norm,1Fam,1Story,5.0,5.0,1994.0,1994.0,Gable,CompShg,VinylSd,VinylSd,BrkFace,0.0,TA,TA,PConc,Gd,TA,No,GLQ,495.0,0.0,6.206575926724928,990.0,GasA,Gd,Y,SBrkr,0.0,-1.3877787807814457e-17,990.0,0.0,0.0,1.0,0.0,3.0,0.6931471805599453,TA,Typ,0.0,Gd,Attchd,Unf,1.0,TA,TA,Y,0.0,4.174387269895637,0.0,0.0,0.0,0.0,0.0,4.0,2007.0,WD,Normal,11.744045122410057
3.044522437723423,RL,80.0,11040.0,Reg,Lvl,Inside,NWAmes,Norm,1Fam,1Story,6.0,7.0,1971.0,2004.0,Gable,CompShg,VinylSd,VinylSd,BrkFace,4.976733742420574,Gd,Gd,CBlock,TA,TA,No,ALQ,656.0,0.0,6.401917196727186,1258.0,GasA,Ex,Y,SBrkr,0.0,-1.3877787807814457e-17,1258.0,0.0,0.6931471805599452,2.0,0.0,3.0,0.6931471805599453,Gd,Typ,0.0,Gd,Attchd,RFn,2.0,TA,TA,Y,4.02535169073515,0.0,0.0,5.37989735354046,0.0,0.0,0.0,10.0,2008.0,COD,Abnorml,11.884495917930655
3.044522437723423,RL,75.0,7500.0,Reg,Lvl,Corner,Sawyer,Feedr,1Fam,1Story,5.0,5.0,1963.0,1963.0,Gable,CompShg,HdBoard,HdBoard,BrkFace,0.0,TA,TA,CBlock,TA,TA,No,ALQ,824.0,0.0,5.37989735354046,1040.0,GasA,Fa,Y,SBrkr,0.0,-1.3877787807814457e-17,1040.0,1.0,0.0,1.0,1.0,3.0,0.6931471805599453,TA,Typ,0.0,Gd,Attchd,Fin,1.0,TA,TA,Y,0.0,0.0,5.3981627015177525,0.0,0.0,0.0,0.0,6.0,2010.0,WD,Normal,11.798111925972618
3.044522437723423,RL,70.0,8749.0,Reg,Lvl,Inside,CollgCr,Norm,1Fam,1Story,7.0,5.0,2002.0,2002.0,Gable,CompShg,VinylSd,VinylSd,BrkFace,4.61512051684126,Gd,TA,PConc,Gd,TA,No,Unf,0.0,0.0,7.286191714702382,1459.0,GasA,Ex,Y,SBrkr,0.0,-1.3877787807814457e-17,1459.0,0.0,0.0,2.0,0.0,3.0,0.6931471805599453,Gd,Typ,1.0,Gd,Attchd,RFn,2.0,TA,TA,Y,5.262690188904886,3.6888794541139363,0.0,0.0,0.0,0.0,0.0,9.0,2007.0,WD,Normal,12.165255859329688
3.044522437723423,RL,80.0,8800.0,Reg,Lvl,Inside,NAmes,Norm,1Fam,1Story,6.0,6.0,1964.0,1964.0,Hip,CompShg,HdBoard,HdBoard,BrkFace,6.030685260261263,TA,TA,CBlock,TA,TA,No,BLQ,553.0,0.0,6.54965074223381,1251.0,GasA,TA,Y,SBrkr,0.0,-1.3877787807814457e-17,1251.0,1.0,0.0,1.0,0.0,3.0,0.6931471805599453,TA,Typ,2.0,Gd,Attchd,RFn,1.0,TA,TA,Y,0.0,4.762173934797756,0.0,0.0,0.0,0.0,6.552507887034589,2.9999999999999996,2006.0,WD,Normal,11.982935344196433
4.110873864173311,RL,62.4,13031.0,IR2,Lvl,Corner,Gilbert,Norm,1Fam,2Story,6.0,5.0,1995.0,1996.0,Gable,CompShg,HdBoard,HdBoard,BrkFace,0.0,TA,TA,PConc,Gd,TA,No,ALQ,592.0,0.0,4.605170185988092,691.0,GasA,Gd,Y,SBrkr,6.694562058521095,-1.3877787807814457e-17,1498.0,0.0,0.0,2.0,1.0,3.0,0.6931471805599453,TA,Typ,1.0,TA,Attchd,Fin,2.0,TA,TA,Y,5.755742213586912,3.8066624897703196,0.0,0.0,0.0,0.0,0.0,7.0,2006.0,WD,Normal,12.141539457711714
4.454347296253507,RL,73.0,9069.0,Reg,Lvl,Inside,SawyerW,Norm,1Fam,SFoyer,6.0,6.0,1992.0,1992.0,Gable,CompShg,HdBoard,HdBoard,BrkFace,0.0,TA,TA,PConc,Gd,TA,Av,GLQ,747.0,0.0,5.247024072160486,936.0,GasA,Ex,Y,SBrkr,0.0,-1.3877787807814457e-17,996.0,1.0,0.0,1.0,0.0,2.0,0.6931471805599453,Gd,Typ,0.0,Gd,Attchd,Unf,2.0,TA,TA,Y,4.795790545596741,0.0,0.0,0.0,0.0,0.0,0.0,4.0,2010.0,WD,Normal,11.898194668458823
4.983606621708336,RM,41.5,1973.999999999999,Reg,Lvl,Inside,MeadowV,Norm,TwnhsE,2Story,4.0,5.0,1973.0,1973.0,Gable,CompShg,CemntBd,CmentBd,BrkFace,0.0,TA,TA,CBlock,TA,TA,No,BLQ,334.0,0.0,5.3612921657094255,546.0,GasA,TA,Y,SBrkr,6.304448802421982,-1.3877787807814457e-17,1092.0,0.0,0.0,1.0,1.0,3.0,0.6931471805599453,TA,Typ,0.0,Gd,Attchd,RFn,1.0,TA,TA,Y,4.795790545596741,4.574710978503383,0.0,0.0,0.0,0.0,0.0,5.0,2010.0,WD,Normal,11.332613886815139
4.110873864173311,FV,85.0,10574.0,Reg,Lvl,Inside,Somerst,Norm,1Fam,2Story,8.0,5.0,2005.0,2006.0,Gable,CompShg,VinylSd,VinylSd,BrkFace,0.0,Gd,TA,PConc,Gd,TA,Mn,Unf,0.0,0.0,6.9874902470009905,1082.0,GasA,Ex,Y,SBrkr,6.77078942390898,-1.3877787807814457e-17,1953.0,0.0,0.0,2.0,1.0,3.0,0.6931471805599453,Gd,Typ,1.0,Gd,Attchd,RFn,3.0,TA,TA,Y,5.081404364984463,3.9318256327243257,0.0,0.0,0.0,0.0,0.0,5.0,2009.0,WD,Normal,12.437188334739655
4.983606621708336,RM,27.500000000000007,2522.0,Reg,Lvl,Inside,Edwards,Norm,Twnhs,2Story,7.0,5.0,2004.0,2004.0,Gable,CompShg,VinylSd,VinylSd,Stone,3.9318256327243253,Gd,TA,PConc,Gd,TA,No,Unf,0.0,0.0,6.878326468291325,970.0,GasA,Ex,Y,SBrkr,6.606650186198215,-1.3877787807814457e-17,1709.0,0.0,0.0,2.0,0.0,3.0,0.6931471805599453,Gd,Maj1,0.0,Gd,Detchd,Unf,2.0,TA,TA,Y,0.0,3.713572066704308,0.0,0.0,0.0,0.0,0.0,4.0,2006.0,WD,Normal,11.83138646878959
4.795790545596741,FV,37.0,3316.0,IR1,Lvl,Inside,Somerst,Norm,TwnhsE,1Story,8.0,5.0,2005.0,2005.0,Gable,CompShg,MetalSd,MetalSd,BrkFace,0.0,Gd,TA,PConc,Gd,TA,No,GLQ,1039.0,0.0,5.342334251964811,1247.0,GasA,Ex,Y,SBrkr,0.0,-1.3877787807814457e-17,1247.0,1.0,0.0,1.0,1.0,1.0,0.6931471805599453,Gd,Typ,1.0,Gd,Attchd,Fin,2.0,TA,TA,Y,0.0,4.442651256490317,0.0,0.0,0.0,0.0,0.0,4.0,2006.0,WD,Normal,12.190964083849375
4.51085950651685,RL,60.0,8544.0,Reg,Lvl,Corner,NAmes,Norm,Duplex,1Story,3.0,4.0,1950.0,1950.0,Gable,CompShg,BrkFace,BrkFace,BrkFace,0.0,TA,TA,Slab,TA,TA,No,Unf,0.0,0.0,0.0,42.0,Wall,Fa,N,FuseA,0.0,-1.3877787807814457e-17,1040.0,0.0,0.0,2.0,0.0,2.0,1.0986122886681098,TA,Typ,0.0,Gd,Detchd,Unf,2.0,TA,TA,Y,0.0,0.0,0.0,0.0,0.0,0.0,0.0,6.0,2009.0,WD,Normal,11.439289689006644
4.983606621708336,FV,27.500000000000007,2160.000000000001,Reg,Lvl,Inside,Somerst,Norm,Twnhs,2Story,7.0,5.0,1999.0,2000.0,Gable,CompShg,MetalSd,MetalSd,BrkFace,5.3612921657094255,Gd,TA,PConc,Gd,TA,No,BLQ,510.0,0.0,4.51085950651685,600.0,GasA,Ex,Y,SBrkr,6.444131256700441,-1.3877787807814457e-17,1252.0,1.0,0.0,2.0,1.0,2.0,0.6931471805599453,Gd,Typ,0.0,Gd,Detchd,Unf,2.0,TA,TA,Y,0.0,3.8918202981106265,0.0,0.0,0.0,0.0,0.0,2.9999999999999996,2008.0,WD,Normal,11.982935344196433
3.9318256327243257,RL,60.0,8400.0,Reg,Bnk,Inside,SWISU,Norm,1Fam,1.5Fin,6.0,5.0,1925.0,1950.0,Gable,CompShg,MetalSd,MetalSd,BrkFace,0.0,TA,TA,PConc,TA,TA,No,Rec,423.0,0.0,6.63200177739563,1181.0,GasA,Fa,Y,SBrkr,5.720311776607412,-1.3877787807814457e-17,1694.0,0.0,0.0,2.0,0.0,4.0,0.6931471805599453,TA,Typ,1.0,Gd,Detchd,Unf,2.0,TA,TA,Y,5.8377304471659395,0.0,4.859812404361672,0.0,0.0,0.0,0.0,6.0,2008.0,WD,Normal,11.824087219587643
3.044522437723423,RL,71.0,9230.0,Reg,Lvl,Corner,NAmes,Feedr,1Fam,1Story,5.0,7.5,1965.0,1998.0,Hip,CompShg,MetalSd,MetalSd,BrkFace,5.117993812416755,TA,TA,CBlock,TA,TA,Mn,GLQ,661.0,0.0,5.318119993844216,864.0,GasA,Gd,Y,SBrkr,0.0,-1.3877787807814457e-17,1200.0,1.0,0.0,1.0,1.0,1.0,0.6931471805599453,Gd,Typ,0.0,Gd,Detchd,Unf,2.0,TA,TA,Y,0.0,4.174387269895637,0.0,0.0,0.0,0.0,0.0,10.0,2006.0,WD,Normal,11.891368749982085
3.044522437723423,RL,74.0,5868.0,Reg,Lvl,Inside,NAmes,Norm,1Fam,1Story,5.0,7.0,1956.0,2000.0,Gable,CompShg,MetalSd,MetalSd,BrkFace,0.0,TA,TA,CBlock,TA,TA,No,BLQ,248.0,5.484796933490655,6.1070228877422545,936.0,GasA,Ex,Y,SBrkr,0.0,-1.3877787807814457e-17,936.0,1.0,0.0,1.0,0.0,2.0,0.6931471805599453,TA,Typ,0.0,Gd,Attchd,Fin,1.0,TA,TA,Y,0.0,0.0,4.394449154672439,0.0,5.081404364984463,0.0,0.0,5.0,2010.0,WD,Normal,11.767575435251748
3.044522437723423,RL,78.0,9317.0,IR1,Lvl,Inside,CollgCr,Norm,1Fam,1Story,6.0,5.0,2006.0,2006.0,Gable,CompShg,VinylSd,VinylSd,BrkFace,0.0,Gd,TA,PConc,Gd,TA,No,GLQ,24.0,0.0,7.1631723908466425,1314.0,GasA,Gd,Y,SBrkr,0.0,-1.3877787807814457e-17,1314.0,0.0,0.0,2.0,0.0,3.0,0.6931471805599453,Gd,Typ,1.0,Gd,Attchd,RFn,2.0,TA,TA,Y,0.0,3.1354942159291497,0.0,0.0,0.0,0.0,0.0,2.9999999999999996,2007.0,WD,Normal,12.080696479888447
4.2626798770413155,RM,60.0,6882.0,Reg,Lvl,Inside,IDOTRR,Norm,1Fam,2Story,6.0,7.0,1914.0,2006.0,Gable,CompShg,Wd Sdng,Wd Sdng,BrkFace,0.0,TA,TA,PConc,TA,TA,No,Unf,0.0,0.0,6.529418838262226,684.0,GasA,TA,Y,SBrkr,6.368187186350493,-1.3877787807814457e-17,1355.0,0.0,0.0,1.0,1.0,3.0,0.6931471805599453,Gd,Typ,0.0,Gd,Attchd,Unf,-2.220446049250313e-16,TA,TA,Y,4.919980925828125,0.0,4.7535901911063645,0.0,0.0,0.0,0.0,2.9999999999999996,2007.0,WD,Normal,11.751950239425476
4.795790545596741,RL,55.0,3696.0,Reg,Lvl,Inside,StoneBr,Norm,TwnhsE,1Story,8.0,5.0,1986.0,1986.0,Gable,CompShg,HdBoard,HdBoard,BrkFace,0.0,Gd,TA,CBlock,Gd,TA,No,Unf,0.0,0.0,6.980075940561763,1074.0,GasA,Ex,Y,SBrkr,0.0,-1.3877787807814457e-17,1088.0,0.0,0.0,1.0,1.0,2.0,0.6931471805599453,Gd,Typ,0.0,Gd,Attchd,RFn,2.0,TA,TA,Y,0.0,4.31748811353631,4.927253685157205,0.0,0.0,0.0,0.0,10.0,2007.0,WD,Normal,12.04355959836804
3.9318256327243257,RM,50.0,6000.0,Reg,Lvl,Inside,BrkSide,Norm,1Fam,1.5Fin,4.0,6.0,1936.0,1950.0,Gable,CompShg,MetalSd,MetalSd,BrkFace,0.0,TA,TA,BrkTil,TA,TA,No,BLQ,672.0,0.0,0.0,672.0,GasA,TA,Y,SBrkr,6.342121418721152,-1.3877787807814457e-17,1324.0,0.0,0.0,1.0,0.0,3.0,0.6931471805599453,TA,Typ,0.0,Gd,Detchd,Unf,1.0,TA,TA,Y,0.0,0.0,0.0,0.0,0.0,0.0,0.0,7.0,2009.0,WD,Normal,11.759793355371237
3.044522437723423,RL,82.0,11880.0,IR1,Lvl,Inside,NWAmes,RRAn,1Fam,1Story,7.0,5.0,1978.0,1978.0,Gable,CompShg,Plywood,Plywood,BrkFace,5.332718793265369,TA,TA,CBlock,Gd,TA,No,ALQ,704.0,0.0,6.342121418721152,1271.0,GasA,TA,Y,SBrkr,0.0,-1.3877787807814457e-17,1601.0,0.0,0.0,2.0,0.0,3.0,0.6931471805599453,TA,Typ,1.0,TA,Attchd,RFn,2.0,TA,TA,Y,0.0,0.0,0.0,0.0,0.0,0.0,0.0,4.0,2009.0,COD,Abnorml,11.964007453736912
3.4339872044851463,RL,60.0,8400.0,Reg,Bnk,Inside,SWISU,Norm,1Fam,1Story,2.0,5.0,1920.0,1950.0,Gable,CompShg,Wd Sdng,Wd Sdng,BrkFace,0.0,TA,TA,CBlock,TA,Fa,No,Rec,290.0,0.0,0.0,290.0,GasA,TA,N,FuseF,0.0,-1.3877787807814457e-17,438.0,0.0,0.0,1.0,0.0,1.0,0.6931471805599453,Fa,Typ,0.0,Gd,Detchd,Unf,1.0,TA,TA,N,0.0,0.0,0.0,0.0,0.0,0.0,0.0,1.0,2009.0,WD,Normal,11.002116507732017
3.044522437723423,RL,61.0,9758.0,IR1,Lvl,Inside,NAmes,Norm,1Fam,1Story,5.0,5.0,1971.0,1971.0,Gable,CompShg,HdBoard,MetalSd,BrkFace,0.0,TA,TA,CBlock,TA,TA,No,BLQ,412.0,5.662960480135945,5.529429087511423,950.0,GasA,TA,Y,SBrkr,0.0,-1.3877787807814457e-17,950.0,0.0,0.0,1.0,0.0,3.0,0.6931471805599453,TA,Typ,0.0,Gd,Detchd,Unf,1.0,TA,TA,Y,0.0,0.0,0.0,0.0,0.0,0.0,0.0,7.0,2007.0,WD,Normal,11.691080018519527
3.044522437723423,RL,70.0,7000.0,Reg,Lvl,Inside,NAmes,Norm,1Fam,1Story,5.0,7.0,1960.0,2002.0,Gable,CompShg,Wd Sdng,Wd Sdng,BrkFace,3.828641396489095,TA,TA,CBlock,TA,TA,No,Rec,588.0,0.0,6.0473721790462776,1010.0,GasA,Ex,Y,SBrkr,0.0,-1.3877787807814457e-17,1134.0,0.0,0.0,1.0,0.0,2.0,0.6931471805599453,TA,Typ,0.0,Gd,Attchd,RFn,1.0,TA,TA,Y,0.0,2.833213344056216,0.0,0.0,0.0,0.0,0.0,4.0,2007.0,WD,Family,11.813037464800539
3.044522437723423,RL,79.0,8910.0,Reg,Lvl,Corner,NAmes,Norm,1Fam,1Story,6.0,6.0,1959.0,1959.0,Hip,CompShg,BrkFace,BrkFace,BrkFace,0.0,TA,TA,CBlock,TA,TA,Mn,ALQ,655.0,0.0,0.0,655.0,GasA,Ex,Y,SBrkr,0.0,-1.3877787807814457e-17,1194.0,0.0,0.6931471805599452,1.0,0.0,3.0,0.6931471805599453,TA,Typ,1.0,Fa,BuiltIn,Fin,2.0,TA,TA,Y,0.0,0.0,5.262690188904886,0.0,0.0,0.0,0.0,7.0,2006.0,WD,Normal,11.979805470779858
4.983606621708336,RM,27.500000000000007,2015.999999999999,Reg,Lvl,Inside,BrDale,Norm,TwnhsE,2Story,5.0,5.0,1970.0,1970.0,Gable,CompShg,HdBoard,HdBoard,BrkFace,5.720311776607412,TA,TA,CBlock,TA,TA,No,Unf,0.0,0.0,6.447305862541213,630.0,GasA,TA,Y,SBrkr,6.511745329644728,-1.3877787807814457e-17,1302.0,0.0,0.0,2.0,1.0,3.0,0.6931471805599453,TA,Typ,0.0,Gd,Detchd,Unf,2.0,TA,TA,Y,0.0,0.0,0.0,0.0,0.0,0.0,0.0,4.0,2007.0,WD,Normal,11.571203807011969
4.110873864173311,RL,98.0,12256.0,IR1,Lvl,Corner,NoRidge,Norm,1Fam,2Story,8.0,5.0,1994.0,1995.0,Gable,CompShg,HdBoard,HdBoard,BrkFace,5.8944028342648505,Gd,TA,PConc,Ex,TA,Av,GLQ,1032.0,0.0,6.068425588244111,1463.0,GasA,Ex,Y,SBrkr,7.023758954738442,-1.3877787807814457e-17,2622.0,1.0,0.0,2.0,1.0,3.0,0.6931471805599453,Gd,Typ,2.0,TA,Attchd,RFn,2.0,TA,TA,Y,5.231108616854587,3.4965075614664802,0.0,0.0,0.0,0.0,0.0,4.0,2010.0,WD,Normal,12.691583538230217
3.044522437723423,RL,111.5,10357.0,IR1,Lvl,Corner,SawyerW,Feedr,1Fam,1Story,7.0,5.0,1990.0,1991.0,Hip,CompShg,HdBoard,HdBoard,BrkFace,0.0,Gd,TA,PConc,Gd,TA,Mn,GLQ,738.0,0.0,5.153291594497779,910.0,GasA,Gd,Y,SBrkr,0.0,-1.3877787807814457e-17,1442.0,1.0,0.0,2.0,0.0,3.0,0.6931471805599453,Gd,Typ,1.0,TA,Attchd,Fin,2.0,TA,TA,Y,0.0,5.14166355650266,0.0,0.0,0.0,0.0,0.0,5.0,2007.0,WD,Normal,12.100161978566867
4.110873864173311,RL,111.5,17673.5,IR3,HLS,CulDSac,Gilbert,Norm,1Fam,2Story,7.0,5.0,2006.0,2006.0,Gable,CompShg,VinylSd,VinylSd,BrkFace,0.0,Gd,TA,PConc,Ex,Gd,No,Unf,0.0,0.0,6.767343125265392,868.0,GasA,Ex,Y,SBrkr,7.034387929915503,-1.3877787807814457e-17,2021.0,0.0,0.0,2.0,1.0,3.0,0.6931471805599453,Gd,Typ,1.0,Gd,BuiltIn,RFn,2.0,TA,TA,Y,0.0,4.61512051684126,0.0,0.0,0.0,0.0,0.0,9.0,2006.0,New,Partial,12.52352951631214
4.110873864173311,RL,64.6,8063.0,Reg,Lvl,Inside,Gilbert,Norm,1Fam,2Story,6.0,5.0,2000.0,2000.0,Gable,CompShg,VinylSd,VinylSd,BrkFace,0.0,TA,TA,PConc,Gd,TA,No,Unf,0.0,0.0,6.829793737512425,924.0,GasA,Ex,Y,SBrkr,6.610696044717759,-1.3877787807814457e-17,1690.0,0.0,0.0,2.0,1.0,3.0,0.6931471805599453,TA,Typ,1.0,TA,Attchd,RFn,2.0,TA,TA,Y,4.61512051684126,3.8918202981106265,0.0,0.0,0.0,0.0,0.0,11.0,2007.0,WD,Abnorml,12.10625783509458
3.044522437723423,RL,107.0,11362.0,IR1,Lvl,Inside,NridgHt,Norm,1Fam,1Story,8.0,5.0,2004.0,2005.0,Gable,CompShg,MetalSd,MetalSd,Stone,3.7612001156935624,Gd,TA,PConc,Ex,TA,Mn,GLQ,1039.0,0.0,6.682108597449809,1836.0,GasA,Ex,Y,SBrkr,0.0,-1.3877787807814457e-17,1836.0,1.0,0.0,2.0,0.0,3.0,0.6931471805599453,Gd,Typ,1.0,Gd,Attchd,Fin,3.0,TA,TA,Y,4.836281906951478,5.14166355650266,0.0,0.0,0.0,0.0,0.0,2.9999999999999996,2009.0,WD,Normal,12.54254845357358
4.110873864173311,RL,68.8,8000.0,Reg,Lvl,Inside,Gilbert,Norm,1Fam,2Story,6.0,5.0,1995.0,1996.0,Gable,CompShg,HdBoard,HdBoard,BrkFace,0.0,TA,TA,PConc,Gd,TA,No,GLQ,218.99999999999997,0.0,6.318968113746434,773.0,GasA,Gd,Y,SBrkr,6.786716950605081,-1.3877787807814457e-17,1658.0,1.0,0.0,2.0,1.0,3.0,0.6931471805599453,TA,Typ,1.0,TA,Attchd,Fin,2.0,TA,TA,Y,5.41610040220442,4.442651256490317,0.0,0.0,0.0,0.0,0.0,6.0,2008.0,WD,Normal,12.144202560946876
4.110873864173311,RL,80.0,10480.0,Reg,Lvl,Inside,NWAmes,Norm,1Fam,2Story,7.0,6.0,1976.0,1976.0,Hip,CompShg,Plywood,Plywood,BrkFace,6.030685260261263,TA,TA,CBlock,TA,TA,No,ALQ,403.0,0.0,5.993961427306569,803.0,GasA,TA,Y,SBrkr,6.7650389767805414,-1.3877787807814457e-17,1964.0,0.0,0.0,2.0,1.0,4.0,0.6931471805599453,TA,Typ,1.0,Gd,Attchd,RFn,2.0,TA,TA,Y,0.0,4.248495242049359,0.0,0.0,0.0,0.0,0.0,9.0,2008.0,WD,Normal,12.230770136157428
3.044522437723423,RL,73.0,7100.0,IR1,Lvl,Corner,NAmes,Norm,1Fam,1Story,5.0,7.0,1957.0,1957.0,Gable,CompShg,WdShing,Wd Shng,BrkFace,0.0,TA,TA,CBlock,TA,TA,No,GLQ,708.0,0.0,4.6913478822291435,816.0,GasA,TA,Y,FuseA,0.0,-1.3877787807814457e-17,816.0,1.0,0.0,1.0,0.0,2.0,0.6931471805599453,TA,Typ,0.0,Gd,Detchd,Unf,1.0,TA,TA,Y,0.0,0.0,0.0,0.0,0.0,0.0,0.0,7.0,2006.0,WD,Normal,11.774527900858468
3.044522437723423,RL,66.0,8923.0,Reg,Lvl,Inside,NAmes,Norm,1Fam,1Story,5.0,7.0,1953.0,2006.0,Gable,CompShg,Wd Sdng,Wd Sdng,BrkFace,0.0,TA,TA,CBlock,TA,TA,No,BLQ,643.0,0.0,5.902633333401366,1008.0,GasA,Gd,Y,SBrkr,0.0,-1.3877787807814457e-17,1008.0,1.0,0.0,1.0,0.0,2.0,0.6931471805599453,Gd,Typ,0.0,Gd,Attchd,Unf,1.0,TA,TA,Y,0.0,2.9444389791664403,0.0,0.0,0.0,0.0,0.0,5.0,2007.0,WD,Normal,11.80932691294063
3.044522437723423,RL,90.0,5400.0,Reg,Lvl,Inside,OldTown,Norm,1Fam,1Story,5.0,7.0,1954.0,2000.0,Gable,CompShg,MetalSd,MetalSd,BrkFace,0.0,TA,Gd,CBlock,TA,TA,No,Rec,415.0,0.0,6.037870919922137,833.0,GasA,Ex,Y,SBrkr,0.0,-1.3877787807814457e-17,833.0,0.0,0.0,1.0,0.0,2.0,0.6931471805599453,Gd,Typ,0.0,Gd,Detchd,Unf,1.0,TA,TA,Y,0.0,0.0,0.0,0.0,0.0,0.0,0.0,8.0,2006.0,WD,Normal,11.669937760751914
3.044522437723423,RL,93.0,12085.0,Reg,Lvl,Inside,NridgHt,Norm,1Fam,1Story,8.0,5.0,2007.0,2007.0,Hip,CompShg,VinylSd,VinylSd,Stone,5.796057750765373,Gd,TA,PConc,Ex,TA,No,GLQ,1004.0,0.0,6.594413459749778,1734.0,GasA,Ex,Y,SBrkr,0.0,-1.3877787807814457e-17,1734.0,1.0,0.0,2.0,0.0,3.0,0.6931471805599453,Ex,Typ,1.0,Gd,Attchd,RFn,3.0,TA,TA,Y,0.0,0.0,0.0,0.0,0.0,0.0,0.0,11.0,2007.0,New,Partial,12.669809806411457
4.394449154672439,RL,73.4,7750.0,Reg,Lvl,Inside,Gilbert,Norm,1Fam,SLvl,8.0,5.0,2002.0,2002.0,Hip,CompShg,VinylSd,VinylSd,BrkFace,0.0,Gd,TA,PConc,Gd,TA,No,GLQ,353.0,0.0,4.02535169073515,408.0,GasA,Ex,Y,SBrkr,6.463029456920669,-1.3877787807814457e-17,1419.0,1.0,0.0,2.0,1.0,3.0,0.6931471805599453,Gd,Typ,1.0,TA,BuiltIn,Fin,2.0,TA,TA,Y,4.795790545596741,0.0,0.0,0.0,0.0,0.0,0.0,2.9999999999999996,2009.0,WD,Normal,12.123239799036943
3.044522437723423,RL,57.0,9764.0,IR1,Lvl,FR2,Sawyer,Feedr,1Fam,1Story,5.0,7.0,1967.0,2003.0,Gable,CompShg,VinylSd,VinylSd,BrkFace,0.0,TA,TA,CBlock,TA,TA,No,BLQ,702.0,0.0,5.262690188904886,894.0,GasA,Ex,Y,SBrkr,0.0,-1.3877787807814457e-17,894.0,1.0,0.0,1.0,0.0,3.0,0.6931471805599453,Gd,Typ,0.0,Gd,Attchd,RFn,2.0,TA,TA,Y,0.0,0.0,0.0,0.0,0.0,0.0,0.0,5.0,2008.0,WD,Normal,11.775297421715827
4.394449154672439,RL,85.0,13825.0,Reg,Lvl,Inside,Sawyer,Norm,1Fam,SLvl,5.0,6.0,1958.0,1987.0,Gable,CompShg,MetalSd,MetalSd,BrkFace,0.0,TA,Gd,CBlock,TA,TA,No,Unf,0.0,0.0,6.280395838960195,533.0,GasA,TA,Y,SBrkr,6.364750756851911,-1.3877787807814457e-17,1601.0,0.0,0.6931471805599452,1.0,0.0,3.0,0.6931471805599453,TA,Min2,0.0,Gd,BuiltIn,RFn,1.0,TA,TA,Y,5.638354669333745,3.5553480614894135,0.0,0.0,0.0,0.0,0.0,12.0,2008.0,WD,Normal,11.849404844423074
3.044522437723423,RL,70.0,7560.0,Reg,Lvl,Inside,NAmes,Norm,1Fam,1Story,5.0,5.0,1959.0,1959.0,Gable,CompShg,BrkFace,Wd Sdng,BrkFace,0.0,TA,TA,CBlock,TA,TA,No,LwQ,369.0,0.0,6.51025834052315,1040.0,GasA,TA,Y,FuseA,0.0,-1.3877787807814457e-17,1040.0,0.0,0.0,1.0,0.0,3.0,0.6931471805599453,TA,Typ,0.0,Gd,Attchd,RFn,1.0,TA,TA,Y,4.948759890378168,0.0,5.53338948872752,0.0,0.0,0.0,0.0,7.0,2006.0,WD,Normal,11.803361242493628
3.4339872044851463,RM,59.0,8263.0,Reg,Bnk,Inside,IDOTRR,Norm,1Fam,1Story,6.0,5.0,1920.0,1950.0,Gable,CompShg,BrkFace,BrkFace,BrkFace,0.0,TA,TA,BrkTil,TA,TA,No,Unf,0.0,0.0,6.920671504248683,1012.0,GasA,TA,Y,FuseA,0.0,-1.3877787807814457e-17,1012.0,0.0,0.0,1.0,0.0,2.0,0.6931471805599453,TA,Typ,1.0,Gd,Detchd,Unf,1.0,TA,TA,Y,0.0,3.1354942159291497,4.727387818712341,0.0,0.0,0.0,0.0,5.0,2007.0,WD,Normal,11.681832447342321
3.044522437723423,RL,84.0,10084.0,Reg,Lvl,Inside,CollgCr,Norm,1Fam,1Story,7.0,5.0,2005.0,2006.0,Gable,CompShg,VinylSd,VinylSd,BrkFace,5.283203728737988,Gd,TA,PConc,Gd,TA,Av,GLQ,24.0,0.0,7.332369205929062,1552.0,GasA,Ex,Y,SBrkr,0.0,-1.3877787807814457e-17,1552.0,0.0,0.0,2.0,0.0,3.0,0.6931471805599453,Gd,Typ,0.0,Gd,Attchd,RFn,3.0,TA,TA,Y,4.976733742420574,3.044522437723423,0.0,0.0,0.0,0.0,0.0,7.0,2006.0,New,Partial,12.268582547911404
3.044522437723423,RL,65.0,8926.0,IR1,Lvl,Corner,Edwards,Norm,1Fam,1Story,4.0,3.5,1956.0,1956.0,Gable,CompShg,AsbShng,AsbShng,BrkFace,0.0,TA,TA,CBlock,TA,TA,No,Unf,0.0,0.0,6.511745329644728,672.0,GasA,Ex,Y,FuseA,0.0,-1.3877787807814457e-17,960.0,0.0,0.0,1.0,0.0,3.0,0.6931471805599453,TA,Typ,0.0,Gd,Basment,Unf,1.0,TA,TA,Y,4.174387269895637,0.0,0.0,0.0,5.081404364984463,0.0,0.0,10.0,2009.0,COD,Abnorml,11.626263078808801
3.044522437723423,RL,50.0,9405.0,Reg,Lvl,Inside,Edwards,Norm,1Fam,1Story,5.0,7.5,1947.0,2008.0,Hip,CompShg,VinylSd,VinylSd,BrkFace,0.0,TA,Ex,CBlock,TA,TA,No,Unf,0.0,0.0,6.54965074223381,698.0,GasA,Ex,Y,SBrkr,0.0,-1.3877787807814457e-17,698.0,0.0,0.6931471805599452,1.0,0.0,2.0,0.6931471805599453,TA,Typ,0.0,Gd,Attchd,Unf,-2.220446049250313e-16,TA,TA,Y,0.0,5.14166355650266,0.0,0.0,0.0,0.0,0.0,6.0,2009.0,WD,Normal,11.678448377988165
4.394449154672439,RL,70.6,9125.0,IR1,Lvl,Inside,Gilbert,Norm,1Fam,SLvl,7.0,5.0,1992.0,1992.0,Gable,CompShg,HdBoard,HdBoard,BrkFace,5.14166355650266,TA,TA,PConc,Gd,TA,No,Unf,0.0,0.0,5.953243334287785,384.0,GasA,Gd,Y,SBrkr,6.508769136971683,-1.3877787807814457e-17,1482.0,0.0,0.0,2.0,1.0,3.0,0.6931471805599453,Gd,Typ,1.0,TA,Attchd,Fin,2.0,TA,TA,Y,4.61512051684126,3.258096538021482,0.0,0.0,0.0,0.0,0.0,7.0,2007.0,WD,Normal,12.007017865994577
3.044522437723423,RL,60.0,10434.0,Reg,Lvl,Inside,NAmes,Norm,1Fam,1Story,4.0,5.0,1955.0,1955.0,Gable,CompShg,Plywood,Plywood,BrkFace,0.0,TA,TA,CBlock,TA,TA,No,Unf,0.0,0.0,6.913737350659685,1005.0,GasA,TA,Y,SBrkr,0.0,-1.3877787807814457e-17,1005.0,0.0,0.0,1.0,0.0,2.0,0.6931471805599453,Fa,Typ,1.0,TA,Detchd,Unf,2.0,Fa,Fa,Y,0.0,0.0,0.0,0.0,0.0,0.0,0.0,11.0,2009.0,WD,Normal,11.652696102959753
4.795790545596741,RL,53.0,3684.0,Reg,Lvl,Inside,Blmngtn,Norm,TwnhsE,1Story,7.0,5.0,2007.0,2007.0,Hip,CompShg,VinylSd,VinylSd,BrkFace,4.875197323201151,Gd,TA,PConc,Gd,TA,No,Unf,0.0,0.0,7.2254814727822945,1373.0,GasA,Ex,Y,SBrkr,0.0,-1.3877787807814457e-17,1555.0,0.0,0.0,2.0,0.0,2.0,0.6931471805599453,Gd,Typ,1.0,TA,Attchd,Fin,3.0,TA,TA,Y,4.969813299576001,3.044522437723423,0.0,0.0,0.0,0.0,0.0,6.0,2009.0,WD,Normal,12.066816325306588
3.044522437723423,RL,111.5,14572.0,IR3,Lvl,Corner,Gilbert,Norm,1Fam,1Story,7.0,5.0,2004.0,2004.0,Hip,CompShg,VinylSd,VinylSd,BrkFace,0.0,Gd,TA,PConc,Gd,TA,Av,GLQ,1300.0,0.0,5.442417710521793,1530.0,GasA,Ex,Y,SBrkr,0.0,-1.3877787807814457e-17,1530.0,1.0,0.0,2.0,0.0,3.0,0.6931471805599453,Gd,Typ,1.0,Gd,Attchd,Fin,3.0,TA,TA,Y,4.976733742420574,3.6109179126442243,0.0,0.0,0.0,0.0,0.0,11.0,2007.0,WD,Family,12.464587201678082
4.110873864173311,RL,59.0,11796.0,IR1,Lvl,Inside,Gilbert,Norm,1Fam,2Story,7.0,5.0,2004.0,2005.0,Gable,CompShg,VinylSd,VinylSd,BrkFace,0.0,Gd,TA,PConc,Gd,TA,Av,Unf,0.0,0.0,6.742880635791903,847.0,GasA,Ex,Y,SBrkr,7.014814351275545,-1.3877787807814457e-17,1959.0,0.0,0.0,2.0,1.0,4.0,0.6931471805599453,Gd,Typ,1.0,Gd,BuiltIn,Fin,2.0,TA,TA,Y,4.61512051684126,3.8918202981106265,0.0,0.0,0.0,0.0,0.0,7.0,2007.0,WD,Normal,12.278397958261774
4.51085950651685,RM,60.0,7200.0,Reg,Lvl,Inside,OldTown,Norm,Duplex,SFoyer,5.0,5.0,1980.0,1980.0,Gable,CompShg,MetalSd,MetalSd,BrkFace,5.198497031265826,TA,TA,CBlock,Gd,TA,Gd,GLQ,936.0,0.0,0.0,936.0,GasA,TA,Y,SBrkr,0.0,-1.3877787807814457e-17,936.0,1.0,0.0,1.0,0.0,2.0,0.6931471805599453,TA,Typ,0.0,Gd,Detchd,Unf,2.0,TA,TA,Y,3.912023005428146,0.0,0.0,0.0,0.0,0.0,0.0,8.0,2007.0,WD,Normal,11.849404844423074
3.9318256327243257,RL,65.0,7804.0,Reg,Lvl,Inside,SWISU,Norm,1Fam,1.5Fin,4.0,3.5,1928.0,1950.0,Gable,CompShg,WdShing,Plywood,BrkFace,0.0,TA,TA,BrkTil,TA,TA,No,BLQ,622.0,0.0,6.2166061010848646,1122.0,GasA,TA,Y,SBrkr,6.483107351457198,-1.3877787807814457e-17,1981.0,1.0,0.0,2.0,0.0,4.0,0.6931471805599453,Gd,Min2,2.0,TA,Detchd,Unf,2.0,TA,TA,Y,6.042632833682381,3.8066624897703196,0.0,0.0,0.0,0.0,0.0,12.0,2009.0,WD,Normal,11.813037464800539
3.044522437723423,RL,63.0,10712.0,Reg,Lvl,Inside,Mitchel,Norm,1Fam,1Story,5.0,5.0,1991.0,1992.0,Gable,CompShg,HdBoard,HdBoard,BrkFace,0.0,TA,TA,PConc,Gd,TA,Mn,BLQ,212.0,0.0,6.637258031284457,974.0,GasA,TA,Y,SBrkr,0.0,-1.3877787807814457e-17,974.0,0.0,0.0,1.0,0.0,3.0,0.6931471805599453,TA,Typ,0.0,Gd,Attchd,Unf,-2.220446049250313e-16,TA,TA,Y,0.0,3.367295829986474,0.0,0.0,0.0,0.0,0.0,9.0,2007.0,Oth,Abnorml,11.445727410406752
4.2626798770413155,RM,90.0,9900.0,Reg,Lvl,Inside,OldTown,Norm,1Fam,2Story,6.0,4.0,1885.0,1950.0,Gable,CompShg,Wd Sdng,Wd Sdng,BrkFace,0.0,TA,TA,BrkTil,TA,TA,Mn,Unf,0.0,0.0,6.9167150203536085,1008.0,GasW,TA,Y,SBrkr,6.940222469119638,-1.3877787807814457e-17,2210.0,0.0,0.0,2.0,0.0,4.5,0.6931471805599453,Fa,Typ,0.0,Gd,Detchd,Unf,1.0,Fa,TA,N,0.0,3.8918202981106265,0.0,0.0,0.0,0.0,0.0,5.0,2007.0,WD,Normal,11.674202123168433
4.110873864173311,RL,80.0,9828.0,IR1,Lvl,Inside,SawyerW,Norm,1Fam,2Story,8.0,5.0,1995.0,1995.0,Gable,CompShg,VinylSd,VinylSd,BrkFace,0.0,Gd,TA,PConc,Gd,TA,No,GLQ,584.0,0.0,6.300785794663244,1128.0,GasA,Ex,Y,SBrkr,6.778784897685178,-1.3877787807814457e-17,2020.0,0.0,0.0,2.0,1.0,3.0,0.6931471805599453,Gd,Typ,1.0,TA,Attchd,RFn,2.0,TA,TA,Y,0.0,5.049856007249537,0.0,0.0,0.0,0.0,0.0,6.0,2009.0,WD,Normal,12.386312871189734
4.110873864173311,RL,57.0,8773.0,IR1,HLS,Inside,Gilbert,Norm,1Fam,2Story,6.0,5.0,1997.0,1997.0,Gable,CompShg,VinylSd,VinylSd,BrkFace,0.0,TA,TA,PConc,Gd,TA,Av,Unf,0.0,0.0,6.821107472256465,916.0,GasA,Gd,Y,SBrkr,6.529418838262226,-1.3877787807814457e-17,1600.0,0.0,0.0,2.0,1.0,3.0,0.6931471805599453,TA,Typ,1.0,TA,Attchd,Fin,2.0,TA,TA,Y,4.61512051684126,3.6635616461296463,0.0,0.0,0.0,0.0,0.0,8.0,2007.0,WD,Normal,12.037659911047468
3.4339872044851463,RM,60.0,6180.0,Reg,Lvl,Corner,BrkSide,Norm,1Fam,1Story,6.0,5.0,1926.0,1950.0,Gable,CompShg,Wd Sdng,Wd Sdng,BrkFace,0.0,TA,TA,BrkTil,TA,TA,No,Unf,0.0,0.0,6.8679744089702925,960.0,GasA,TA,N,SBrkr,0.0,-1.3877787807814457e-17,986.0,0.0,0.0,1.0,0.0,2.0,0.6931471805599453,TA,Typ,1.0,Gd,Detchd,Unf,1.0,TA,TA,Y,0.0,4.859812404361672,0.0,0.0,0.0,0.0,0.0,5.0,2007.0,WD,Normal,11.532737896139919
3.9318256327243257,RL,80.0,9600.0,Reg,Lvl,Inside,NAmes,Norm,1Fam,1.5Fin,6.0,5.0,1950.0,1950.0,Gable,CompShg,VinylSd,VinylSd,BrkFace,0.0,TA,TA,CBlock,TA,TA,No,BLQ,280.0,0.0,6.6240652277998935,1032.0,GasA,TA,Y,FuseA,5.3981627015177525,-1.3877787807814457e-17,1252.0,0.0,0.0,1.0,0.0,3.0,0.6931471805599453,TA,Typ,0.0,Gd,Attchd,Unf,1.0,TA,TA,Y,0.0,0.0,4.574710978503382,0.0,0.0,0.0,0.0,4.0,2008.0,WD,Abnorml,11.686887175419702
3.9318256327243257,RL,54.0,6342.0,Reg,Lvl,Inside,Sawyer,Feedr,1Fam,1.5Fin,5.0,7.5,1885.0,1996.0,Gable,CompShg,VinylSd,VinylSd,BrkFace,0.0,TA,Gd,CBlock,TA,TA,No,Unf,0.0,0.0,6.660575149839686,780.0,GasA,Gd,N,SBrkr,5.484796933490655,-1.3877787807814457e-17,1020.0,0.0,0.0,1.0,0.0,2.0,0.6931471805599453,TA,Typ,0.0,Gd,Attchd,Unf,-2.220446049250313e-16,TA,TA,N,0.0,0.0,5.176149732573829,0.0,0.0,0.0,0.0,5.0,2010.0,WD,Normal,11.451060699493427
3.044522437723423,RL,80.5,9819.0,IR1,Lvl,Inside,Mitchel,Norm,1Fam,1Story,6.0,5.0,1977.0,1977.0,Gable,CompShg,Plywood,ImStucc,BrkFace,0.0,TA,TA,PConc,TA,TA,Gd,ALQ,1567.0,0.0,0.0,1567.0,GasA,TA,Y,SBrkr,0.0,-1.3877787807814457e-17,1567.0,1.0,0.0,2.0,0.0,2.0,0.6931471805599453,Gd,Typ,2.0,TA,Attchd,RFn,2.0,TA,TA,Y,5.579729825986222,3.4965075614664802,0.0,0.0,0.0,0.0,0.0,5.0,2009.0,WD,Normal,12.185875040240456
3.4339872044851463,RL,98.0,8731.0,IR1,Lvl,Inside,BrkSide,Norm,1Fam,1Story,5.0,5.0,1920.0,1950.0,Gable,CompShg,Stucco,Stucco,BrkFace,0.0,TA,Fa,BrkTil,TA,TA,No,BLQ,645.0,0.0,5.602118820879701,915.0,GasA,TA,Y,SBrkr,0.0,-1.3877787807814457e-17,1167.0,0.0,0.0,1.0,0.0,3.0,0.6931471805599453,TA,Maj1,1.0,Gd,Detchd,Unf,2.0,TA,TA,Y,0.0,0.0,5.37989735354046,0.0,4.844187086458591,0.0,0.0,5.0,2007.0,WD,Normal,11.87757552297847
3.044522437723423,RL,60.0,7350.0,Reg,Lvl,Corner,NAmes,Norm,1Fam,1Story,5.0,7.0,1951.0,1951.0,Gable,CompShg,HdBoard,HdBoard,BrkFace,0.0,TA,TA,CBlock,TA,TA,Mn,ALQ,852.0,0.0,4.61512051684126,952.0,GasA,TA,Y,SBrkr,0.0,-1.3877787807814457e-17,952.0,1.0,0.0,1.0,0.0,2.0,0.6931471805599453,TA,Typ,0.0,Gd,Detchd,Unf,2.0,TA,TA,Y,0.0,0.0,0.0,0.0,0.0,0.0,0.0,6.0,2008.0,COD,Abnorml,11.842236406331555
4.110873864173311,RL,80.0,10304.0,IR1,Lvl,CulDSac,NWAmes,PosN,1Fam,2Story,5.0,7.0,1976.0,1976.0,Gable,CompShg,Plywood,Plywood,BrkFace,3.8066624897703196,TA,Gd,CBlock,TA,TA,No,ALQ,381.0,0.0,5.991464547107982,780.0,GasA,Ex,Y,SBrkr,6.660575149839686,-1.3877787807814457e-17,1868.0,1.0,0.0,2.0,1.0,4.0,0.6931471805599453,Gd,Typ,1.0,TA,Attchd,Unf,2.0,TA,TA,Y,6.042632833682381,4.574710978503383,0.0,0.0,0.0,0.0,0.0,10.0,2009.0,WD,Normal,12.193498926601634
4.110873864173311,RL,77.0,9965.0,Reg,Lvl,Inside,CollgCr,Norm,1Fam,2Story,8.0,5.0,2006.0,2007.0,Hip,CompShg,VinylSd,VinylSd,Stone,5.831882477283517,Gd,TA,PConc,Ex,TA,Gd,GLQ,1150.0,0.0,5.75890177387728,1466.0,GasA,Ex,Y,SBrkr,7.217443431696532,-1.3877787807814457e-17,2747.625,1.0,0.0,3.0,0.0,4.0,0.6931471805599453,Gd,Typ,1.0,TA,BuiltIn,RFn,3.0,TA,TA,Y,4.836281906951478,4.976733742420574,0.0,0.0,0.0,0.0,0.0,4.0,2007.0,New,Partial,12.959540872420414
3.044522437723423,RL,74.5,9000.0,Reg,Lvl,Inside,Sawyer,Norm,1Fam,1Story,5.0,3.5,1959.0,1959.0,Gable,CompShg,Wd Sdng,Plywood,BrkFace,0.0,TA,TA,CBlock,TA,TA,No,GLQ,288.0,0.0,6.577861357721047,1006.0,GasA,TA,Y,SBrkr,0.0,-1.3877787807814457e-17,1006.0,0.0,0.0,1.0,0.0,3.0,0.6931471805599453,TA,Typ,0.0,Gd,Attchd,Unf,-2.220446049250313e-16,TA,TA,Y,0.0,3.2188758248682006,0.0,0.0,0.0,0.0,0.0,7.0,2008.0,WD,Normal,11.289794413577894
4.983606621708336,RL,60.0,12180.0,Reg,Lvl,Inside,Edwards,Norm,2fmCon,1.5Fin,4.0,4.0,1941.0,1950.0,Gable,CompShg,MetalSd,MetalSd,BrkFace,0.0,TA,Fa,BrkTil,Gd,TA,No,BLQ,348.0,0.0,5.783825182329737,672.0,Grav,Fa,N,FuseA,5.53338948872752,-1.3877787807814457e-17,924.0,1.0,0.0,1.0,0.0,2.0,0.6931471805599453,Fa,Typ,0.0,Gd,Detchd,Unf,1.0,TA,TA,Y,0.0,0.0,0.0,0.0,0.0,0.0,0.0,7.0,2010.0,WD,Normal,11.289794413577894
3.9318256327243257,RM,52.0,6240.0,Reg,Lvl,Inside,BrkSide,Norm,1Fam,1.5Fin,5.0,6.0,1928.0,1950.0,Gable,CompShg,MetalSd,MetalSd,BrkFace,0.0,TA,TA,BrkTil,TA,TA,No,Unf,0.0,0.0,6.949856455000773,1042.0,GasA,Ex,Y,SBrkr,6.282266746896006,-1.3877787807814457e-17,1576.0,0.0,0.0,1.0,0.0,3.0,0.6931471805599453,TA,Typ,1.0,Gd,Detchd,Unf,1.0,TA,TA,Y,0.0,0.0,0.0,0.0,0.0,0.0,0.0,8.0,2006.0,WD,Family,11.91170829631447
3.044522437723423,RL,75.2,11200.0,Reg,Lvl,Inside,SawyerW,Norm,1Fam,1Story,6.0,5.0,1985.0,1985.0,Gable,CompShg,Wd Sdng,Wd Shng,BrkFace,4.454347296253507,Gd,TA,CBlock,Gd,TA,No,GLQ,1258.0,0.0,3.713572066704308,1298.0,GasA,TA,Y,SBrkr,0.0,-1.3877787807814457e-17,1298.0,1.0,0.0,2.0,0.0,3.0,0.6931471805599453,Gd,Typ,1.0,TA,Attchd,Unf,2.0,TA,TA,Y,5.111987788356544,3.295836866004329,0.0,0.0,0.0,0.0,0.0,5.0,2006.0,WD,Normal,12.100717685412471
4.2626798770413155,RL,75.0,12000.0,Reg,Bnk,Inside,Crawfor,Norm,1Fam,2Story,7.0,7.0,1941.0,1950.0,Gable,CompShg,MetalSd,MetalSd,BrkFace,0.0,TA,TA,CBlock,TA,TA,No,Rec,275.0,0.0,6.063785208687608,704.0,GasA,Ex,Y,SBrkr,6.558197802812269,-1.3877787807814457e-17,1564.0,0.0,0.0,1.0,1.0,3.0,0.6931471805599453,Fa,Typ,1.0,Gd,Attchd,Unf,1.0,TA,TA,Y,0.0,0.0,0.0,0.0,0.0,0.0,0.0,7.0,2009.0,WD,Normal,12.069685751267224
3.9318256327243257,RM,55.4,5700.0,Reg,Lvl,Inside,OldTown,Norm,1Fam,1.5Fin,7.0,7.0,1926.0,1950.0,Gable,CompShg,Wd Sdng,Wd Sdng,BrkFace,0.0,TA,TA,PConc,TA,TA,No,Unf,0.0,0.0,6.35088571671474,572.0,GasA,TA,Y,SBrkr,6.29156913955832,-1.3877787807814457e-17,1111.0,0.0,0.0,1.0,0.0,2.0,0.6931471805599453,TA,Typ,1.0,Gd,Detchd,Unf,1.0,TA,TA,Y,0.0,0.0,5.176149732573829,0.0,0.0,0.0,0.0,8.0,2008.0,WD,Normal,11.669082701743504
4.2626798770413155,RM,50.0,9000.0,Reg,Lvl,Inside,OldTown,Artery,1Fam,2Story,7.0,7.5,1920.0,1988.0,Hip,CompShg,VinylSd,VinylSd,BrkFace,0.0,TA,Gd,PConc,TA,TA,No,ALQ,624.0,0.0,3.295836866004329,650.0,GasA,Ex,Y,SBrkr,6.478509642208568,-1.3877787807814457e-17,1482.0,0.0,0.6931471805599452,1.0,0.0,3.0,0.6931471805599453,TA,Typ,0.0,Gd,Detchd,Unf,2.0,TA,TA,Y,0.0,0.0,0.0,0.0,0.0,0.0,0.0,7.0,2009.0,WD,Normal,11.870606902224587
3.044522437723423,RL,57.0,8280.0,IR1,Lvl,Inside,NAmes,Norm,1Fam,1Story,6.0,5.0,1950.0,1950.0,Gable,CompShg,BrkFace,BrkFace,BrkFace,0.0,TA,TA,CBlock,TA,TA,No,Unf,0.0,0.0,6.838405200847344,932.0,GasA,Ex,Y,FuseA,0.0,-1.3877787807814457e-17,932.0,0.0,0.0,1.0,0.0,2.0,0.6931471805599453,Gd,Typ,1.0,Gd,Attchd,Unf,1.0,TA,TA,Y,0.0,0.0,5.3706380281276624,0.0,0.0,0.0,0.0,11.0,2007.0,WD,Normal,11.728044909070785
3.044522437723423,RL,111.5,17673.5,Reg,Lvl,Inside,Edwards,Norm,1Fam,1Story,5.0,4.0,1959.0,1959.0,Gable,CompShg,HdBoard,Plywood,BrkFace,4.890349128221754,TA,TA,CBlock,TA,TA,No,BLQ,176.0,0.0,7.1631723908466425,1466.0,GasA,TA,Y,SBrkr,0.0,-1.3877787807814457e-17,1466.0,0.0,0.0,1.0,1.0,3.0,0.6931471805599453,Fa,Typ,2.0,Gd,Attchd,Fin,2.0,TA,TA,Y,0.0,4.948759890378168,0.0,0.0,4.61512051684126,0.0,0.0,11.0,2006.0,WD,Normal,11.917730355182513
3.044522437723423,RL,90.0,14115.0,IR1,Lvl,Inside,Crawfor,Norm,1Fam,1Story,6.0,7.0,1956.0,2004.0,Gable,CompShg,Stone,Stone,BrkFace,0.0,TA,TA,PConc,TA,TA,No,ALQ,296.0,6.306275286948015,5.442417710521793,1073.0,GasA,Ex,Y,SBrkr,0.0,-1.3877787807814457e-17,1811.0,0.0,0.0,1.0,0.0,2.0,0.6931471805599453,Ex,Typ,1.0,Gd,Attchd,Fin,2.0,TA,TA,Y,0.0,0.0,5.638354669333745,0.0,0.0,0.0,0.0,7.0,2006.0,WD,Abnorml,12.345838935721968
3.4339872044851463,RM,61.6,5890.0,Reg,Lvl,Corner,IDOTRR,Norm,1Fam,1Story,6.0,7.5,1930.0,2007.0,Gable,CompShg,Wd Sdng,Wd Sdng,BrkFace,0.0,Gd,Gd,BrkTil,TA,TA,Av,ALQ,538.0,0.0,5.631211781821365,816.0,GasA,Ex,Y,SBrkr,0.0,-1.3877787807814457e-17,816.0,0.0,0.0,1.0,0.0,2.0,0.6931471805599453,TA,Typ,0.0,Gd,Detchd,Unf,1.0,TA,TA,Y,0.0,0.0,4.574710978503382,0.0,0.0,0.0,0.0,6.0,2008.0,WD,Normal,11.699413330633599
4.110873864173311,RL,85.0,13700.0,IR1,Lvl,Inside,NAmes,Norm,1Fam,2Story,7.0,6.0,1965.0,1988.0,Gable,CompShg,VinylSd,VinylSd,Stone,5.666426688112432,TA,TA,CBlock,TA,TA,Gd,ALQ,454.0,0.0,6.018593214496234,864.0,GasA,TA,Y,SBrkr,6.823286122355687,-1.3877787807814457e-17,1820.0,0.0,0.0,1.0,2.0,4.0,0.6931471805599453,Gd,Typ,2.0,Gd,Attchd,Unf,2.0,TA,TA,Y,4.110873864173311,4.442651256490317,0.0,0.0,5.6131281063880705,0.0,0.0,5.0,2008.0,WD,Normal,12.215037342290755
3.044522437723423,RL,90.0,10768.0,IR1,Lvl,Corner,Veenker,Norm,1Fam,1Story,5.0,7.5,1976.0,2004.0,Gable,CompShg,Plywood,Plywood,BrkFace,0.0,Gd,Gd,CBlock,Gd,TA,Gd,ALQ,1157.0,0.0,5.638354669333745,1437.0,GasA,TA,Y,SBrkr,0.0,-1.3877787807814457e-17,1437.0,1.0,0.0,2.0,0.0,3.0,0.6931471805599453,Gd,Typ,1.0,Fa,Attchd,RFn,2.0,TA,TA,Y,0.0,3.091042453358316,0.0,0.0,5.198497031265826,0.0,0.0,7.0,2007.0,WD,Normal,12.292254928916668
4.394449154672439,RL,85.0,9350.0,Reg,Lvl,Inside,NAmes,Norm,1Fam,SLvl,5.0,7.5,1965.0,1999.0,Gable,CompShg,BrkFace,BrkFace,BrkFace,0.0,TA,Gd,PConc,TA,TA,Gd,ALQ,633.0,0.0,6.375024819828097,1219.0,GasA,Gd,Y,SBrkr,0.0,-1.3877787807814457e-17,1265.0,0.0,0.6931471805599452,2.0,0.0,3.0,0.6931471805599453,Gd,Typ,1.0,Gd,Attchd,RFn,2.0,TA,TA,Y,0.0,4.532599493153256,0.0,4.574710978503383,0.0,0.0,0.0,10.0,2008.0,WD,Normal,12.100161978566867
4.795790545596741,RL,34.0,5001.0,IR1,Lvl,Inside,NridgHt,Norm,Twnhs,1Story,7.0,5.0,2007.0,2008.0,Gable,CompShg,VinylSd,VinylSd,Stone,5.117993812416755,Gd,TA,PConc,Gd,TA,No,GLQ,904.0,0.0,6.018593214496234,1314.0,GasA,Ex,Y,SBrkr,0.0,-1.3877787807814457e-17,1314.0,1.0,0.0,2.0,0.0,2.0,0.6931471805599453,Gd,Typ,1.0,Gd,Attchd,RFn,2.0,TA,TA,Y,5.153291594497779,4.143134726391533,0.0,0.0,0.0,0.0,0.0,7.0,2009.0,WD,Normal,12.345838935721968
3.044522437723423,RL,92.0,11932.0,Reg,Lvl,FR2,Somerst,Feedr,1Fam,1Story,8.0,5.0,2007.0,2008.0,Gable,CompShg,VinylSd,VinylSd,Stone,5.231108616854587,Gd,TA,PConc,Gd,TA,No,Unf,0.0,0.0,7.365812837209472,1580.0,GasA,Ex,Y,SBrkr,0.0,-1.3877787807814457e-17,1580.0,0.0,0.0,2.0,0.0,3.0,0.6931471805599453,Gd,Typ,0.0,Gd,Attchd,RFn,3.0,TA,TA,Y,0.0,3.2188758248682006,0.0,0.0,0.0,0.0,0.0,6.0,2008.0,ConLD,Partial,12.367889578686164
4.110873864173311,RL,76.0,9120.0,Reg,Lvl,Inside,NWAmes,Norm,1Fam,2Story,6.0,6.0,1974.0,1974.0,Hip,CompShg,HdBoard,HdBoard,BrkFace,5.602118820879701,Gd,TA,CBlock,TA,TA,No,ALQ,442.0,0.0,6.131226489483141,901.0,GasA,TA,Y,SBrkr,6.839476438228843,-1.3877787807814457e-17,1876.0,0.0,0.0,2.0,1.0,4.0,0.6931471805599453,Gd,Typ,1.0,TA,Attchd,RFn,2.0,Gd,TA,Y,0.0,4.248495242049359,0.0,0.0,0.0,0.0,0.0,7.0,2008.0,WD,Normal,12.128116509451258
4.983606621708336,RL,27.500000000000007,2279.999999999999,Reg,Lvl,Inside,NPkVill,Norm,Twnhs,2Story,6.0,5.0,1978.0,1978.0,Gable,CompShg,Plywood,Brk Cmn,BrkFace,0.0,TA,TA,CBlock,Gd,TA,No,ALQ,311.0,0.0,6.300785794663244,855.0,GasA,Fa,Y,SBrkr,6.400257445308821,-1.3877787807814457e-17,1456.0,0.0,0.0,2.0,1.0,3.0,0.6931471805599453,TA,Typ,1.0,TA,Attchd,Unf,2.0,TA,TA,Y,3.295836866004329,0.0,0.0,0.0,0.0,0.0,0.0,7.0,2010.0,WD,Normal,11.891368749982085
3.044522437723423,RL,91.5,14778.0,IR1,Low,CulDSac,Crawfor,PosN,1Fam,1Story,6.0,7.0,1954.0,2006.0,Hip,CompShg,HdBoard,HdBoard,BrkFace,4.290459441148391,Gd,TA,CBlock,TA,TA,No,BLQ,728.0,0.0,6.343880434126331,1296.0,GasA,Ex,Y,SBrkr,0.0,-1.3877787807814457e-17,1640.0,1.0,0.0,1.0,0.0,3.0,0.6931471805599453,Gd,Typ,1.0,Gd,Detchd,Unf,2.0,TA,TA,Y,4.6913478822291435,0.0,0.0,5.37989735354046,0.0,0.0,0.0,11.0,2008.0,WD,Normal,12.319405795112926
3.044522437723423,RL,109.0,8724.0,Reg,Lvl,Inside,Sawyer,Norm,1Fam,1Story,5.0,5.0,1968.0,1968.0,Gable,CompShg,VinylSd,VinylSd,BrkFace,0.0,TA,TA,CBlock,Gd,TA,No,BLQ,492.0,0.0,5.998936561946683,894.0,GasA,Gd,Y,SBrkr,0.0,-1.3877787807814457e-17,894.0,0.0,0.0,1.0,0.0,3.0,0.6931471805599453,TA,Typ,1.0,Po,Attchd,Fin,2.0,TA,TA,Y,0.0,0.0,0.0,0.0,0.0,0.0,0.0,5.0,2007.0,WD,Normal,11.767575435251748
4.51085950651685,RL,60.0,12900.0,Reg,Lvl,Inside,Sawyer,Feedr,Duplex,SFoyer,4.0,4.0,1969.0,1969.0,Gable,CompShg,Plywood,Plywood,BrkFace,0.0,TA,TA,CBlock,Gd,TA,Av,GLQ,1198.0,0.0,0.0,1198.0,GasA,TA,Y,SBrkr,0.0,-1.3877787807814457e-17,1258.0,2.0,0.0,0.0,2.0,0.5,1.0986122886681098,TA,Typ,0.0,Gd,CarPort,Unf,2.0,Fa,TA,Y,4.795790545596741,0.0,0.0,0.0,0.0,0.0,0.0,1.0,2008.0,WD,Alloca,11.59873612138334
4.394449154672439,RL,81.4,16157.0,IR1,Lvl,FR2,Veenker,Feedr,1Fam,SLvl,5.0,7.0,1978.0,1978.0,Gable,CompShg,Plywood,Plywood,BrkFace,0.0,TA,TA,PConc,Gd,TA,Gd,ALQ,680.0,5.971261839790461,5.66988092298052,1360.0,GasA,Ex,Y,SBrkr,0.0,-1.3877787807814457e-17,1432.0,1.0,0.0,1.0,1.0,2.0,0.6931471805599453,Gd,Typ,1.0,TA,Attchd,Unf,2.0,TA,TA,Y,5.1298987149230735,5.14166355650266,0.0,0.0,0.0,0.0,0.0,6.0,2007.0,WD,Normal,12.175618592671356
3.044522437723423,RL,79.0,9541.0,IR1,Lvl,Inside,NridgHt,Norm,1Fam,1Story,7.0,5.0,2009.0,2009.0,Gable,CompShg,VinylSd,VinylSd,Stone,5.594711379601839,Gd,TA,PConc,Gd,TA,No,Unf,0.0,0.0,7.315218389752975,1502.0,GasA,Ex,Y,SBrkr,0.0,-1.3877787807814457e-17,1502.0,0.0,0.0,2.0,0.0,3.0,0.6931471805599453,Gd,Typ,0.0,Gd,Attchd,RFn,2.0,TA,TA,Y,0.0,4.74493212836325,0.0,0.0,0.0,0.0,0.0,9.0,2009.0,New,Partial,12.359527368950229
3.044522437723423,RL,64.0,10475.0,IR1,Lvl,Corner,CollgCr,Norm,1Fam,1Story,8.0,5.0,2008.0,2008.0,Gable,CompShg,VinylSd,VinylSd,Stone,4.290459441148391,Gd,TA,PConc,Gd,TA,Av,Unf,0.0,0.0,7.430410654501705,1694.0,GasA,Ex,Y,SBrkr,0.0,-1.3877787807814457e-17,1694.0,0.0,0.0,2.0,0.0,3.0,0.6931471805599453,Gd,Typ,0.0,Gd,Attchd,RFn,3.0,TA,TA,Y,5.081404364984463,3.5263605246161616,0.0,0.0,0.0,0.0,0.0,2.0,2010.0,WD,Normal,12.41044511731981
4.110873864173311,RL,58.0,10852.0,IR1,Lvl,Inside,Gilbert,RRAn,1Fam,2Story,6.0,5.0,2000.0,2000.0,Gable,CompShg,VinylSd,VinylSd,BrkFace,0.0,TA,TA,PConc,Gd,TA,No,GLQ,786.0,0.0,5.159055299214529,959.0,GasA,Ex,Y,SBrkr,6.569481420414297,-1.3877787807814457e-17,1671.0,1.0,0.0,2.0,1.0,3.0,0.6931471805599453,TA,Typ,1.0,TA,Attchd,Fin,2.0,TA,TA,Y,0.0,3.6635616461296463,0.0,0.0,0.0,0.0,0.0,2.0,2006.0,WD,Normal,12.06105265381003
4.2626798770413155,RL,111.5,13728.0,Reg,Lvl,Corner,Edwards,Norm,1Fam,2Story,6.0,7.0,1935.0,1986.0,Hip,CompShg,Stucco,Stucco,BrkFace,0.0,TA,TA,CBlock,TA,TA,No,Rec,626.0,0.0,6.218600119691729,1127.0,GasA,Ex,Y,SBrkr,6.771935555839603,-1.3877787807814457e-17,2108.0,0.0,0.0,2.0,0.0,4.0,0.6931471805599453,Gd,Typ,2.0,TA,Basment,Unf,2.0,TA,TA,Y,0.0,0.0,0.0,0.0,4.51085950651685,0.0,0.0,7.0,2008.0,WD,Normal,12.367345048436391
4.110873864173311,RL,111.5,17673.5,IR1,Lvl,CulDSac,NoRidge,Norm,1Fam,2Story,10.0,5.0,1995.0,1996.0,Hip,CompShg,HdBoard,HdBoard,BrkFace,6.030685260261263,Gd,Gd,PConc,Ex,TA,Gd,GLQ,1386.9999999999998,0.0,6.298949246855942,1930.0,GasA,Ex,Y,SBrkr,7.493873886783559,-1.3877787807814457e-17,2747.625,1.0,0.0,3.0,1.0,4.0,0.6931471805599453,Gd,Typ,1.0,TA,Attchd,Fin,3.0,TA,TA,Y,5.8916442118257715,4.343805421853684,0.0,0.0,0.0,0.0,0.0,7.0,2006.0,WD,Normal,13.345508528717259
4.394449154672439,RL,76.0,9880.0,Reg,Lvl,Inside,Mitchel,Norm,1Fam,SLvl,6.0,6.0,1977.0,1977.0,Gable,CompShg,Plywood,Plywood,BrkFace,0.0,TA,TA,CBlock,TA,TA,Av,ALQ,522.0,0.0,6.354370040797351,1096.0,GasA,TA,Y,SBrkr,0.0,-1.3877787807814457e-17,1118.0,1.0,0.0,1.0,0.0,3.0,0.6931471805599453,TA,Typ,1.0,Po,Attchd,Fin,1.0,TA,TA,Y,5.318119993844216,0.0,0.0,0.0,0.0,6.3578422665081,0.0,7.0,2008.0,WD,Normal,12.049424683420915
3.044522437723423,RL,76.0,9120.0,Reg,Lvl,Inside,NAmes,Norm,1Fam,1Story,6.0,6.0,1958.0,1958.0,Hip,CompShg,MetalSd,MetalSd,BrkFace,0.0,TA,TA,CBlock,TA,TA,No,ALQ,662.0,0.0,6.396929655216146,1261.0,GasA,Ex,Y,SBrkr,0.0,-1.3877787807814457e-17,1261.0,1.0,0.0,1.0,0.0,3.0,0.6931471805599453,TA,Typ,1.0,TA,Attchd,RFn,2.0,TA,TA,Y,0.0,0.0,0.0,0.0,5.666426688112432,0.0,7.244941546337007,11.0,2008.0,WD,Normal,12.001511614739405
4.983606621708336,FV,35.0,4017.0,IR1,Lvl,Inside,Somerst,Norm,TwnhsE,2Story,7.0,5.0,2006.0,2007.0,Gable,CompShg,MetalSd,MetalSd,BrkFace,0.0,Gd,TA,PConc,Gd,TA,No,Unf,0.0,0.0,6.439350371100098,625.0,GasA,Ex,Y,SBrkr,6.439350371100099,-1.3877787807814457e-17,1250.0,0.0,0.0,2.0,1.0,2.0,0.6931471805599453,Gd,Typ,0.0,Gd,Detchd,Fin,2.0,TA,TA,Y,0.0,4.007333185232471,0.0,0.0,0.0,0.0,0.0,2.9999999999999996,2008.0,WD,Normal,12.05467400868968
3.9318256327243257,RL,111.5,17673.5,IR1,Bnk,Inside,ClearCr,Norm,1Fam,1.5Fin,5.0,6.0,1946.0,1994.0,Gable,CompShg,MetalSd,MetalSd,BrkFace,0.0,TA,TA,CBlock,TA,TA,No,Rec,152.0,6.152732694704104,6.885509670034818,1598.0,GasA,TA,Y,SBrkr,6.879355804460438,6.173786103901937,2747.625,0.0,0.0,3.0,0.0,3.0,0.6931471805599453,Ex,Maj1,1.0,Gd,Attchd,Unf,-2.220446049250313e-16,TA,TA,Y,4.812184355372417,0.0,0.0,0.0,0.0,0.0,0.0,2.9999999999999996,2007.0,WD,Normal,12.208574513247495
4.2626798770413155,RL,80.0,16560.0,IR1,Lvl,Inside,Crawfor,Norm,1Fam,2Story,6.0,7.5,1932.0,1950.0,Gable,CompShg,Wd Sdng,Wd Sdng,BrkFace,0.0,TA,TA,BrkTil,Gd,TA,No,Rec,503.0,0.0,6.1092475827643655,952.0,GasA,TA,Y,SBrkr,7.069874128458572,-1.3877787807814457e-17,2345.0,0.0,0.0,2.0,1.0,4.0,0.6931471805599453,TA,Typ,1.0,Gd,Detchd,Unf,2.0,TA,TA,Y,0.0,0.0,0.0,0.0,0.0,0.0,0.0,7.0,2006.0,WD,Normal,12.384223015005313
3.9318256327243257,RL,85.0,10678.0,Reg,Lvl,Inside,NoRidge,Norm,1Fam,1.5Fin,8.0,5.0,1992.0,2000.0,Hip,CompShg,HdBoard,HdBoard,BrkFace,5.82304589548302,Gd,TA,PConc,Gd,TA,No,GLQ,700.0,0.0,6.891625897052253,1683.0,GasA,Ex,Y,SBrkr,6.6120410348330925,-1.3877787807814457e-17,2747.625,0.0,0.0,2.0,1.0,4.0,0.6931471805599453,Gd,Typ,1.0,TA,Attchd,Fin,2.0,TA,TA,Y,0.0,3.5263605246161616,0.0,0.0,0.0,0.0,0.0,4.0,2007.0,WD,Normal,12.560247968016562
3.044522437723423,RL,37.0,6951.0,IR1,Lvl,CulDSac,Mitchel,Norm,1Fam,1Story,5.0,5.0,1984.0,1985.0,Gable,CompShg,HdBoard,Plywood,BrkFace,0.0,TA,TA,CBlock,TA,TA,No,ALQ,658.0,0.0,5.389071729816501,876.0,GasA,TA,Y,SBrkr,0.0,-1.3877787807814457e-17,923.0,1.0,0.0,1.0,0.0,3.0,0.6931471805599453,TA,Typ,0.0,Gd,Attchd,Unf,1.0,TA,TA,Y,5.8944028342648505,0.0,0.0,0.0,0.0,0.0,0.0,10.0,2008.0,WD,Normal,11.691080018519527
3.9318256327243257,RM,55.0,3950.0,Reg,Bnk,Inside,OldTown,Artery,1Fam,1.5Fin,6.0,7.5,1926.0,2004.0,Gable,CompShg,MetalSd,MetalSd,BrkFace,0.0,TA,TA,CBlock,TA,TA,No,Rec,468.0,0.0,5.860786223465865,818.0,GasA,TA,Y,SBrkr,6.008813185442595,-1.3877787807814457e-17,1224.0,0.0,0.0,1.0,0.0,3.0,0.6931471805599453,TA,Typ,0.0,Gd,Detchd,Unf,1.0,TA,TA,N,0.0,0.0,4.762173934797756,0.0,0.0,0.0,0.0,12.0,2009.0,WD,Normal,11.652696102959753
3.9318256327243257,RL,54.0,7681.0,IR1,Lvl,FR2,Crawfor,Norm,1Fam,1.5Fin,5.0,6.0,1921.0,1950.0,Gable,CompShg,Wd Sdng,Wd Sdng,BrkFace,0.0,TA,TA,BrkTil,TA,TA,No,Unf,0.0,0.0,6.595780513961311,731.0,GasA,Ex,Y,SBrkr,6.261491684321042,-1.3877787807814457e-17,1343.0,0.0,0.0,1.0,1.0,3.0,0.6931471805599453,TA,Typ,1.0,Gd,Detchd,Unf,1.0,Fa,TA,Y,5.262690188904886,0.0,4.634728988229636,0.0,0.0,0.0,0.0,7.0,2009.0,WD,Normal,11.950541482162043
3.044522437723423,RL,77.0,8335.0,Reg,Lvl,Corner,Edwards,Norm,1Fam,1Story,5.0,5.0,1954.0,1954.0,Gable,CompShg,Wd Sdng,Wd Sdng,BrkFace,0.0,TA,TA,Slab,TA,TA,No,Unf,0.0,0.0,0.0,42.0,GasA,Gd,Y,SBrkr,0.0,-1.3877787807814457e-17,1124.0,0.0,0.0,1.0,0.0,3.0,0.6931471805599453,TA,Min2,1.0,Gd,Attchd,Unf,-2.220446049250313e-16,TA,TA,N,0.0,3.6109179126442243,5.25227342804663,0.0,0.0,0.0,0.0,4.0,2006.0,WD,Normal,11.440365524765756
4.110873864173311,RL,75.4,11170.0,IR2,Lvl,Corner,Timber,Norm,1Fam,2Story,7.0,5.0,1990.0,1991.0,Gable,CompShg,MetalSd,MetalSd,BrkFace,0.0,TA,TA,Wood,Gd,TA,No,LwQ,1216.0,0.0,0.0,1216.0,GasA,Ex,Y,SBrkr,7.104144092987527,-1.3877787807814457e-17,2514.0,0.0,0.0,2.0,1.0,4.0,0.6931471805599453,TA,Typ,0.0,Gd,Attchd,Fin,2.0,TA,TA,Y,0.0,0.0,0.0,0.0,0.0,0.0,0.0,4.0,2006.0,WD,Normal,12.429220196836383
4.795790545596741,RM,64.0,5587.0,IR1,HLS,Inside,Crawfor,Norm,TwnhsE,1Story,8.0,5.0,2008.0,2008.0,Hip,CompShg,CemntBd,CmentBd,Stone,5.231108616854587,Ex,TA,PConc,Ex,TA,Gd,GLQ,1480.0,0.0,4.795790545596741,1600.0,GasA,Ex,Y,SBrkr,0.0,-1.3877787807814457e-17,1652.0,1.0,0.6931471805599452,2.0,0.0,2.0,0.6931471805599453,Gd,Typ,1.0,Gd,Attchd,Fin,2.0,TA,TA,Y,5.093750200806762,3.9889840465642745,0.0,5.0369526024136295,0.0,0.0,0.0,11.0,2008.0,New,Partial,12.880294363972055
4.110873864173311,RL,111.5,15623.0,IR1,Lvl,Corner,NoRidge,Norm,1Fam,2Story,10.0,5.0,1996.0,1996.0,Hip,CompShg,Wd Sdng,ImStucc,BrkFace,0.0,Gd,TA,PConc,Ex,TA,Av,GLQ,1780.625,0.0,5.707110264748875,2052.0,GasA,Ex,Y,SBrkr,7.507141079727608,-1.3877787807814457e-17,2747.625,1.0,0.0,3.0,1.0,4.0,0.6931471805599453,Ex,Typ,2.0,TA,Attchd,Fin,3.0,TA,TA,Y,5.147494476813453,4.3694478524670215,0.0,0.0,0.0,6.320768294250582,0.0,7.0,2007.0,WD,Abnorml,13.521140839642674
3.4339872044851463,RL,60.0,10800.0,Reg,Lvl,Inside,OldTown,Norm,1Fam,1Story,5.0,6.0,1920.0,1950.0,Hip,CompShg,Stucco,Stucco,BrkFace,0.0,TA,TA,BrkTil,TA,TA,No,Rec,821.0,0.0,5.703782474656201,1120.0,GasA,Ex,Y,SBrkr,0.0,-1.3877787807814457e-17,1130.0,1.0,0.0,1.0,0.0,2.0,0.6931471805599453,TA,Typ,1.0,Gd,Detchd,Unf,2.0,TA,TA,Y,5.438079308923196,0.0,0.0,0.0,0.0,0.0,0.0,6.0,2006.0,WD,Normal,11.695255355062795
3.044522437723423,RL,50.0,17673.5,Reg,Lvl,Inside,Timber,Norm,1Fam,1Story,5.0,4.0,1963.0,1963.0,Hip,CompShg,MetalSd,MetalSd,BrkFace,5.424950017481403,TA,TA,CBlock,TA,TA,Gd,Rec,1159.0,0.0,6.025865973825314,1572.0,GasA,Gd,Y,SBrkr,0.0,-1.3877787807814457e-17,1572.0,1.0,0.0,1.0,1.0,3.0,0.6931471805599453,TA,Typ,2.0,TA,2Types,RFn,3.0,TA,TA,Y,0.0,5.14166355650266,0.0,0.0,5.575949103146316,0.0,0.0,5.0,2007.0,WD,Normal,12.137263685701864
3.9318256327243257,RL,60.0,9738.0,Reg,Lvl,Inside,Edwards,Norm,1Fam,1.5Fin,5.0,7.0,1924.0,1950.0,Gable,CompShg,AsbShng,AsbShng,BrkFace,0.0,TA,Gd,BrkTil,TA,TA,No,BLQ,392.0,0.0,5.973809611869261,784.0,GasA,Gd,Y,SBrkr,5.60947179518496,-1.3877787807814457e-17,1221.0,1.0,0.0,1.0,0.0,4.0,0.6931471805599453,TA,Typ,0.0,Gd,Attchd,Unf,1.0,TA,TA,Y,0.0,0.0,5.4680601411351315,0.0,0.0,0.0,0.0,2.9999999999999996,2006.0,WD,Normal,11.560772327227417
4.983606621708336,RL,107.0,10615.0,IR1,Bnk,Corner,OldTown,Artery,2fmCon,2Story,3.0,5.0,1900.0,1970.0,Gable,CompShg,HdBoard,HdBoard,BrkFace,0.0,TA,TA,CBlock,Fa,TA,Mn,BLQ,440.0,0.0,6.289715570908998,978.0,GasA,TA,Y,SBrkr,6.530877627725885,-1.3877787807814457e-17,1699.0,1.0,0.0,2.0,0.0,3.0,1.0986122886681098,TA,Typ,0.0,Gd,CarPort,Unf,2.0,Fa,Fa,Y,0.0,4.31748811353631,0.0,0.0,0.0,0.0,0.0,8.0,2009.0,WD,Abnorml,11.461642696843066
3.044522437723423,RL,89.0,12461.0,Reg,Lvl,Corner,NoRidge,Norm,1Fam,1Story,8.0,5.0,1994.0,1995.0,Gable,CompShg,ImStucc,ImStucc,BrkFace,0.0,Gd,TA,PConc,Gd,TA,No,GLQ,1455.9999999999998,0.0,5.1298987149230735,1624.0,GasA,Ex,Y,SBrkr,0.0,-1.3877787807814457e-17,1624.0,1.0,0.0,2.0,0.0,2.0,0.6931471805599453,Gd,Typ,1.0,Fa,Attchd,RFn,3.0,TA,TA,Y,0.0,4.74493212836325,5.262690188904886,0.0,0.0,0.0,0.0,7.0,2006.0,WD,Normal,12.476103599529843
4.110873864173311,RL,68.0,8935.0,IR1,Lvl,Inside,CollgCr,Norm,1Fam,2Story,7.0,5.0,2002.0,2002.0,Gable,CompShg,VinylSd,VinylSd,BrkFace,4.564348191467836,Gd,TA,PConc,Gd,TA,No,Unf,0.0,0.0,6.723832440821209,831.0,GasA,Ex,Y,SBrkr,6.721425700790643,-1.3877787807814457e-17,1660.0,0.0,0.0,2.0,1.0,3.0,0.6931471805599453,Gd,Typ,0.0,Gd,Attchd,RFn,2.0,TA,TA,Y,4.976733742420574,4.23410650459726,0.0,0.0,0.0,0.0,0.0,7.0,2009.0,WD,Normal,12.180759965737863
4.110873864173311,RL,60.0,7500.0,Reg,Lvl,Inside,Gilbert,Norm,1Fam,2Story,7.0,5.0,1999.0,1999.0,Gable,CompShg,VinylSd,VinylSd,BrkFace,0.0,TA,TA,PConc,TA,TA,No,Unf,0.0,0.0,6.902742737158593,994.0,GasA,Gd,Y,SBrkr,6.655440350367647,-1.3877787807814457e-17,1804.0,0.0,0.0,2.0,1.0,3.0,0.6931471805599453,Gd,Typ,1.0,TA,Attchd,Fin,2.0,TA,TA,Y,4.948759890378168,4.110873864173311,0.0,0.0,0.0,0.0,0.0,6.0,2010.0,WD,Normal,12.149507585033072
4.983606621708336,RL,91.3,17673.5,Reg,Low,Inside,Mitchel,Norm,2fmCon,1Story,4.0,4.0,1961.0,1975.0,Gable,CompShg,MetalSd,MetalSd,Stone,5.0106352940962555,TA,Gd,CBlock,TA,TA,Av,BLQ,1159.0,0.0,4.51085950651685,1249.0,GasA,Ex,Y,SBrkr,0.0,-1.3877787807814457e-17,1622.0,1.0,0.0,1.0,0.0,3.0,0.6931471805599453,TA,Typ,1.0,TA,2Types,Fin,3.5,TA,TA,Y,6.042632833682381,0.0,0.0,0.0,0.0,0.0,0.0,2.9999999999999996,2007.0,WD,Normal,12.031725210748633
4.983606621708336,FV,27.500000000000007,2645.0,Reg,Lvl,Inside,Somerst,Norm,Twnhs,2Story,8.0,5.0,1999.0,2000.0,Gable,CompShg,MetalSd,MetalSd,BrkFace,6.030685260261263,Gd,TA,PConc,Gd,TA,No,Unf,0.0,0.0,6.655440350367647,776.0,GasA,Ex,Y,SBrkr,6.519147287940395,-1.3877787807814457e-17,1441.0,0.0,0.0,2.0,1.0,2.0,0.6931471805599453,Gd,Typ,0.0,Gd,Detchd,Unf,2.0,TA,TA,Y,5.332718793265369,0.0,0.0,0.0,0.0,0.0,0.0,11.0,2007.0,WD,Normal,12.066816325306588
3.9318256327243257,RM,60.0,9600.0,Reg,Lvl,Inside,OldTown,Norm,1Fam,1.5Fin,5.0,7.5,1925.0,1994.0,Gambrel,CompShg,VinylSd,VinylSd,BrkFace,0.0,TA,TA,PConc,TA,TA,Mn,Unf,0.0,0.0,6.555356891810665,702.0,GasA,Gd,Y,SBrkr,6.447305862541213,-1.3877787807814457e-17,1472.0,0.0,0.0,1.0,0.0,3.0,0.6931471805599453,Gd,Typ,0.0,Gd,Detchd,Unf,1.0,TA,Fa,P,0.0,0.0,4.442651256490317,0.0,0.0,0.0,0.0,7.0,2007.0,WD,Normal,11.736077016252437
4.795790545596741,RM,32.8,4500.0,Reg,Lvl,FR2,Mitchel,Norm,TwnhsE,1Story,6.0,5.0,1999.0,1999.0,Hip,CompShg,VinylSd,VinylSd,BrkFace,6.030685260261263,TA,TA,PConc,Ex,TA,No,GLQ,883.0,0.0,5.834810737062605,1224.0,GasA,Ex,Y,SBrkr,0.0,-1.3877787807814457e-17,1224.0,1.0,0.0,2.0,0.0,2.0,0.6931471805599453,TA,Typ,0.0,Gd,Attchd,Fin,2.0,TA,TA,Y,0.0,5.14166355650266,0.0,0.0,0.0,0.0,0.0,6.0,2009.0,WD,Normal,12.013706813470414
4.110873864173311,RL,80.0,9364.0,Reg,Lvl,Corner,Sawyer,Norm,1Fam,2Story,6.0,7.0,1969.0,1969.0,Gable,CompShg,HdBoard,HdBoard,Stone,4.969813299576001,TA,TA,CBlock,TA,TA,No,ALQ,371.0,0.0,5.680172609017068,663.0,GasA,TA,Y,SBrkr,6.536691597591304,-1.3877787807814457e-17,1352.0,0.0,0.0,1.0,1.0,4.0,0.6931471805599453,TA,Typ,0.0,Gd,Attchd,Fin,1.0,TA,TA,Y,5.940171252720432,3.6109179126442243,0.0,0.0,0.0,0.0,0.0,2.9999999999999996,2010.0,WD,Normal,11.970356641102999
4.110873864173311,RL,51.0,8029.0,IR1,Lvl,Inside,Gilbert,Norm,1Fam,2Story,6.0,5.0,2005.0,2005.0,Gable,CompShg,VinylSd,VinylSd,BrkFace,0.0,TA,TA,PConc,Gd,TA,No,Unf,0.0,0.0,6.591673732008658,728.0,GasA,Ex,Y,SBrkr,6.591673732008658,-1.3877787807814457e-17,1456.0,0.0,0.0,2.0,1.0,3.0,0.6931471805599453,Gd,Typ,0.0,Gd,Attchd,Fin,2.0,TA,TA,Y,4.61512051684126,3.2188758248682006,0.0,0.0,0.0,0.0,0.0,7.0,2008.0,WD,Normal,12.07824495582233
4.110873864173311,RL,58.0,14054.0,IR1,Lvl,Inside,Gilbert,Norm,1Fam,2Story,7.0,5.0,2006.0,2006.0,Gable,CompShg,VinylSd,VinylSd,BrkFace,0.0,Gd,TA,PConc,Gd,TA,Av,Unf,0.0,0.0,6.779921907472252,879.0,GasA,Ex,Y,SBrkr,6.892641641172089,-1.3877787807814457e-17,1863.0,0.0,0.0,2.0,1.0,4.0,0.6931471805599453,Gd,Typ,1.0,Gd,BuiltIn,Fin,3.0,TA,TA,Y,4.61512051684126,2.8903717578961645,0.0,0.0,0.0,0.0,0.0,11.0,2006.0,New,Partial,12.29779001527865
4.330733340286331,RM,65.0,8850.0,IR1,Bnk,Corner,OldTown,Norm,1Fam,2.5Unf,7.0,6.0,1916.0,1950.0,Gable,CompShg,MetalSd,MetalSd,BrkFace,0.0,TA,TA,BrkTil,TA,TA,No,Unf,0.0,0.0,6.704414354964107,815.0,GasA,Ex,Y,SBrkr,6.775366090936392,-1.3877787807814457e-17,1690.0,0.0,0.0,1.0,0.0,3.0,0.6931471805599453,TA,Typ,1.0,Gd,Detchd,Unf,1.0,TA,TA,Y,0.0,0.0,5.802118375377063,0.0,0.0,0.0,0.0,7.0,2006.0,ConLw,Normal,11.87757552297847
3.044522437723423,RL,70.0,9100.0,Reg,Lvl,Inside,CollgCr,Norm,1Fam,1Story,7.0,5.0,2001.0,2001.0,Gable,CompShg,VinylSd,VinylSd,BrkFace,0.0,Gd,TA,PConc,Gd,TA,No,Unf,0.0,0.0,7.10085190894405,1212.0,GasA,Ex,Y,SBrkr,0.0,-1.3877787807814457e-17,1212.0,0.0,0.0,2.0,0.0,3.0,0.6931471805599453,Gd,Typ,0.0,Gd,Attchd,RFn,2.0,TA,TA,Y,5.877735781779639,0.0,0.0,0.0,0.0,0.0,0.0,6.0,2009.0,WD,Normal,12.08954444723597
3.044522437723423,RL,75.0,11235.0,Reg,Lvl,Inside,Sawyer,Norm,1Fam,1Story,4.0,5.0,1963.0,1979.0,Gable,CompShg,HdBoard,HdBoard,BrkFace,3.951243718581428,TA,TA,CBlock,TA,TA,No,Rec,547.0,0.0,6.22455842927536,1051.0,GasA,Gd,Y,SBrkr,0.0,-1.3877787807814457e-17,1382.0,0.0,0.0,1.0,1.0,3.0,0.6931471805599453,TA,Typ,1.0,Po,Attchd,Unf,2.0,TA,TA,Y,0.0,4.418840607796598,0.0,0.0,0.0,0.0,0.0,10.0,2006.0,WD,Normal,11.904974309480183
3.044522437723423,RL,71.0,9353.0,Reg,Lvl,Inside,NAmes,Norm,1Fam,1Story,4.0,5.0,1970.0,1970.0,Gable,CompShg,MetalSd,MetalSd,BrkFace,0.0,TA,TA,CBlock,TA,TA,No,Unf,0.0,0.0,6.762729506931879,864.0,GasA,Gd,Y,SBrkr,0.0,-1.3877787807814457e-17,864.0,0.0,0.0,1.0,0.0,3.0,0.6931471805599453,TA,Typ,0.0,Gd,Attchd,Unf,1.0,TA,TA,Y,0.0,0.0,0.0,0.0,0.0,0.0,0.0,7.0,2006.0,Oth,Abnorml,11.6617850286409
4.110873864173311,RL,80.0,10400.0,Reg,Lvl,Corner,CollgCr,Norm,1Fam,2Story,7.0,5.0,1998.0,1998.0,Gable,CompShg,VinylSd,VinylSd,BrkFace,0.0,TA,TA,PConc,Gd,TA,Av,Unf,0.0,0.0,6.7650389767805414,866.0,GasA,Ex,Y,SBrkr,6.81783057145415,-1.3877787807814457e-17,1779.0,0.0,0.0,2.0,1.0,3.0,0.6931471805599453,Gd,Typ,0.0,Gd,Attchd,RFn,2.0,TA,TA,Y,5.293304824724492,3.6109179126442243,0.0,0.0,0.0,0.0,0.0,2.9999999999999996,2009.0,WD,Normal,12.19552218463499
3.9318256327243257,RM,50.0,6000.0,Reg,Lvl,Corner,BrkSide,Norm,1Fam,1.5Fin,5.0,7.5,1925.0,1997.0,Gable,CompShg,Wd Sdng,Wd Sdng,BrkFace,0.0,TA,TA,BrkTil,TA,TA,No,Unf,0.0,0.0,6.785587645007929,884.0,GasA,Ex,Y,SBrkr,6.142037405587356,-1.3877787807814457e-17,1348.0,1.0,0.0,1.0,0.0,3.0,0.6931471805599453,TA,Typ,1.0,Fa,Detchd,Unf,1.0,TA,TA,N,0.0,0.0,5.342334251964811,0.0,0.0,0.0,0.0,5.0,2009.0,WD,Normal,11.669937760751914
3.044522437723423,RL,75.0,9750.0,Reg,Lvl,Inside,CollgCr,Norm,1Fam,1Story,7.0,5.0,2000.0,2001.0,Gable,CompShg,VinylSd,VinylSd,BrkFace,5.147494476813453,Gd,TA,PConc,Gd,TA,No,Unf,0.0,0.0,7.396948602621014,1630.0,GasA,Ex,Y,SBrkr,0.0,-1.3877787807814457e-17,1630.0,0.0,0.0,2.0,0.0,3.0,0.6931471805599453,Gd,Typ,1.0,TA,Attchd,Unf,2.0,TA,TA,Y,4.31748811353631,5.14166355650266,0.0,0.0,0.0,0.0,0.0,10.0,2009.0,WD,Normal,12.269052139516223
3.044522437723423,RL,78.0,10140.0,Reg,Lvl,Inside,NWAmes,Norm,1Fam,1Story,5.0,6.0,1975.0,1975.0,Gable,CompShg,HdBoard,HdBoard,BrkFace,0.0,TA,TA,CBlock,Gd,TA,No,ALQ,788.0,0.0,5.594711379601839,1056.0,GasA,Ex,Y,SBrkr,0.0,-1.3877787807814457e-17,1074.0,1.0,0.0,1.0,1.0,3.0,0.6931471805599453,TA,Typ,0.0,Gd,Attchd,RFn,2.0,TA,TA,Y,0.0,4.48863636973214,0.0,0.0,0.0,0.0,0.0,7.0,2006.0,WD,Normal,11.941462360646149
3.044522437723423,RL,90.0,14684.0,IR1,Lvl,CulDSac,SawyerW,Norm,1Fam,1Story,7.0,7.0,1990.0,1991.0,Hip,CompShg,HdBoard,HdBoard,BrkFace,5.459585514144159,Gd,TA,CBlock,Gd,TA,Mn,ALQ,485.0,5.181783550292085,7.311218384419629,2052.0,GasA,Gd,Y,SBrkr,0.0,-1.3877787807814457e-17,2196.0,0.0,0.0,2.0,0.0,3.0,0.6931471805599453,Gd,Typ,1.0,TA,Attchd,RFn,3.0,TA,TA,Y,4.442651256490317,4.2626798770413155,0.0,0.0,0.0,0.0,0.0,6.0,2009.0,WD,Normal,12.513193308436527
3.044522437723423,RH,68.4,8900.0,Reg,Lvl,Inside,SawyerW,Norm,1Fam,1Story,4.0,4.0,1966.0,1966.0,Gable,CompShg,HdBoard,HdBoard,BrkFace,0.0,TA,TA,CBlock,TA,TA,No,Rec,1056.0,0.0,0.0,1056.0,GasA,TA,Y,SBrkr,0.0,-1.3877787807814457e-17,1056.0,1.0,0.0,1.0,0.0,2.0,0.6931471805599453,TA,Typ,0.0,Gd,Detchd,Unf,1.0,TA,TA,Y,0.0,3.7612001156935624,0.0,0.0,0.0,0.0,0.0,11.0,2006.0,WD,Normal,11.580593459194764
3.044522437723423,RL,70.0,9135.0,Reg,Lvl,Inside,CollgCr,Norm,1Fam,1Story,6.0,5.0,2003.0,2003.0,Gable,CompShg,VinylSd,VinylSd,BrkFace,4.795790545596741,Gd,TA,PConc,Gd,TA,Av,GLQ,340.0,0.0,7.202661196523238,1682.0,GasA,Ex,Y,SBrkr,0.0,-1.3877787807814457e-17,1700.0,1.0,0.0,2.0,0.0,3.0,0.6931471805599453,Gd,Typ,0.0,Gd,Attchd,RFn,2.0,TA,TA,Y,5.262690188904886,3.1780538303479458,0.0,0.0,0.0,0.0,0.0,5.0,2006.0,WD,Normal,12.206077645517674
3.044522437723423,RL,70.0,7763.0,Reg,Lvl,Inside,NAmes,Norm,1Fam,1Story,5.0,7.0,1962.0,1980.0,Gable,CompShg,MetalSd,MetalSd,BrkFace,0.0,TA,Gd,CBlock,TA,TA,No,Rec,504.0,4.6913478822291435,5.768320995793772,931.0,GasA,TA,Y,SBrkr,0.0,-1.3877787807814457e-17,1283.0,1.0,0.0,1.0,0.0,3.0,0.6931471805599453,TA,Typ,0.0,Gd,Detchd,Unf,2.0,TA,TA,Y,0.0,0.0,0.0,0.0,0.0,0.0,0.0,10.0,2008.0,WD,Normal,11.849404844423074
3.044522437723423,RL,85.0,10182.0,IR1,Lvl,CulDSac,Somerst,RRNn,1Fam,1Story,8.0,5.0,2006.0,2006.0,Hip,CompShg,VinylSd,VinylSd,Stone,6.030685260261263,Gd,TA,PConc,Ex,TA,Mn,GLQ,1220.0,0.0,6.089044875446846,1660.0,GasA,Ex,Y,SBrkr,0.0,-1.3877787807814457e-17,1660.0,1.0,0.0,2.0,0.0,3.0,0.6931471805599453,Gd,Typ,1.0,Gd,Attchd,RFn,2.0,TA,TA,Y,5.777652323222657,3.9318256327243257,0.0,0.0,0.0,0.0,0.0,5.0,2006.0,New,Partial,12.577639650232573
4.110873864173311,RL,70.0,11218.0,Reg,Lvl,Inside,SawyerW,Norm,1Fam,2Story,6.0,5.0,1992.0,1992.0,Gable,CompShg,Wd Sdng,Wd Sdng,BrkFace,0.0,Gd,TA,PConc,Gd,TA,No,Unf,0.0,0.0,6.962243464266207,1055.0,GasA,Ex,Y,SBrkr,6.673297967767654,-1.3877787807814457e-17,1845.0,0.0,0.0,2.0,1.0,3.0,0.6931471805599453,Gd,Typ,1.0,TA,Attchd,RFn,2.0,TA,TA,Y,6.042632833682381,4.653960350157523,0.0,0.0,0.0,0.0,5.993961427306569,5.0,2010.0,WD,Normal,12.149507585033072
3.9318256327243257,RL,111.5,12134.0,IR1,Bnk,Inside,Gilbert,Norm,1Fam,1.5Fin,8.0,7.0,1988.0,2005.0,Gable,CompShg,Wd Sdng,Wd Sdng,BrkFace,0.0,Gd,TA,Wood,Gd,TA,Av,GLQ,427.0,0.0,4.890349128221754,559.0,GasA,Gd,Y,SBrkr,6.511745329644728,-1.3877787807814457e-17,1752.0,0.0,0.0,2.0,0.0,4.0,0.6931471805599453,TA,Typ,0.0,Gd,Basment,RFn,2.0,TA,TA,Y,5.786897381366708,2.5649493574615367,0.0,0.0,0.0,0.0,0.0,6.0,2010.0,WD,Normal,12.00762780434872
3.4339872044851463,RL,50.0,9340.0,Reg,Lvl,Inside,Edwards,Norm,1Fam,1Story,4.0,6.0,1941.0,1950.0,Hip,CompShg,MetalSd,MetalSd,BrkFace,0.0,TA,TA,CBlock,TA,TA,No,Rec,344.0,0.0,5.796057750765372,672.0,GasA,TA,Y,SBrkr,0.0,-1.3877787807814457e-17,672.0,1.0,0.0,1.0,0.0,2.0,0.6931471805599453,TA,Typ,0.0,Gd,Attchd,Unf,1.0,TA,TA,N,0.0,4.736198448394496,0.0,0.0,0.0,0.0,0.0,8.0,2009.0,WD,Normal,11.635151947212842
4.394449154672439,RL,64.0,10246.0,IR1,Lvl,CulDSac,Sawyer,Norm,1Fam,SLvl,4.0,7.5,1965.0,2001.0,Gable,CompShg,VinylSd,VinylSd,BrkFace,0.0,TA,Gd,CBlock,TA,Gd,Av,GLQ,648.0,0.0,0.0,648.0,GasA,Ex,Y,SBrkr,0.0,-1.3877787807814457e-17,960.0,1.0,0.6931471805599452,0.0,0.0,0.5,0.6931471805599453,TA,Typ,0.0,Gd,Attchd,Unf,1.0,TA,TA,Y,4.48863636973214,0.0,0.0,0.0,0.0,0.0,0.0,5.0,2006.0,WD,Normal,11.884495917930655
4.454347296253507,RL,69.0,10205.0,IR1,Lvl,Inside,NAmes,Norm,1Fam,SFoyer,5.0,5.0,1962.0,1962.0,Gable,CompShg,MetalSd,MetalSd,BrkFace,0.0,TA,TA,CBlock,TA,TA,Av,BLQ,784.0,0.0,4.955827057601261,925.0,GasA,TA,Y,SBrkr,0.0,-1.3877787807814457e-17,999.0,1.0,0.0,1.0,0.0,3.0,0.6931471805599453,TA,Typ,0.0,Gd,Attchd,Unf,1.0,TA,TA,Y,5.017279836814924,4.290459441148391,0.0,0.0,0.0,0.0,0.0,5.0,2006.0,WD,Normal,11.80932691294063
3.044522437723423,RL,99.0,7094.0,IR1,Lvl,Inside,Sawyer,Norm,1Fam,1Story,5.0,5.0,1966.0,1966.0,Gable,CompShg,VinylSd,VinylSd,BrkFace,0.0,TA,TA,CBlock,TA,TA,No,Rec,180.0,5.92692602597041,5.831882477283517,894.0,GasA,TA,Y,SBrkr,0.0,-1.3877787807814457e-17,894.0,0.0,0.0,1.0,0.0,3.0,0.6931471805599453,TA,Typ,0.0,Gd,Detchd,RFn,1.0,TA,TA,Y,0.0,0.0,0.0,0.0,0.0,0.0,0.0,5.0,2007.0,WD,Normal,11.736077016252437
4.51085950651685,RM,68.0,8930.0,Reg,Lvl,Inside,Sawyer,RRAe,Duplex,1.5Fin,6.0,5.0,1978.0,1978.0,Gable,CompShg,VinylSd,VinylSd,BrkFace,0.0,TA,TA,Slab,TA,TA,No,Unf,0.0,0.0,0.0,42.0,GasA,TA,Y,SBrkr,6.371611847231857,-1.3877787807814457e-17,1902.0,0.0,0.0,2.0,0.0,4.0,1.0986122886681098,TA,Typ,0.0,Gd,Attchd,Unf,2.0,TA,TA,Y,0.0,0.0,0.0,0.0,0.0,0.0,0.0,4.0,2010.0,WD,Normal,11.626263078808801
3.044522437723423,FV,72.0,8640.0,Reg,Lvl,Inside,Somerst,Norm,1Fam,1Story,8.0,5.0,2009.0,2009.0,Gable,CompShg,CemntBd,CmentBd,Stone,4.290459441148391,Gd,TA,PConc,Gd,TA,Mn,GLQ,936.0,0.0,5.8998973535824915,1300.0,GasA,Ex,Y,SBrkr,0.0,-1.3877787807814457e-17,1314.0,1.0,0.0,2.0,0.0,3.0,0.6931471805599453,Gd,Typ,0.0,Gd,Attchd,RFn,2.0,TA,TA,Y,4.912654885736052,4.727387818712341,0.0,0.0,0.0,0.0,0.0,9.0,2009.0,New,Partial,12.343470927093518
3.9318256327243257,RM,52.0,6240.0,Reg,Lvl,Inside,BrkSide,Norm,1Fam,1.5Fin,4.0,5.0,1947.0,1950.0,Gable,CompShg,AsbShng,AsbShng,BrkFace,0.0,TA,TA,Slab,TA,TA,No,Unf,0.0,0.0,0.0,42.0,GasA,Gd,N,SBrkr,5.484796933490655,-1.3877787807814457e-17,912.0,0.0,0.0,1.0,0.0,2.0,0.6931471805599453,TA,Typ,0.0,Gd,Attchd,Unf,-2.220446049250313e-16,TA,TA,N,0.0,0.0,0.0,0.0,0.0,0.0,0.0,7.0,2006.0,WD,Normal,11.296024885689746
4.983606621708336,RM,27.500000000000007,1679.999999999999,Reg,Lvl,Inside,BrDale,Norm,Twnhs,2Story,6.0,5.0,1971.0,1971.0,Gable,CompShg,CemntBd,CmentBd,BrkFace,5.4680601411351315,TA,TA,CBlock,TA,TA,No,Unf,0.0,0.0,6.511745329644728,672.0,GasA,TA,Y,SBrkr,6.304448802421982,-1.3877787807814457e-17,1218.0,0.0,0.0,1.0,1.0,3.0,0.6931471805599453,TA,Typ,0.0,Gd,Attchd,Unf,-2.220446049250313e-16,TA,TA,N,5.308267697401204,0.0,0.0,0.0,0.0,0.0,0.0,4.0,2006.0,WD,Abnorml,11.424105180165641
3.044522437723423,RL,66.0,7800.0,IR1,Lvl,Inside,NAmes,Norm,1Fam,1Story,5.0,5.0,1964.0,1964.0,Gable,CompShg,Wd Sdng,Wd Sdng,BrkFace,0.0,TA,TA,CBlock,TA,TA,No,Rec,312.0,6.398594934535208,0.0,912.0,GasA,TA,Y,SBrkr,0.0,-1.3877787807814457e-17,912.0,0.0,0.0,1.0,0.0,2.0,0.6931471805599453,TA,Typ,0.0,Gd,Attchd,Unf,1.0,TA,TA,Y,0.0,0.0,0.0,0.0,0.0,0.0,0.0,11.0,2006.0,WD,Abnorml,11.652696102959753
3.044522437723423,RL,55.0,8250.0,Reg,Lvl,Inside,Sawyer,Feedr,1Fam,1Story,5.0,5.0,1968.0,1968.0,Hip,CompShg,HdBoard,HdBoard,BrkFace,0.0,TA,TA,CBlock,TA,TA,No,BLQ,250.0,6.20050917404269,5.351858133476067,952.0,GasA,Ex,Y,SBrkr,0.0,-1.3877787807814457e-17,1211.0,0.0,0.0,1.0,0.0,3.0,0.6931471805599453,TA,Typ,1.0,TA,Attchd,Unf,1.0,TA,TA,Y,0.0,4.1588830833596715,0.0,0.0,0.0,0.0,0.0,8.0,2008.0,WD,Normal,11.80560254159177
3.9318256327243257,RL,78.0,10496.0,Reg,Lvl,Inside,NAmes,Artery,1Fam,1.5Fin,6.0,6.0,1949.0,1950.0,Gable,CompShg,Wd Sdng,Wd Sdng,BrkFace,5.771441123130016,TA,TA,CBlock,TA,TA,Mn,Rec,195.99999999999997,0.0,6.739336627357174,1040.0,GasA,Ex,Y,SBrkr,6.520621127558696,-1.3877787807814457e-17,1846.0,0.0,0.0,2.0,0.0,3.0,0.6931471805599453,TA,Typ,1.0,Gd,Attchd,Unf,1.0,TA,TA,Y,0.0,0.0,0.0,0.0,0.0,0.0,0.0,1.0,2007.0,WD,Normal,11.870606902224587
3.044522437723423,RL,89.0,10680.0,Reg,Lvl,Inside,NAmes,Norm,1Fam,1Story,5.0,3.5,1951.0,1951.0,Hip,CompShg,Wd Sdng,Wd Sdng,BrkFace,3.8066624897703196,TA,TA,CBlock,TA,Fa,No,LwQ,756.0,0.0,7.2305631534092925,2052.0,GasA,TA,N,FuseA,0.0,-1.3877787807814457e-17,2136.0,0.0,0.0,2.0,0.0,4.0,0.6931471805599453,TA,Mod,0.0,Gd,Detchd,Unf,2.0,TA,TA,Y,0.0,3.4339872044851463,0.0,0.0,0.0,0.0,0.0,10.0,2006.0,WD,Normal,11.834291315386718
4.110873864173311,RL,60.0,15384.0,IR1,Lvl,Inside,Gilbert,RRAn,1Fam,2Story,7.0,5.0,2004.0,2005.0,Gable,CompShg,VinylSd,VinylSd,BrkFace,0.0,Gd,TA,PConc,Gd,TA,Av,GLQ,724.0,0.0,4.174387269895637,788.0,GasA,Ex,Y,SBrkr,6.555356891810665,-1.3877787807814457e-17,1490.0,1.0,0.0,2.0,1.0,3.0,0.6931471805599453,Gd,Typ,1.0,Gd,Attchd,Fin,2.0,TA,TA,Y,4.61512051684126,4.330733340286331,0.0,0.0,0.0,0.0,0.0,2.0,2008.0,WD,Normal,12.122696471358964
4.394449154672439,RL,65.0,10482.0,Reg,Lvl,Inside,NAmes,Norm,1Fam,SLvl,6.0,7.5,1958.0,1958.0,Hip,CompShg,VinylSd,VinylSd,BrkFace,4.1588830833596715,TA,Gd,CBlock,TA,TA,Av,GLQ,507.0,0.0,4.406719247264253,588.0,GasA,Ex,Y,SBrkr,0.0,-1.3877787807814457e-17,1138.0,0.0,0.6931471805599452,1.0,0.0,3.0,0.6931471805599453,TA,Typ,0.0,Gd,Attchd,RFn,1.0,TA,TA,Y,5.41610040220442,0.0,0.0,0.0,0.0,0.0,0.0,6.0,2007.0,WD,Normal,11.884495917930655
4.110873864173311,RL,86.0,14598.0,IR1,Lvl,CulDSac,Somerst,Feedr,1Fam,2Story,6.0,5.0,2007.0,2007.0,Gable,CompShg,VinylSd,VinylSd,Stone,4.31748811353631,Gd,TA,PConc,Gd,TA,Mn,Unf,0.0,0.0,6.796823718274855,894.0,GasA,Ex,Y,SBrkr,6.9469759921354175,-1.3877787807814457e-17,1933.0,0.0,0.0,2.0,1.0,4.0,0.6931471805599453,Gd,Typ,1.0,Gd,BuiltIn,Fin,3.0,TA,TA,Y,4.61512051684126,2.9444389791664403,0.0,0.0,0.0,0.0,0.0,1.0,2008.0,WD,Normal,12.273735966890268
3.044522437723423,RL,72.0,8872.0,Reg,Lvl,Corner,NAmes,Norm,1Fam,1Story,5.0,7.5,1965.0,2008.0,Gable,CompShg,VinylSd,VinylSd,BrkFace,5.707110264748875,TA,TA,CBlock,TA,TA,No,ALQ,595.0,0.0,5.762051382780177,912.0,GasA,Ex,Y,SBrkr,0.0,-1.3877787807814457e-17,912.0,1.0,0.0,1.0,0.0,2.0,0.6931471805599453,Gd,Typ,0.0,Gd,Detchd,Unf,2.0,TA,TA,Y,0.0,5.14166355650266,0.0,0.0,0.0,0.0,0.0,12.0,2008.0,WD,Normal,11.898194668458823
4.795790545596741,RL,65.0,8769.0,Reg,Lvl,Corner,NridgHt,Norm,TwnhsE,1Story,9.0,5.0,2008.0,2008.0,Hip,CompShg,MetalSd,MetalSd,BrkFace,6.030685260261263,Ex,TA,PConc,Ex,TA,No,GLQ,1540.0,0.0,5.093750200806762,1702.0,GasA,Ex,Y,SBrkr,0.0,-1.3877787807814457e-17,1702.0,1.0,0.0,1.0,1.0,1.0,0.6931471805599453,Ex,Typ,1.0,Gd,Attchd,Fin,3.0,TA,TA,Y,0.0,4.290459441148391,0.0,0.0,5.41610040220442,0.0,0.0,10.0,2008.0,New,Partial,12.813920618864572
4.394449154672439,RL,70.0,7910.0,Reg,Lvl,Inside,NAmes,Norm,1Fam,SLvl,5.0,5.0,1960.0,1960.0,Hip,CompShg,BrkFace,HdBoard,BrkFace,0.0,TA,TA,CBlock,TA,TA,No,ALQ,666.0,0.0,6.016157159698354,1075.0,GasA,Gd,Y,SBrkr,0.0,-1.3877787807814457e-17,1507.0,0.0,0.0,2.0,0.0,4.0,0.6931471805599453,TA,Maj1,0.0,Gd,Basment,Unf,1.0,TA,TA,Y,0.0,0.0,0.0,0.0,0.0,0.0,0.0,8.0,2008.0,WD,Normal,11.751950239425476
4.51085950651685,RL,75.8,17673.5,IR1,Lvl,Inside,Sawyer,Feedr,Duplex,1.5Fin,5.0,5.0,1977.0,1977.0,Shed,CompShg,Plywood,Plywood,BrkFace,0.6931471805599454,TA,TA,CBlock,Gd,TA,No,GLQ,498.0,5.356586274672011,6.481577129276431,1361.0,GasA,Ex,Y,SBrkr,7.138866999945524,-1.3877787807814457e-17,2620.0,0.0,0.0,2.0,2.0,4.0,1.0986122886681098,TA,Typ,1.0,TA,BuiltIn,RFn,2.0,TA,TA,N,5.049856007249537,3.2188758248682006,4.983606621708336,0.0,0.0,0.0,9.024131268455035,8.0,2007.0,WD,Normal,12.154784614286667
4.51085950651685,RL,70.0,7728.0,Reg,Lvl,Inside,NAmes,Norm,Duplex,SLvl,5.0,6.0,1962.0,1962.0,Hip,CompShg,Wd Sdng,Wd Sdng,BrkFace,4.795790545596741,TA,TA,CBlock,TA,TA,Av,ALQ,803.0,0.0,5.717027701406222,1106.0,GasA,TA,Y,SBrkr,0.0,-1.3877787807814457e-17,1190.0,1.0,0.0,1.0,0.0,3.0,0.6931471805599453,TA,Typ,0.0,Gd,Attchd,Unf,2.0,TA,TA,Y,0.0,2.9444389791664403,0.0,0.0,0.0,0.0,0.0,5.0,2006.0,WD,Normal,11.794345471549745
4.51085950651685,RL,70.0,9842.0,Reg,Lvl,FR2,NAmes,Norm,Duplex,1Story,4.0,5.0,1962.0,1962.0,Gable,CompShg,HdBoard,HdBoard,BrkFace,0.0,TA,TA,Slab,TA,TA,No,Unf,0.0,0.0,0.0,42.0,GasA,TA,Y,SBrkr,0.0,-1.3877787807814457e-17,1224.0,0.0,0.0,2.0,0.0,2.0,1.0986122886681098,TA,Typ,0.0,Gd,CarPort,Unf,2.0,TA,TA,Y,0.0,0.0,0.0,0.0,0.0,0.0,0.0,2.9999999999999996,2007.0,WD,Normal,11.530775206233024
3.044522437723423,RL,73.6,12160.0,IR1,Lvl,Inside,NAmes,Norm,1Fam,1Story,5.0,5.0,1959.0,1959.0,Hip,CompShg,Plywood,Plywood,BrkFace,5.198497031265826,TA,TA,CBlock,TA,TA,No,Rec,1000.0,0.0,5.241747015059643,1188.0,GasA,Fa,Y,SBrkr,0.0,-1.3877787807814457e-17,1188.0,1.0,0.0,1.0,0.0,3.0,0.6931471805599453,TA,Typ,0.0,Gd,Attchd,RFn,2.0,TA,TA,Y,0.0,0.0,0.0,0.0,0.0,0.0,0.0,5.0,2010.0,COD,Abnorml,11.863589378812122
4.2626798770413155,RH,55.0,8525.0,Reg,Bnk,Inside,SWISU,Norm,1Fam,2Story,5.0,6.0,1911.0,1950.0,Gable,CompShg,MetalSd,MetalSd,BrkFace,0.0,TA,TA,PConc,TA,TA,Av,Unf,0.0,0.0,6.846943139585379,940.0,GasA,TA,N,FuseA,6.846943139585379,-1.3877787807814457e-17,1964.0,0.0,0.0,1.0,1.0,4.0,0.6931471805599453,TA,Typ,0.0,Gd,Attchd,Unf,-2.220446049250313e-16,TA,TA,N,0.0,5.14166355650266,0.0,0.0,0.0,0.0,0.0,11.0,2008.0,WD,Abnorml,11.775297421715827
4.2626798770413155,RL,96.0,13132.0,Reg,Lvl,Inside,Crawfor,Norm,1Fam,2Story,5.0,5.0,1914.0,1950.0,Gable,CompShg,Wd Sdng,Wd Sdng,BrkFace,0.0,TA,TA,BrkTil,Gd,TA,Mn,Unf,0.0,0.0,6.617402977974478,747.0,GasA,Gd,Y,FuseF,6.794586580876499,-1.3877787807814457e-17,1784.0,0.0,0.0,1.0,1.0,4.0,0.6931471805599453,TA,Typ,0.0,Gd,Detchd,Unf,1.0,Fa,Fa,N,5.318119993844216,3.713572066704308,0.0,0.0,0.0,0.0,0.0,7.0,2006.0,WD,Normal,11.841423131921784
4.983606621708336,RL,36.0,2628.0,Reg,Lvl,Inside,NridgHt,Norm,Twnhs,2Story,7.0,5.0,2003.0,2003.0,Gable,CompShg,VinylSd,Wd Shng,Stone,4.672828834461906,Gd,TA,PConc,Gd,TA,No,Unf,0.0,0.0,6.639875833826536,764.0,GasA,Ex,Y,SBrkr,6.760414691083428,-1.3877787807814457e-17,1626.0,0.0,0.0,2.0,1.0,2.0,0.6931471805599453,Gd,Typ,0.0,Gd,BuiltIn,RFn,2.0,TA,TA,Y,0.0,3.332204510175204,0.0,0.0,0.0,0.0,0.0,6.0,2010.0,WD,Normal,12.075400019877522
4.110873864173311,RL,41.0,12393.0,IR2,Lvl,FR2,CollgCr,Norm,1Fam,2Story,7.0,5.0,2004.0,2005.0,Gable,CompShg,VinylSd,VinylSd,BrkFace,0.0,Gd,TA,PConc,Gd,TA,No,Unf,0.0,0.0,6.742880635791903,847.0,GasA,Ex,Y,SBrkr,7.0048819897128585,-1.3877787807814457e-17,1948.0,0.0,0.0,2.0,1.0,4.0,0.6931471805599453,Gd,Typ,1.0,Gd,BuiltIn,Fin,2.0,TA,TA,Y,4.61512051684126,3.8918202981106265,0.0,0.0,0.0,0.0,0.0,9.0,2006.0,WD,Normal,12.180759965737863
3.044522437723423,RL,63.0,13072.0,Reg,Lvl,Inside,SawyerW,RRAe,1Fam,1Story,6.0,5.0,2005.0,2005.0,Gable,CompShg,VinylSd,VinylSd,BrkFace,0.0,Gd,TA,PConc,Gd,TA,No,Unf,0.0,0.0,7.040536390215956,1141.0,GasA,Ex,Y,SBrkr,0.0,-1.3877787807814457e-17,1141.0,0.0,0.0,1.0,1.0,3.0,0.6931471805599453,TA,Typ,0.0,Gd,Detchd,Unf,2.0,TA,TA,Y,0.0,0.0,0.0,0.0,0.0,0.0,0.0,2.9999999999999996,2006.0,WD,Abnorml,11.86710429621008
3.044522437723423,RL,64.0,9037.0,IR1,HLS,Inside,Timber,Norm,1Fam,1Story,8.0,5.0,2006.0,2006.0,Hip,CompShg,VinylSd,VinylSd,BrkFace,3.4965075614664807,Gd,TA,PConc,Gd,TA,Av,GLQ,428.0,0.0,6.955592608396297,1476.0,GasA,Ex,Y,SBrkr,0.0,-1.3877787807814457e-17,1484.0,0.0,0.0,2.0,0.0,2.0,0.6931471805599453,Ex,Typ,1.0,Gd,Attchd,RFn,2.0,TA,TA,Y,4.795790545596741,3.5263605246161616,0.0,0.0,0.0,0.0,0.0,12.0,2007.0,WD,Normal,12.490879338036375
4.110873864173311,RL,65.0,8158.0,Reg,Lvl,Inside,CollgCr,Norm,1Fam,2Story,7.0,5.0,2003.0,2003.0,Gable,CompShg,VinylSd,VinylSd,BrkFace,5.53338948872752,Gd,TA,PConc,Gd,TA,No,GLQ,550.0,0.0,5.814130531825066,884.0,GasA,Ex,Y,SBrkr,6.785587645007929,-1.3877787807814457e-17,1768.0,1.0,0.0,2.0,1.0,3.0,0.6931471805599453,Gd,Typ,0.0,Gd,Attchd,RFn,2.0,TA,TA,Y,0.0,4.1588830833596715,0.0,0.0,0.0,0.0,0.0,7.0,2008.0,WD,Normal,12.323415584358154
3.044522437723423,RL,83.0,9849.0,Reg,Lvl,Inside,Somerst,Norm,1Fam,1Story,7.0,6.0,2007.0,2007.0,Hip,CompShg,VinylSd,VinylSd,Stone,0.0,Gd,TA,PConc,Gd,TA,Av,Unf,0.0,0.0,7.430410654501705,1689.0,GasA,Ex,Y,SBrkr,0.0,-1.3877787807814457e-17,1689.0,0.0,0.0,2.0,0.0,3.0,0.6931471805599453,Gd,Typ,0.0,Gd,Attchd,RFn,3.0,TA,TA,Y,0.0,4.04305126783455,0.0,0.0,0.0,0.0,0.0,6.0,2007.0,New,Partial,12.42250975887691
4.454347296253507,RL,85.0,10625.0,Reg,Lvl,Inside,NWAmes,Norm,1Fam,SFoyer,7.0,6.0,1974.0,1974.0,Gable,CompShg,Plywood,Plywood,BrkFace,4.406719247264253,TA,TA,CBlock,Gd,TA,Gd,GLQ,885.0,5.129898714923073,0.0,1053.0,GasA,TA,Y,SBrkr,0.0,-1.3877787807814457e-17,1173.0,1.0,0.0,2.0,0.0,3.0,0.6931471805599453,Gd,Typ,2.0,TA,Attchd,RFn,2.0,TA,TA,Y,0.0,4.795790545596741,0.0,0.0,0.0,0.0,0.0,1.0,2010.0,WD,Family,12.04355959836804
3.044522437723423,RL,107.0,13891.0,Reg,Lvl,Inside,NridgHt,Norm,1Fam,1Story,10.0,5.0,2006.0,2006.0,Gable,CompShg,VinylSd,VinylSd,BrkFace,5.5419920036946575,Ex,TA,PConc,Ex,Gd,Gd,GLQ,1386.0,0.0,6.53813982376767,2052.0,GasA,Ex,Y,SBrkr,0.0,-1.3877787807814457e-17,2076.0,1.0,0.0,2.0,1.0,2.0,0.6931471805599453,Ex,Typ,1.0,Gd,Attchd,Fin,3.0,TA,TA,Y,5.37989735354046,5.14166355650266,0.0,0.0,0.0,0.0,0.0,9.0,2006.0,New,Partial,13.049794835104816
4.2626798770413155,RL,63.4,11435.0,IR1,HLS,Corner,Crawfor,Norm,1Fam,2Story,8.0,7.0,1929.0,1950.0,Gable,CompShg,BrkFace,Stucco,BrkFace,0.0,TA,TA,PConc,Gd,TA,No,Unf,0.0,0.0,6.675823221634848,792.0,GasA,Fa,Y,SBrkr,6.587550014824796,-1.3877787807814457e-17,1517.0,0.0,0.0,1.0,0.0,3.0,0.6931471805599453,Gd,Typ,2.0,Gd,Detchd,Unf,2.0,TA,TA,Y,0.0,0.0,0.0,0.0,0.0,0.0,0.0,6.0,2006.0,WD,Normal,12.345838935721968
4.394449154672439,RL,78.0,12090.0,Reg,Lvl,Inside,NWAmes,Norm,1Fam,SLvl,6.0,7.0,1984.0,2003.0,Hip,CompShg,VinylSd,VinylSd,BrkFace,4.31748811353631,TA,TA,CBlock,Gd,TA,No,Unf,0.0,0.0,6.373319789577012,585.0,GasA,Ex,Y,SBrkr,6.591673732008658,-1.3877787807814457e-17,1868.0,0.0,0.0,3.0,1.0,3.0,0.6931471805599453,TA,Typ,1.0,TA,BuiltIn,Fin,2.0,TA,TA,Y,5.594711379601839,4.727387818712341,0.0,0.0,4.997212273764115,0.0,0.0,1.0,2007.0,WD,Abnorml,12.08954444723597
4.110873864173311,FV,65.0,8125.0,Reg,Lvl,Inside,Somerst,Norm,1Fam,2Story,7.0,5.0,2005.0,2006.0,Gable,CompShg,VinylSd,VinylSd,BrkFace,0.0,Gd,TA,PConc,Gd,TA,No,Unf,0.0,0.0,6.6293632534374485,756.0,GasA,Ex,Y,SBrkr,6.68210859744981,-1.3877787807814457e-17,1553.0,0.0,0.0,2.0,1.0,3.0,0.6931471805599453,Gd,Typ,0.0,Gd,Attchd,RFn,2.0,TA,TA,Y,0.0,3.828641396489095,0.0,0.0,0.0,0.0,0.0,2.9999999999999996,2006.0,New,Partial,12.136191879981927
4.394449154672439,RL,76.4,12328.0,IR1,Lvl,Inside,Mitchel,Norm,1Fam,SLvl,6.0,5.0,1976.0,1976.0,Gable,CompShg,HdBoard,HdBoard,BrkFace,5.817111159963204,TA,TA,CBlock,TA,TA,Av,GLQ,539.0,0.0,6.161207321695077,1012.0,GasA,TA,Y,SBrkr,0.0,-1.3877787807814457e-17,1034.0,1.0,0.0,1.0,0.0,3.0,0.6931471805599453,TA,Typ,0.0,Gd,Attchd,Unf,3.0,TA,TA,Y,0.0,0.0,0.0,0.0,0.0,0.0,0.0,5.0,2010.0,WD,Normal,12.042971193457888
4.330733340286331,RM,60.0,9600.0,Reg,Lvl,Inside,OldTown,Norm,1Fam,2.5Unf,6.0,5.0,1917.0,1950.0,Gable,CompShg,AsbShng,AsbShng,BrkFace,0.0,TA,TA,BrkTil,Gd,TA,No,Rec,319.0,0.0,6.0330862217988015,735.0,OthW,Fa,N,SBrkr,6.829793737512425,-1.3877787807814457e-17,2058.0,0.0,0.0,1.0,1.0,3.0,0.6931471805599453,TA,Typ,1.0,Gd,Detchd,Unf,2.0,Fa,Fa,P,0.0,0.0,5.560681631015528,0.0,0.0,0.0,0.0,4.0,2008.0,WD,Normal,11.771443882099637
3.044522437723423,RL,60.0,7200.0,Reg,Lvl,Inside,NAmes,Norm,1Fam,1Story,5.0,7.0,1950.0,1950.0,Gable,CompShg,MetalSd,MetalSd,BrkFace,0.0,TA,TA,CBlock,TA,TA,No,BLQ,534.0,4.574710978503383,5.5093883366279774,876.0,GasA,TA,Y,SBrkr,0.0,-1.3877787807814457e-17,988.0,0.0,0.0,1.0,0.0,3.0,0.6931471805599453,TA,Typ,0.0,Gd,Attchd,Unf,1.0,TA,TA,Y,0.0,4.394449154672439,0.0,0.0,0.0,0.0,0.0,5.0,2007.0,WD,Normal,11.686887175419702
3.044522437723423,RL,93.0,11160.0,Reg,Lvl,Corner,NAmes,Norm,1Fam,1Story,7.0,5.0,1968.0,1968.0,Hip,CompShg,BrkFace,BrkFace,BrkFace,0.0,Gd,TA,CBlock,TA,TA,No,ALQ,1065.0,0.0,6.952728644624869,2052.0,GasA,Ex,Y,SBrkr,0.0,-1.3877787807814457e-17,2110.0,1.0,0.0,2.0,1.0,3.0,0.6931471805599453,Ex,Typ,2.0,TA,Attchd,Fin,2.0,TA,TA,Y,0.0,0.0,0.0,0.0,0.0,0.0,0.0,4.0,2010.0,WD,Normal,12.404927602627597
4.795790545596741,RL,48.0,3136.0,IR1,Lvl,Corner,NridgHt,Norm,TwnhsE,1Story,7.0,5.0,2003.0,2003.0,Gable,CompShg,VinylSd,Wd Shng,Stone,5.099866427824199,Gd,TA,PConc,Gd,TA,No,Unf,0.0,0.0,7.2485040723706105,1405.0,GasA,Ex,Y,SBrkr,0.0,-1.3877787807814457e-17,1405.0,0.0,0.0,2.0,0.0,2.0,0.6931471805599453,Gd,Typ,1.0,Gd,Attchd,RFn,2.0,TA,TA,Y,5.003946305945459,3.6109179126442243,0.0,0.0,0.0,0.0,0.0,2.9999999999999996,2006.0,WD,Normal,12.053801032483948
3.044522437723423,RL,62.0,9858.0,Reg,Lvl,Inside,Mitchel,Norm,1Fam,1Story,5.0,6.0,1968.0,1968.0,Gable,CompShg,HdBoard,HdBoard,BrkFace,0.0,TA,TA,CBlock,TA,TA,No,BLQ,510.0,0.0,5.872117789475416,864.0,GasA,TA,Y,SBrkr,0.0,-1.3877787807814457e-17,874.0,1.0,0.0,1.0,0.0,3.0,0.6931471805599453,TA,Typ,0.0,Gd,Attchd,RFn,1.0,TA,TA,Y,3.5263605246161616,0.0,0.0,0.0,0.0,0.0,6.398594934535208,11.0,2009.0,WD,Normal,11.775297421715827
4.110873864173311,RL,76.8,17542.0,IR1,Lvl,Inside,Veenker,Norm,1Fam,2Story,7.0,7.0,1974.0,2003.0,Gable,CompShg,Wd Sdng,Wd Sdng,BrkFace,0.0,Gd,TA,CBlock,TA,TA,Gd,LwQ,125.0,6.939253946041507,3.6109179126442243,1192.0,GasA,TA,Y,SBrkr,6.480044561926653,-1.3877787807814457e-17,2167.0,1.0,0.0,2.0,1.0,3.0,0.6931471805599453,Gd,Typ,2.0,Gd,Attchd,RFn,2.0,TA,TA,Y,5.3981627015177525,3.8712010109078916,0.0,0.0,0.0,0.0,0.0,7.0,2007.0,WD,Normal,12.591338447675579
4.110873864173311,RL,60.0,6931.0,Reg,Lvl,Inside,Edwards,Norm,1Fam,2Story,7.0,5.0,2003.0,2004.0,Gable,CompShg,VinylSd,VinylSd,Stone,4.532599493153256,Gd,TA,PConc,Gd,TA,No,Unf,0.0,0.0,6.616065185132817,746.0,GasA,Ex,Y,SBrkr,6.799055862058797,-1.3877787807814457e-17,1656.0,0.0,0.0,2.0,1.0,3.0,0.6931471805599453,Gd,Typ,1.0,Gd,BuiltIn,Fin,2.0,TA,TA,Y,5.187385805840755,4.859812404361672,0.0,0.0,0.0,0.0,0.0,7.0,2008.0,WD,Normal,12.016128107502665
3.9318256327243257,RM,52.0,6240.0,Reg,Lvl,Inside,BrkSide,Norm,1Fam,1.5Fin,6.0,6.0,1931.0,1950.0,Gable,CompShg,Wd Sdng,Wd Sdng,BrkFace,0.0,TA,TA,BrkTil,TA,Fa,No,LwQ,425.0,0.0,6.131226489483141,884.0,GasA,TA,Y,FuseA,6.013715156042802,-1.3877787807814457e-17,1367.0,0.0,0.0,1.0,0.0,3.0,0.6931471805599453,TA,Typ,1.0,Gd,Detchd,Unf,1.0,TA,TA,Y,0.0,0.0,0.0,0.0,4.795790545596741,0.0,0.0,11.0,2007.0,WD,Normal,11.755879486687116
3.044522437723423,RL,91.0,14303.0,IR1,Lvl,Corner,NoRidge,Norm,1Fam,1Story,8.0,5.0,1994.0,1994.0,Hip,CompShg,HdBoard,HdBoard,BrkFace,6.030685260261263,Gd,TA,PConc,Gd,TA,Gd,GLQ,1314.0,0.0,6.511745329644728,1986.0,GasA,Ex,Y,SBrkr,0.0,-1.3877787807814457e-17,1987.0,1.0,0.0,2.0,0.0,2.0,0.6931471805599453,Gd,Typ,1.0,TA,Attchd,Fin,2.0,TA,TA,Y,5.572154032177765,3.6109179126442243,0.0,0.0,0.0,0.0,0.0,8.0,2008.0,WD,Normal,12.616528611893463
3.4339872044851463,RL,56.0,4060.0,Reg,Lvl,Corner,Edwards,Feedr,1Fam,1Story,5.0,7.5,1922.0,1950.0,Gable,CompShg,Wd Sdng,Wd Sdng,BrkFace,0.0,TA,TA,PConc,Fa,TA,No,Unf,0.0,0.0,6.762729506931879,864.0,GasA,Ex,Y,SBrkr,0.0,-1.3877787807814457e-17,864.0,0.0,0.0,1.0,0.0,2.0,0.6931471805599453,TA,Typ,0.0,Gd,Attchd,Unf,-2.220446049250313e-16,TA,TA,Y,0.0,4.574710978503383,0.0,0.0,0.0,0.0,0.0,7.0,2009.0,WD,Normal,11.511934974596555
4.394449154672439,RL,59.0,9587.0,IR1,Lvl,Inside,Gilbert,Norm,1Fam,SLvl,7.0,5.0,2005.0,2005.0,Gable,CompShg,VinylSd,VinylSd,Stone,5.209486152841421,Gd,TA,PConc,Gd,TA,Gd,GLQ,655.0,0.0,5.308267697401205,856.0,GasA,Ex,Y,SBrkr,0.0,-1.3877787807814457e-17,1166.0,1.0,0.0,2.0,0.0,2.0,0.6931471805599453,Gd,Typ,0.0,Gd,Attchd,Fin,2.0,TA,TA,Y,5.3612921657094255,0.0,0.0,0.0,0.0,0.0,0.0,7.0,2008.0,WD,Normal,12.154784614286667
3.044522437723423,RL,65.0,9750.0,Reg,Lvl,FR2,NAmes,Norm,1Fam,1Story,6.0,7.5,1969.0,1969.0,Gable,CompShg,HdBoard,HdBoard,BrkFace,0.0,TA,TA,CBlock,Gd,TA,No,ALQ,602.0,6.0844994130751715,2.70805020110221,1054.0,GasA,Gd,Y,SBrkr,0.0,-1.3877787807814457e-17,1054.0,1.0,0.0,1.0,1.0,3.0,0.6931471805599453,TA,Typ,0.0,Gd,Attchd,Unf,2.0,TA,TA,Y,5.198497031265826,0.0,0.0,0.0,4.39444915467244,0.0,0.0,7.0,2008.0,WD,Normal,11.92504173829169
4.110873864173311,RL,97.6,17673.5,IR3,Lvl,CulDSac,Gilbert,RRAn,1Fam,2Story,6.0,5.0,1999.0,1999.0,Gable,CompShg,VinylSd,VinylSd,BrkFace,0.0,TA,TA,PConc,Gd,TA,No,Unf,0.0,0.0,6.7357800142423265,841.0,GasA,Ex,Y,SBrkr,6.664409020350407,-1.3877787807814457e-17,1675.0,0.0,0.0,2.0,1.0,3.0,0.6931471805599453,TA,Typ,1.0,TA,BuiltIn,Fin,2.0,TA,TA,Y,0.0,4.6443908991413725,0.0,0.0,0.0,0.0,0.0,6.0,2009.0,WD,Normal,12.10625783509458
3.044522437723423,RL,80.0,9600.0,Reg,Lvl,Inside,NAmes,Norm,1Fam,1Story,5.0,6.0,1956.0,1956.0,Hip,CompShg,MetalSd,MetalSd,BrkFace,0.0,TA,TA,CBlock,TA,TA,No,Rec,504.0,0.0,6.304448802421981,1050.0,GasA,Gd,Y,SBrkr,0.0,-1.3877787807814457e-17,1050.0,0.0,0.0,1.0,0.0,2.0,0.6931471805599453,TA,Typ,0.0,Gd,Attchd,Unf,1.0,TA,TA,Y,0.0,0.0,0.0,0.0,0.0,0.0,0.0,6.0,2009.0,WD,Normal,11.766799946849087
3.9318256327243257,RL,62.0,11250.0,Reg,Lvl,Inside,ClearCr,Norm,1Fam,1.5Fin,4.0,5.0,1957.0,1989.0,Gable,CompShg,Wd Sdng,Wd Sdng,BrkFace,0.0,TA,TA,CBlock,TA,TA,Av,Unf,0.0,0.0,7.007600613951853,1104.0,GasA,Ex,Y,FuseA,6.529418838262226,-1.3877787807814457e-17,1788.0,1.0,0.0,1.0,0.0,4.5,0.6931471805599453,TA,Min2,2.0,TA,Attchd,Unf,1.0,TA,TA,Y,4.795790545596741,0.0,0.0,0.0,0.0,0.0,0.0,11.0,2009.0,WD,Normal,11.992266613576142
4.2626798770413155,RL,60.0,13515.0,Reg,Lvl,Inside,BrkSide,Norm,1Fam,2Story,6.0,6.0,1919.0,1950.0,Gambrel,CompShg,Wd Sdng,Wd Sdng,BrkFace,0.0,TA,TA,PConc,TA,TA,No,Unf,0.0,0.0,6.639875833826536,764.0,GasA,Ex,Y,FuseA,6.639875833826535,-1.3877787807814457e-17,1824.0,0.0,0.0,1.0,0.0,3.0,0.6931471805599453,TA,Typ,1.0,Gd,Detchd,Unf,2.0,TA,TA,N,0.0,0.0,4.844187086458591,0.0,0.0,0.0,0.0,7.0,2007.0,WD,Normal,12.103491596905931
4.795790545596741,RH,34.0,4060.0,Reg,Lvl,Inside,NAmes,Norm,TwnhsE,1Story,6.0,5.0,1998.0,1999.0,Gable,CompShg,MetalSd,MetalSd,BrkFace,0.0,Gd,TA,PConc,Gd,TA,No,GLQ,266.0,0.0,7.038783541388542,1405.0,GasA,Ex,Y,SBrkr,0.0,-1.3877787807814457e-17,1337.0,1.0,0.0,2.0,0.0,2.0,0.6931471805599453,Gd,Typ,0.0,Gd,Attchd,Fin,2.0,TA,TA,Y,4.976733742420574,4.23410650459726,0.0,0.0,0.0,0.0,0.0,8.0,2008.0,COD,Abnorml,12.10625783509458
4.983606621708336,FV,35.0,3735.0,Reg,Lvl,FR3,Somerst,Norm,TwnhsE,2Story,7.0,5.0,1999.0,1999.0,Hip,CompShg,MetalSd,MetalSd,BrkFace,5.389071729816501,Gd,TA,PConc,Gd,TA,No,GLQ,450.0,0.0,5.488937726156687,691.0,GasA,Ex,Y,SBrkr,6.606650186198215,-1.3877787807814457e-17,1452.0,1.0,0.0,2.0,1.0,3.0,0.6931471805599453,Gd,Typ,0.0,Gd,Detchd,Unf,2.0,TA,TA,Y,0.0,3.5553480614894135,0.0,0.0,0.0,0.0,0.0,2.9999999999999996,2006.0,WD,Normal,12.12215284831553
4.983606621708336,RM,60.0,10120.0,IR1,Bnk,Inside,OldTown,Feedr,2fmCon,2.5Unf,7.0,4.0,1910.0,1950.0,Hip,CompShg,Wd Sdng,Wd Sdng,BrkFace,0.0,Fa,TA,CBlock,TA,TA,No,Unf,0.0,0.0,6.8308742346461795,925.0,GasA,TA,N,FuseF,6.8308742346461795,-1.3877787807814457e-17,1889.0,0.0,0.0,1.0,1.0,4.0,1.0986122886681098,TA,Typ,1.0,Gd,Detchd,Unf,1.0,TA,TA,N,0.0,0.0,5.579729825986222,0.0,0.0,0.0,0.0,1.0,2007.0,WD,Normal,11.711784520403112
3.044522437723423,RL,89.0,13214.0,IR1,HLS,Inside,Timber,Norm,1Fam,1Story,9.0,5.0,2008.0,2009.0,Hip,CompShg,Stucco,CmentBd,BrkFace,0.0,Ex,TA,PConc,Ex,TA,Gd,Unf,0.0,0.0,7.430410654501705,2002.0,GasA,Ex,Y,SBrkr,0.0,-1.3877787807814457e-17,2018.0,0.0,0.0,2.0,0.0,3.0,0.6931471805599453,Ex,Typ,1.0,Gd,Attchd,Fin,3.0,TA,TA,Y,4.976733742420574,4.343805421853684,0.0,0.0,0.0,0.0,0.0,5.0,2010.0,WD,Normal,12.843973993864076
3.9318256327243257,RL,90.8,14100.0,IR1,Lvl,Inside,Crawfor,Norm,1Fam,1.5Fin,8.0,7.5,1935.0,1997.0,Gable,CompShg,Stucco,Stucco,BrkFace,6.030685260261263,TA,Gd,CBlock,TA,TA,Mn,Rec,192.0,0.0,6.285998094508865,728.0,GasA,Ex,Y,SBrkr,7.29979736675816,-1.3877787807814457e-17,2747.625,0.0,0.0,3.0,1.0,4.0,0.6931471805599453,Gd,Typ,2.0,Gd,BuiltIn,Unf,3.0,TA,TA,Y,5.752572638825633,2.5649493574615367,0.0,0.0,0.0,0.0,0.0,5.0,2008.0,WD,Normal,12.850557278777309
3.9318256327243257,RL,78.0,11344.0,Reg,Lvl,Inside,NAmes,Feedr,1Fam,1.5Fin,5.0,5.0,1958.0,1958.0,Gable,CompShg,MetalSd,MetalSd,BrkFace,5.198497031265826,TA,TA,CBlock,TA,TA,No,BLQ,460.0,0.0,6.028278520230698,874.0,GasW,TA,Y,FuseA,6.478509642208568,-1.3877787807814457e-17,1524.0,0.0,0.0,1.0,1.0,3.0,0.6931471805599453,TA,Typ,0.0,Gd,Attchd,Unf,1.0,TA,TA,Y,0.0,0.0,0.0,0.0,0.0,0.0,0.0,7.0,2007.0,WD,Normal,11.87757552297847
3.713572066704308,RL,66.0,17673.5,Reg,Low,Inside,ClearCr,Norm,1Fam,1Story,7.0,6.0,1979.0,1979.0,Shed,WdShake,Plywood,Plywood,BrkFace,0.0,Gd,TA,PConc,Gd,TA,Gd,GLQ,1258.0,0.0,4.31748811353631,1332.0,GasA,TA,Y,SBrkr,5.262690188904886,-1.3877787807814457e-17,1524.0,2.0,0.0,0.0,1.0,0.5,0.6931471805599453,Gd,Typ,1.0,TA,Attchd,Fin,2.0,TA,TA,Y,5.594711379601839,0.0,0.0,0.0,0.0,0.0,0.0,4.0,2010.0,WD,Normal,12.468440756144114
3.044522437723423,RL,78.4,9156.0,IR1,Lvl,Inside,NWAmes,PosN,1Fam,1Story,6.0,7.0,1968.0,1968.0,Hip,CompShg,BrkFace,BrkFace,BrkFace,0.0,TA,TA,CBlock,TA,TA,No,Unf,0.0,0.0,7.306531398939505,1489.0,GasA,Gd,Y,SBrkr,0.0,-1.3877787807814457e-17,1489.0,0.0,0.0,2.0,0.0,3.0,0.6931471805599453,Gd,Typ,1.0,Gd,Attchd,RFn,2.0,TA,TA,Y,0.0,0.0,0.0,0.0,0.0,0.0,0.0,8.0,2009.0,WD,Normal,12.132162346145595
3.044522437723423,RL,72.0,13526.0,IR1,Lvl,CulDSac,Sawyer,Norm,1Fam,1Story,5.0,6.0,1965.0,1965.0,Hip,CompShg,HdBoard,Plywood,BrkFace,4.74493212836325,TA,TA,CBlock,TA,TA,No,BLQ,560.0,5.929589143389894,0.0,935.0,GasA,TA,Y,SBrkr,0.0,-1.3877787807814457e-17,935.0,1.0,0.0,1.0,0.0,3.0,0.6931471805599453,TA,Typ,0.0,Gd,Attchd,Unf,1.0,TA,TA,Y,5.198497031265826,0.0,0.0,0.0,0.0,0.0,0.0,11.0,2006.0,WD,Normal,11.827743504053695
4.394449154672439,RL,111.5,11512.0,IR1,Lvl,Corner,Edwards,Norm,1Fam,SLvl,6.0,7.0,1959.0,2006.0,Gable,CompShg,Plywood,Plywood,BrkFace,4.442651256490317,TA,TA,CBlock,TA,TA,Av,ALQ,719.0,0.0,5.707110264748875,1019.0,GasA,Gd,Y,SBrkr,0.0,-1.3877787807814457e-17,1357.0,1.0,0.0,1.0,0.0,2.0,0.6931471805599453,Ex,Typ,1.0,Gd,Basment,RFn,1.0,TA,TA,Y,0.0,0.0,0.0,0.0,5.099866427824199,0.0,0.0,5.0,2008.0,WD,Normal,12.083910661257521
3.9318256327243257,RL,53.0,5362.0,Reg,Lvl,Corner,Crawfor,Norm,1Fam,1.5Fin,5.0,6.0,1910.0,2003.0,Gable,CompShg,Wd Sdng,Wd Shng,BrkFace,0.0,TA,TA,PConc,TA,TA,No,Unf,0.0,0.0,6.495265555937008,661.0,GasA,Ex,Y,SBrkr,6.380122536899765,-1.3877787807814457e-17,1250.0,0.0,0.0,2.0,0.0,3.0,0.6931471805599453,TA,Typ,1.0,Gd,Detchd,Unf,2.0,TA,TA,Y,5.493061443340548,0.0,4.406719247264253,0.0,0.0,0.0,0.0,11.0,2007.0,WD,Normal,11.842236406331555
4.51085950651685,RL,95.0,11345.0,Reg,Lvl,Corner,NAmes,Feedr,Duplex,2Story,5.0,5.0,1948.0,1950.0,Gable,Roll,AsbShng,AsbShng,Stone,6.030685260261263,TA,TA,CBlock,TA,TA,No,Rec,220.0,0.0,6.5638555265321274,928.0,GasA,Gd,Y,FuseA,6.900730664045172,-1.3877787807814457e-17,1920.0,0.0,0.0,2.0,0.0,4.0,1.0986122886681098,TA,Typ,0.0,Gd,Detchd,Unf,2.0,TA,Fa,Y,0.0,0.0,0.0,0.0,0.0,0.0,0.0,7.0,2007.0,WD,Normal,11.827743504053695
4.110873864173311,RL,78.6,12936.0,IR1,Lvl,CulDSac,NWAmes,Norm,1Fam,2Story,6.0,6.0,1972.0,1972.0,Gable,CompShg,HdBoard,Plywood,BrkFace,0.0,TA,TA,CBlock,TA,Gd,No,BLQ,593.0,0.0,4.875197323201151,723.0,GasA,TA,Y,SBrkr,6.493753839851687,-1.3877787807814457e-17,1395.0,0.0,0.6931471805599452,1.0,1.0,3.0,0.6931471805599453,TA,Typ,1.0,TA,Attchd,Unf,2.0,TA,TA,Y,5.68697535633982,4.762173934797756,0.0,0.0,0.0,0.0,0.0,12.0,2009.0,WD,Normal,11.995357787034976
4.394449154672439,RL,86.7,17673.5,IR1,Lvl,CulDSac,NWAmes,Norm,1Fam,SLvl,6.0,5.0,1967.0,1976.0,Gable,CompShg,HdBoard,HdBoard,BrkFace,5.886104031450156,TA,TA,CBlock,Gd,TA,Av,ALQ,528.0,0.0,7.050122520269059,1680.0,GasA,Fa,Y,SBrkr,0.0,-1.3877787807814457e-17,1724.0,1.0,0.0,1.0,1.0,3.0,0.6931471805599453,TA,Typ,1.0,Gd,Attchd,RFn,2.0,TA,TA,Y,0.0,0.0,0.0,0.0,0.0,0.0,0.0,6.0,2009.0,WD,Normal,12.19552218463499
4.110873864173311,RL,75.0,9473.0,Reg,Lvl,Inside,CollgCr,Norm,1Fam,2Story,8.0,5.0,2002.0,2002.0,Gable,CompShg,VinylSd,VinylSd,BrkFace,2.9934456895598958,Gd,TA,PConc,Gd,TA,No,GLQ,804.0,0.0,5.783825182329737,1128.0,GasA,Ex,Y,SBrkr,6.806829360392176,-1.3877787807814457e-17,2031.0,1.0,0.0,2.0,1.0,3.0,0.6931471805599453,Gd,Typ,1.0,Gd,Attchd,RFn,2.0,TA,TA,Y,0.0,5.14166355650266,0.0,0.0,0.0,0.0,0.0,2.9999999999999996,2008.0,WD,Normal,12.37581963951765
3.9318256327243257,C (all),60.0,7500.0,Reg,Lvl,Inside,IDOTRR,Norm,1Fam,1.5Fin,4.0,4.0,1920.0,1950.0,Gable,CompShg,MetalSd,MetalSd,BrkFace,0.0,TA,Gd,CBlock,TA,TA,No,Unf,0.0,0.0,6.54965074223381,698.0,GasA,TA,Y,FuseA,6.066108090103747,-1.3877787807814457e-17,1128.0,0.0,0.0,1.0,0.0,2.0,0.6931471805599453,TA,Typ,0.0,Gd,Detchd,RFn,2.0,TA,TA,Y,3.4339872044851463,0.0,5.10594547390058,0.0,0.0,0.0,0.0,4.0,2010.0,COD,Abnorml,11.133142723386813
3.044522437723423,RL,67.0,9808.0,IR1,Lvl,Inside,CollgCr,Norm,1Fam,1Story,7.0,5.0,2002.0,2002.0,Gable,CompShg,VinylSd,VinylSd,BrkFace,4.709530201312334,Gd,TA,PConc,Gd,TA,No,GLQ,788.0,0.0,6.666956792429207,1573.0,GasA,Ex,Y,SBrkr,0.0,-1.3877787807814457e-17,1573.0,1.0,0.0,2.0,0.0,3.0,0.6931471805599453,Gd,Typ,0.0,Gd,Attchd,RFn,2.0,TA,TA,Y,0.0,4.290459441148391,0.0,0.0,0.0,0.0,0.0,2.9999999999999996,2009.0,WD,Normal,12.33270970174018
3.044522437723423,RL,50.0,8049.0,IR1,Lvl,CulDSac,Timber,Norm,1Fam,1Story,7.0,5.0,1990.0,1990.0,Hip,CompShg,HdBoard,HdBoard,BrkFace,4.007333185232471,TA,TA,CBlock,Gd,TA,No,ALQ,1053.0,0.0,5.54907608489522,1309.0,GasA,TA,Y,SBrkr,0.0,-1.3877787807814457e-17,1339.0,1.0,0.0,2.0,0.0,2.0,0.6931471805599453,TA,Typ,1.0,TA,Attchd,Fin,2.0,Gd,Gd,Y,0.0,4.07753744390572,0.0,0.0,4.51085950651685,0.0,0.0,7.0,2006.0,WD,Normal,12.100717685412471
3.044522437723423,RL,61.0,8800.0,IR1,Lvl,Inside,CollgCr,Norm,1Fam,1Story,5.0,7.0,1977.0,2008.0,Gable,CompShg,HdBoard,HdBoard,BrkFace,0.0,TA,TA,CBlock,Gd,TA,Mn,LwQ,532.0,4.976733742420574,5.8998973535824915,1040.0,GasA,TA,Y,SBrkr,0.0,-1.3877787807814457e-17,1040.0,0.0,0.0,2.0,0.0,3.0,0.6931471805599453,Gd,Typ,0.0,Gd,Detchd,Unf,2.0,TA,TA,Y,0.0,0.0,0.0,0.0,5.666426688112432,0.0,0.0,9.0,2009.0,WD,Normal,11.921725007667265
4.51085950651685,RL,94.0,9400.0,Reg,Low,Corner,Mitchel,Norm,Duplex,2Story,6.0,5.0,1971.0,1971.0,Mansard,CompShg,MetalSd,Wd Shng,BrkFace,0.0,TA,TA,CBlock,TA,TA,Av,Unf,0.0,0.0,6.816735880594968,912.0,GasA,TA,Y,SBrkr,6.816735880594968,-1.3877787807814457e-17,1824.0,0.0,0.0,2.0,2.0,4.0,1.0986122886681098,TA,Typ,0.0,Gd,Attchd,Unf,-2.220446049250313e-16,TA,TA,Y,4.859812404361672,0.0,0.0,0.0,0.0,0.0,0.0,4.0,2010.0,WD,Normal,11.842236406331555
3.9318256327243257,RL,50.0,9638.0,Reg,Lvl,Inside,SWISU,Feedr,1Fam,1.5Fin,6.0,7.0,1919.0,1990.0,Gable,CompShg,Wd Sdng,Wd Shng,BrkFace,0.0,TA,TA,PConc,TA,TA,No,Unf,0.0,0.0,6.690842277418564,804.0,GasA,Ex,Y,SBrkr,6.618738983517219,-1.3877787807814457e-17,2447.0,0.0,0.0,2.0,0.0,4.0,0.6931471805599453,Gd,Min2,1.0,Gd,Detchd,Unf,1.0,TA,TA,Y,5.60947179518496,0.0,3.7612001156935624,0.0,4.762173934797756,0.0,0.0,2.9999999999999996,2010.0,WD,Normal,12.037659911047468
3.9318256327243257,RM,50.0,6000.0,Reg,Lvl,Inside,BrkSide,Norm,1Fam,1.5Fin,6.0,6.0,1939.0,1950.0,Gable,CompShg,MetalSd,MetalSd,BrkFace,0.0,TA,Fa,CBlock,TA,TA,No,Unf,0.0,0.0,6.660575149839686,780.0,GasA,Ex,Y,FuseF,6.376726947898627,-1.3877787807814457e-17,1412.0,0.0,0.0,1.0,0.0,4.0,0.6931471805599453,TA,Typ,1.0,Gd,Detchd,Unf,1.0,TA,TA,Y,3.828641396489095,0.0,0.0,0.0,0.0,0.0,0.0,5.0,2009.0,WD,Normal,11.794345471549745
3.044522437723423,RL,83.1,9790.0,Reg,Lvl,Inside,NWAmes,Feedr,1Fam,1Story,6.0,5.0,1963.0,1963.0,Hip,CompShg,HdBoard,HdBoard,BrkFace,6.030685260261263,TA,TA,CBlock,TA,TA,No,ALQ,569.0,4.406719247264254,6.520621127558696,1328.0,GasA,TA,Y,SBrkr,0.0,-1.3877787807814457e-17,1328.0,1.0,0.0,1.0,1.0,3.0,0.6931471805599453,TA,Typ,2.0,Gd,Attchd,Unf,2.0,TA,TA,Y,0.0,3.295836866004329,0.0,0.0,0.0,0.0,0.0,6.0,2010.0,WD,Normal,11.870606902224587
3.044522437723423,RL,76.8,17673.5,IR1,Low,Inside,ClearCr,Norm,1Fam,1Story,5.0,5.0,1964.0,1964.0,Gable,CompShg,Wd Sdng,Wd Sdng,BrkCmn,6.030685260261263,TA,Gd,CBlock,TA,TA,Av,Rec,812.0,0.0,6.70073110954781,1624.0,GasA,Fa,Y,SBrkr,0.0,-1.3877787807814457e-17,1582.0,0.0,0.6931471805599452,2.0,0.0,4.0,0.6931471805599453,TA,Typ,0.0,Gd,Attchd,Unf,2.0,TA,TA,N,5.1298987149230735,5.14166355650266,0.0,0.0,0.0,0.0,0.0,6.0,2006.0,WD,Normal,12.154784614286667
4.795790545596741,RL,40.0,5664.0,IR1,Lvl,Inside,StoneBr,Norm,TwnhsE,1Story,8.0,5.0,2000.0,2000.0,Gable,CompShg,CemntBd,CmentBd,BrkFace,0.0,Gd,TA,PConc,Gd,TA,No,GLQ,1158.0,0.0,5.840641657373398,1501.0,GasA,Ex,Y,SBrkr,0.0,-1.3877787807814457e-17,1659.0,1.0,0.0,2.0,0.0,2.0,0.6931471805599453,Ex,Typ,1.0,Ex,Attchd,Fin,2.0,TA,TA,Y,5.3612921657094255,4.0943445622221,0.0,0.0,0.0,0.0,0.0,10.0,2009.0,WD,Normal,12.535379989788607
4.110873864173311,RL,86.0,11065.0,IR1,Lvl,Inside,NridgHt,Norm,1Fam,2Story,8.0,5.0,2006.0,2006.0,Gable,CompShg,VinylSd,VinylSd,Stone,6.030685260261263,Gd,TA,PConc,Gd,TA,Mn,Unf,0.0,0.0,6.990256500493881,1085.0,GasA,Ex,Y,SBrkr,6.746412128573374,-1.3877787807814457e-17,1970.0,0.0,0.0,2.0,1.0,3.0,0.6931471805599453,Ex,Typ,1.0,Gd,BuiltIn,Fin,3.0,TA,TA,Y,5.181783550292085,4.31748811353631,0.0,0.0,0.0,0.0,0.0,10.0,2006.0,New,Partial,12.546113507028412
4.394449154672439,RL,74.6,14112.0,IR1,Lvl,Corner,NAmes,Norm,1Fam,SLvl,5.0,7.0,1964.0,1964.0,Hip,CompShg,Wd Sdng,HdBoard,BrkFace,4.465908118654584,TA,TA,PConc,TA,TA,Av,GLQ,1014.0,0.0,4.9344739331306915,1152.0,GasA,TA,Y,SBrkr,0.0,-1.3877787807814457e-17,1152.0,1.0,0.0,1.0,0.0,3.0,0.6931471805599453,TA,Typ,1.0,Gd,Attchd,RFn,2.0,TA,TA,Y,5.429345628954441,0.0,0.0,0.0,0.0,0.0,0.0,4.0,2010.0,WD,Normal,12.103491596905931
4.983606621708336,RM,27.500000000000007,1679.999999999999,Reg,Lvl,Inside,BrDale,Norm,Twnhs,2Story,5.0,7.0,1972.0,1972.0,Gable,CompShg,CemntBd,CmentBd,BrkFace,5.594711379601839,TA,TA,CBlock,TA,TA,No,ALQ,231.0,0.0,5.991464547107982,630.0,GasA,TA,Y,SBrkr,6.511745329644728,-1.3877787807814457e-17,1302.0,0.0,0.0,2.0,1.0,3.0,0.6931471805599453,TA,Typ,0.0,Gd,Detchd,Unf,1.0,TA,TA,Y,5.225746673713202,0.0,0.0,0.0,0.0,0.0,0.0,2.0,2009.0,WD,Normal,11.691080018519527
4.2626798770413155,RM,60.0,6600.0,Reg,Lvl,Corner,OldTown,Norm,1Fam,2Story,5.0,4.0,1892.0,1965.0,Gable,CompShg,Wd Sdng,Wd Sdng,BrkFace,0.0,TA,TA,Stone,TA,TA,No,Unf,0.0,0.0,6.902742737158593,994.0,GasA,TA,N,SBrkr,6.902742737158592,-1.3877787807814457e-17,2372.0,0.0,0.0,2.0,0.0,4.0,1.0986122886681098,TA,Min2,0.0,Gd,Attchd,RFn,1.0,TA,TA,Y,0.0,5.14166355650266,0.0,0.0,0.0,0.0,0.0,12.0,2009.0,WD,Normal,11.58525542883217
4.110873864173311,RL,78.0,10140.0,Reg,Lvl,Inside,NWAmes,Norm,1Fam,2Story,7.0,5.0,1976.0,1976.0,Gable,CompShg,HdBoard,HdBoard,BrkFace,0.0,TA,TA,PConc,Gd,TA,No,GLQ,194.0,0.0,6.459904454377535,832.0,GasA,TA,Y,SBrkr,6.725033642166842,-1.3877787807814457e-17,1664.0,0.0,0.0,2.0,1.0,4.0,0.6931471805599453,TA,Typ,1.0,TA,Attchd,RFn,2.0,TA,TA,Y,0.0,3.367295829986474,0.0,0.0,5.560681631015528,0.0,0.0,2.9999999999999996,2006.0,WD,Normal,12.000897933306716
3.044522437723423,RL,60.0,8172.0,Reg,Lvl,Inside,Edwards,Norm,1Fam,1Story,5.0,7.0,1955.0,1990.0,Hip,CompShg,WdShing,Plywood,BrkFace,0.0,TA,TA,CBlock,TA,TA,No,Rec,167.0,0.0,6.548219102762372,864.0,GasA,TA,Y,SBrkr,0.0,-1.3877787807814457e-17,864.0,1.0,0.0,1.0,0.0,2.0,0.6931471805599453,TA,Typ,0.0,Gd,Detchd,Unf,2.0,TA,TA,N,0.0,0.0,0.0,0.0,0.0,0.0,0.0,4.0,2006.0,WD,Normal,11.652696102959753
3.044522437723423,RL,70.0,8400.0,Reg,Lvl,Inside,NAmes,Feedr,1Fam,1Story,5.0,5.0,1968.0,1968.0,Hip,CompShg,HdBoard,HdBoard,BrkFace,5.1298987149230735,TA,TA,CBlock,TA,TA,Av,BLQ,1016.0,0.0,3.6109179126442243,1052.0,GasA,Gd,Y,SBrkr,0.0,-1.3877787807814457e-17,1052.0,1.0,0.0,1.0,1.0,3.0,0.6931471805599453,TA,Typ,0.0,Gd,Attchd,RFn,1.0,TA,TA,Y,5.877735781779639,0.0,0.0,0.0,0.0,0.0,0.0,11.0,2006.0,WD,Normal,11.83863282480007
3.044522437723423,RL,80.0,8700.0,Reg,Lvl,Inside,NAmes,Norm,1Fam,1Story,5.0,6.0,1963.0,1963.0,Hip,CompShg,MetalSd,MetalSd,BrkFace,5.003946305945458,TA,Gd,CBlock,TA,TA,Mn,ALQ,776.0,0.0,5.84354441703136,1120.0,GasA,Gd,Y,SBrkr,0.0,-1.3877787807814457e-17,1128.0,1.0,0.0,2.0,0.0,3.0,0.6931471805599453,TA,Typ,0.0,Gd,Attchd,RFn,2.0,TA,TA,Y,5.262690188904886,3.044522437723423,4.820281565605037,0.0,0.0,0.0,0.0,12.0,2008.0,WD,Normal,11.951186847493476
4.983606621708336,RM,35.0,3675.0,Reg,Lvl,Inside,Edwards,Norm,TwnhsE,SFoyer,6.0,5.0,2005.0,2006.0,Gable,CompShg,VinylSd,VinylSd,BrkFace,4.418840607796598,TA,TA,PConc,Gd,TA,Gd,GLQ,547.0,0.0,0.0,547.0,GasA,Gd,Y,SBrkr,0.0,-1.3877787807814457e-17,1072.0,1.0,0.0,2.0,0.0,2.0,0.6931471805599453,TA,Typ,0.0,Gd,Basment,Fin,2.0,TA,TA,Y,0.0,3.8066624897703196,0.0,0.0,0.0,0.0,0.0,6.0,2006.0,New,Partial,11.849404844423074
4.110873864173311,RL,111.5,17673.5,IR3,Bnk,Corner,Edwards,Feedr,1Fam,2Story,10.0,5.0,2008.0,2008.0,Hip,ClyTile,Stucco,Stucco,Stone,6.030685260261263,Ex,TA,PConc,Ex,TA,Gd,GLQ,1780.625,0.0,6.1463292576688975,2052.0,GasA,Ex,Y,SBrkr,6.85751406254539,-1.3877787807814457e-17,2747.625,2.0,0.0,2.0,1.0,3.0,0.6931471805599453,Ex,Typ,2.5,Gd,Attchd,Fin,2.0,TA,TA,Y,5.3706380281276624,5.14166355650266,0.0,0.0,0.0,6.175867270105761,0.0,1.0,2008.0,New,Partial,11.982935344196433
3.044522437723423,RL,75.0,7500.0,Reg,Lvl,Inside,NAmes,Norm,1Fam,1Story,5.0,7.0,1959.0,1994.0,Hip,CompShg,BrkFace,BrkFace,BrkFace,0.0,TA,TA,CBlock,TA,TA,No,LwQ,340.0,6.810142450115135,0.0,1246.0,GasA,Ex,Y,SBrkr,0.0,-1.3877787807814457e-17,1246.0,1.0,0.0,1.0,1.0,3.0,0.6931471805599453,Gd,Typ,0.0,Gd,Attchd,RFn,1.0,TA,TA,Y,5.389071729816502,0.0,0.0,0.0,0.0,0.0,0.0,5.0,2010.0,WD,Normal,11.944714374881176
4.110873864173311,RL,76.6,10762.0,IR1,Lvl,CulDSac,Gilbert,Norm,1Fam,2Story,7.0,5.0,1999.0,1999.0,Gable,CompShg,VinylSd,VinylSd,BrkFace,5.84354441703136,Gd,TA,PConc,Gd,TA,No,GLQ,694.0,0.0,5.652489180268651,978.0,GasA,Ex,Y,SBrkr,6.88653164253051,-1.3877787807814457e-17,1983.0,0.0,0.0,2.0,1.0,3.0,0.6931471805599453,Gd,Typ,1.0,TA,Attchd,Fin,2.0,TA,TA,Y,0.0,0.0,0.0,0.0,0.0,0.0,0.0,5.0,2009.0,WD,Normal,12.323860125621126
4.2626798770413155,RL,71.7,7500.0,IR1,Bnk,Inside,Crawfor,Norm,1Fam,2Story,6.0,7.0,1942.0,1950.0,Gable,CompShg,Wd Sdng,Wd Sdng,BrkFace,0.0,TA,TA,CBlock,TA,TA,No,BLQ,547.0,0.0,5.41610040220442,771.0,GasA,Fa,Y,SBrkr,6.609349243167381,-1.3877787807814457e-17,1494.0,0.0,0.0,1.0,0.0,3.0,0.6931471805599453,Gd,Typ,2.0,Gd,Attchd,Unf,1.0,TA,TA,P,0.0,0.0,0.0,0.0,5.41610040220442,0.0,0.0,11.0,2009.0,WD,Normal,12.086731521684555
4.110873864173311,RL,92.0,10120.0,Reg,Lvl,Inside,NoRidge,Norm,1Fam,2Story,8.0,5.0,1994.0,1994.0,Hip,CompShg,VinylSd,VinylSd,BrkFace,5.971261839790462,Gd,TA,PConc,Gd,TA,No,GLQ,740.0,0.0,6.054439346269371,1165.0,GasA,Ex,Y,SBrkr,7.188412736496954,-1.3877787807814457e-17,2526.0,1.0,0.0,2.0,1.0,4.0,0.6931471805599453,Gd,Typ,1.0,TA,Attchd,RFn,3.0,TA,TA,Y,5.736572297479192,4.3694478524670215,0.0,0.0,0.0,0.0,0.0,12.0,2006.0,WD,Normal,12.577639650232573
3.044522437723423,RL,73.0,8688.0,Reg,Lvl,Inside,Somerst,Norm,1Fam,1Story,7.0,5.0,2005.0,2005.0,Gable,CompShg,VinylSd,VinylSd,BrkFace,5.43372200355424,Gd,TA,PConc,Gd,TA,Av,Unf,0.0,0.0,7.388327859577107,1616.0,GasA,Ex,Y,SBrkr,0.0,-1.3877787807814457e-17,1616.0,0.0,0.0,2.0,0.0,3.0,0.6931471805599453,Gd,Typ,0.0,Gd,Attchd,RFn,3.0,TA,TA,Y,5.342334251964811,4.0943445622221,0.0,0.0,0.0,0.0,0.0,4.0,2006.0,WD,Normal,12.354496960983985
4.983606621708336,RM,32.0,3363.0,Reg,Lvl,Inside,Edwards,Norm,TwnhsE,2Story,7.0,5.0,2004.0,2004.0,Gable,CompShg,VinylSd,VinylSd,Stone,4.770684624465665,Gd,TA,PConc,Gd,TA,No,Unf,0.0,0.0,6.884486652042782,976.0,GasA,Ex,Y,SBrkr,6.597145701886651,-1.3877787807814457e-17,1708.0,0.0,0.0,2.0,0.0,3.0,0.6931471805599453,Gd,Maj1,0.0,Gd,Detchd,Unf,2.0,TA,TA,Y,0.0,3.713572066704308,0.0,0.0,0.0,0.0,0.0,4.0,2006.0,WD,Normal,11.775297421715827
3.044522437723423,RL,108.0,13173.0,IR1,Lvl,Corner,NridgHt,Norm,1Fam,1Story,9.0,5.0,2006.0,2007.0,Hip,CompShg,VinylSd,VinylSd,Stone,5.707110264748875,Gd,TA,PConc,Ex,TA,No,GLQ,1572.0,0.0,4.394449154672439,1652.0,GasA,Ex,Y,SBrkr,0.0,-1.3877787807814457e-17,1652.0,1.0,0.0,2.0,0.0,2.0,0.6931471805599453,Ex,Typ,2.0,Ex,Attchd,Fin,2.0,TA,TA,Y,6.003887067106539,4.634728988229636,0.0,0.0,0.0,0.0,0.0,11.0,2009.0,WD,Normal,12.691583538230217
4.795790545596741,RL,48.0,6955.0,IR1,Lvl,Inside,NridgHt,Norm,TwnhsE,1Story,7.0,5.0,2005.0,2006.0,Gable,CompShg,VinylSd,VinylSd,Stone,4.553876891600541,Gd,TA,PConc,Gd,TA,No,Unf,0.0,0.0,7.221835825288449,1368.0,GasA,Ex,Y,SBrkr,0.0,-1.3877787807814457e-17,1368.0,0.0,0.0,2.0,0.0,2.0,0.6931471805599453,Gd,Typ,1.0,Gd,Attchd,RFn,2.0,TA,TA,Y,4.890349128221754,3.58351893845611,0.0,0.0,0.0,0.0,0.0,9.0,2006.0,New,Partial,12.218500103788143
3.044522437723423,RL,60.0,8072.0,Reg,Lvl,Inside,CollgCr,Norm,1Fam,1Story,5.0,5.0,1994.0,1995.0,Gable,CompShg,VinylSd,VinylSd,BrkFace,0.0,TA,Gd,PConc,Gd,Gd,No,ALQ,746.0,0.0,5.501258210544727,990.0,GasA,Ex,Y,SBrkr,0.0,-1.3877787807814457e-17,990.0,1.0,0.0,1.0,0.0,3.0,0.6931471805599453,TA,Typ,0.0,Gd,Detchd,Unf,2.0,TA,TA,Y,0.0,4.174387269895637,0.0,0.0,0.0,0.0,0.0,5.0,2009.0,WD,Normal,11.835016210489899
3.044522437723423,RM,100.0,12000.0,Reg,Lvl,Inside,OldTown,Norm,1Fam,1Story,5.0,7.0,1948.0,2005.0,Gable,CompShg,MetalSd,MetalSd,BrkFace,0.0,TA,TA,CBlock,TA,TA,No,GLQ,144.0,6.411818267709897,5.153291594497779,924.0,GasA,Ex,Y,SBrkr,0.0,-1.3877787807814457e-17,1122.0,1.0,0.0,1.0,0.0,2.0,0.6931471805599453,Gd,Typ,0.0,Gd,Attchd,Unf,2.0,TA,TA,Y,0.0,3.6109179126442243,0.0,0.0,0.0,0.0,0.0,5.0,2008.0,WD,Normal,11.898194668458823
3.044522437723423,RL,71.4,7153.0,Reg,Lvl,Inside,SawyerW,Norm,1Fam,1Story,6.0,5.0,1991.0,1991.0,Gable,CompShg,HdBoard,HdBoard,BrkFace,4.48863636973214,TA,TA,CBlock,Gd,TA,No,GLQ,1200.0,0.0,4.3694478524670215,1278.0,GasA,Gd,Y,SBrkr,0.0,-1.3877787807814457e-17,1294.0,1.0,0.0,2.0,0.0,3.0,0.6931471805599453,Gd,Typ,0.0,Gd,Attchd,RFn,2.0,TA,TA,Y,4.727387818712341,3.9512437185814275,0.0,0.0,0.0,0.0,0.0,6.0,2008.0,WD,Normal,12.09626335986454
3.044522437723423,RL,100.0,17500.0,Reg,Lvl,Inside,Crawfor,PosA,1Fam,1Story,7.0,7.5,1959.0,2002.0,Gable,CompShg,BrkFace,HdBoard,BrkFace,0.0,Gd,Gd,PConc,Gd,TA,Av,GLQ,1406.0,0.0,6.208590026096629,1902.0,GasA,TA,Y,SBrkr,0.0,-1.3877787807814457e-17,1902.0,1.0,0.0,2.0,0.0,3.0,0.6931471805599453,Ex,Typ,2.0,TA,Attchd,Fin,2.0,TA,TA,Y,0.0,5.14166355650266,5.093750200806762,0.0,0.0,0.0,0.0,5.0,2010.0,WD,Normal,12.721888795877375
3.044522437723423,RL,68.0,8814.0,Reg,Lvl,Inside,CollgCr,Norm,1Fam,1Story,7.0,5.0,2005.0,2007.0,Gable,CompShg,VinylSd,VinylSd,BrkFace,4.394449154672439,Gd,TA,PConc,Gd,TA,No,GLQ,925.0,0.0,5.857933154483459,1274.0,GasA,Ex,Y,SBrkr,0.0,-1.3877787807814457e-17,1274.0,1.0,0.0,2.0,0.0,3.0,0.6931471805599453,Gd,Typ,0.0,Gd,Attchd,RFn,2.0,TA,TA,Y,5.579729825986222,4.59511985013459,0.0,0.0,0.0,0.0,0.0,1.0,2007.0,New,Partial,12.220966184120165
4.110873864173311,RL,85.8,9572.0,IR1,Lvl,Inside,NoRidge,Norm,1Fam,2Story,8.0,5.0,1990.0,1990.0,Gable,CompShg,Wd Sdng,Wd Sdng,BrkFace,5.820082930352362,Gd,TA,PConc,Ex,TA,No,GLQ,482.0,0.0,6.879355804460439,1453.0,GasA,Ex,Y,SBrkr,7.213768308118642,-1.3877787807814457e-17,2747.625,0.0,0.0,2.0,1.0,4.0,0.6931471805599453,Gd,Typ,1.0,Ex,Attchd,RFn,2.0,Gd,Gd,Y,6.042632833682381,0.0,0.0,0.0,0.0,0.0,0.0,6.0,2007.0,WD,Normal,12.618185607609803
4.110873864173311,RL,108.0,14774.0,IR1,Lvl,Corner,NoRidge,Norm,1Fam,2Story,9.0,5.0,1999.0,1999.0,Gable,CompShg,VinylSd,VinylSd,BrkFace,5.111987788356544,Gd,TA,PConc,Gd,TA,No,Unf,0.0,0.0,7.2399325913204695,1393.0,GasA,Ex,Y,SBrkr,7.071573364211531,-1.3877787807814457e-17,2599.0,0.0,0.0,2.0,1.0,4.0,0.6931471805599453,Gd,Typ,1.0,TA,BuiltIn,Fin,3.0,TA,TA,Y,6.042632833682381,3.4339872044851463,0.0,0.0,0.0,0.0,0.0,5.0,2010.0,WD,Normal,12.716405147731708
3.044522437723423,RL,60.0,8190.0,Reg,Lvl,Inside,Edwards,Norm,1Fam,1Story,4.0,6.0,1954.0,1954.0,Hip,CompShg,Wd Sdng,Wd Sdng,BrkFace,0.0,TA,TA,CBlock,TA,TA,No,Rec,732.0,0.0,5.37989735354046,948.0,GasA,Ex,Y,SBrkr,0.0,-1.3877787807814457e-17,948.0,1.0,0.0,1.0,0.0,3.0,0.6931471805599453,TA,Typ,1.0,TA,Detchd,Unf,1.0,TA,TA,Y,0.0,3.6109179126442243,0.0,0.0,0.0,0.0,0.0,10.0,2007.0,WD,Normal,11.686887175419702
4.110873864173311,RL,85.0,11075.0,Reg,Lvl,Inside,NAmes,Norm,1Fam,2Story,6.0,5.0,1969.0,1969.0,Gable,CompShg,HdBoard,HdBoard,BrkFace,0.0,TA,TA,CBlock,Fa,TA,Mn,ALQ,500.0,5.624017506187338,5.176149732573829,952.0,GasA,TA,Y,SBrkr,6.928537818164665,-1.3877787807814457e-17,2112.0,0.0,0.0,2.0,1.0,4.0,0.6931471805599453,TA,Typ,2.0,Gd,Attchd,Unf,2.0,TA,TA,Y,5.638354669333745,0.0,0.0,0.0,0.0,0.0,0.0,6.0,2008.0,WD,Normal,12.239995696974733
3.044522437723423,RL,61.0,10226.0,IR1,Lvl,Inside,CollgCr,Norm,1Fam,1Story,8.0,5.0,2008.0,2008.0,Gable,CompShg,VinylSd,VinylSd,Stone,5.602118820879701,Gd,TA,PConc,Ex,TA,Gd,Unf,0.0,0.0,7.392031567514591,1622.0,GasA,Ex,Y,SBrkr,0.0,-1.3877787807814457e-17,1630.0,1.0,0.0,2.0,0.0,3.0,0.6931471805599453,Ex,Typ,1.0,Gd,Attchd,RFn,3.0,TA,TA,Y,5.153291594497779,3.7612001156935624,0.0,0.0,0.0,0.0,0.0,1.0,2009.0,WD,Normal,12.596403811053621
4.795790545596741,FV,47.0,4230.0,Reg,Lvl,Corner,Somerst,Norm,TwnhsE,1Story,7.0,5.0,2006.0,2007.0,Gable,CompShg,VinylSd,VinylSd,BrkFace,0.0,Gd,TA,PConc,Ex,Gd,No,Unf,0.0,0.0,7.210079628170788,1352.0,GasA,Ex,Y,SBrkr,0.0,-1.3877787807814457e-17,1352.0,0.0,0.0,2.0,0.0,2.0,0.6931471805599453,Gd,Typ,1.0,Gd,Attchd,RFn,2.0,TA,TA,Y,0.0,5.14166355650266,0.0,0.0,0.0,0.0,0.0,4.0,2007.0,New,Partial,12.249615734512616
3.044522437723423,RL,78.6,14781.0,IR2,Lvl,CulDSac,CollgCr,Norm,1Fam,1Story,8.0,5.0,2001.0,2002.0,Hip,CompShg,VinylSd,VinylSd,BrkFace,5.187385805840755,Gd,TA,PConc,Gd,TA,Gd,Unf,0.0,0.0,7.430410654501705,1753.0,GasA,Ex,Y,SBrkr,0.0,-1.3877787807814457e-17,1787.0,0.0,0.0,2.0,0.0,3.0,0.6931471805599453,Gd,Typ,1.0,TA,Attchd,RFn,3.0,TA,TA,Y,5.293304824724492,5.017279836814924,0.0,0.0,0.0,0.0,0.0,8.0,2006.0,WD,Normal,12.524530013005734
3.044522437723423,RL,75.0,10215.0,Reg,Bnk,Inside,Edwards,Norm,1Fam,1Story,4.0,5.0,1954.0,1954.0,Hip,CompShg,Wd Sdng,Wd Sdng,BrkFace,4.890349128221754,TA,TA,PConc,TA,TA,No,ALQ,492.0,0.0,5.921578419643816,864.0,GasA,Ex,Y,SBrkr,0.0,-1.3877787807814457e-17,948.0,0.0,0.0,1.0,0.0,3.0,0.6931471805599453,TA,Typ,0.0,Gd,Attchd,Unf,1.0,TA,TA,Y,0.0,0.0,0.0,0.0,0.0,0.0,0.0,2.0,2007.0,WD,Normal,11.6172944892629
3.044522437723423,RL,70.0,8400.0,Reg,Lvl,Inside,NAmes,Norm,1Fam,1Story,6.0,3.5,1957.0,1957.0,Hip,CompShg,BrkFace,BrkFace,BrkFace,0.0,TA,TA,CBlock,TA,TA,No,ALQ,189.0,6.495265555937008,6.444131256700441,1478.0,GasA,Gd,Y,SBrkr,0.0,-1.3877787807814457e-17,1478.0,1.0,0.0,1.0,1.0,3.0,0.6931471805599453,TA,Typ,2.0,Gd,Attchd,RFn,2.0,TA,TA,Y,4.74493212836325,0.0,0.0,0.0,5.37989735354046,0.0,0.0,6.0,2009.0,WD,Normal,11.960817678718287
3.044522437723423,RL,63.2,6627.0,IR1,Lvl,Corner,BrkSide,Feedr,1Fam,1Story,3.0,6.0,1949.0,1950.0,Hip,CompShg,VinylSd,VinylSd,BrkFace,0.0,TA,TA,CBlock,TA,TA,No,Unf,0.0,0.0,0.0,42.0,Floor,TA,N,SBrkr,0.0,-1.3877787807814457e-17,720.0,0.0,0.0,1.0,0.0,2.0,0.6931471805599453,TA,Typ,0.0,Gd,Detchd,Unf,1.0,TA,Fa,Y,0.0,0.0,0.0,0.0,0.0,0.0,0.0,7.0,2008.0,WD,Normal,11.19135563385109
4.110873864173311,RL,107.0,10186.0,IR1,Lvl,Inside,NoRidge,Norm,1Fam,2Story,7.0,5.0,1992.0,1992.0,Gable,CompShg,HdBoard,HdBoard,BrkFace,0.0,Gd,TA,PConc,Gd,TA,No,GLQ,674.0,0.0,4.343805421853684,750.0,GasA,Ex,Y,SBrkr,6.760414691083428,-1.3877787807814457e-17,1923.0,1.0,0.0,2.0,1.0,3.0,0.6931471805599453,Gd,Typ,1.0,TA,Attchd,RFn,2.0,TA,TA,Y,5.484796933490655,3.6888794541139363,0.0,0.0,0.0,0.0,0.0,6.0,2010.0,WD,Normal,12.154784614286667
3.4339872044851463,RL,50.0,5330.0,Reg,HLS,Inside,BrkSide,Norm,1Fam,1Story,4.0,7.0,1940.0,1950.0,Hip,CompShg,VinylSd,VinylSd,BrkFace,0.0,Fa,TA,CBlock,TA,TA,No,LwQ,280.0,0.0,4.948759890378168,420.0,GasA,Gd,Y,SBrkr,0.0,-1.3877787807814457e-17,708.0,0.0,0.0,1.0,0.0,2.0,0.6931471805599453,Fa,Typ,0.0,Gd,Attchd,Unf,-2.220446049250313e-16,TA,TA,Y,5.105945473900581,0.0,0.0,0.0,0.0,0.0,0.0,12.0,2009.0,WD,Normal,11.320565693461432
3.044522437723423,RL,75.0,9986.0,Reg,Lvl,Inside,Somerst,Norm,1Fam,1Story,8.0,5.0,2006.0,2007.0,Gable,CompShg,VinylSd,VinylSd,BrkFace,6.030685260261263,Gd,TA,PConc,Ex,TA,Av,Unf,0.0,0.0,7.430410654501705,1795.0,GasA,Ex,Y,SBrkr,0.0,-1.3877787807814457e-17,1795.0,0.0,0.0,2.0,0.0,2.0,0.6931471805599453,Gd,Typ,1.0,Gd,Attchd,RFn,3.0,TA,TA,Y,0.0,3.912023005428146,0.0,0.0,0.0,0.0,0.0,2.0,2007.0,New,Partial,11.898194668458823
3.4339872044851463,RM,40.0,3636.0,Reg,Lvl,Inside,IDOTRR,Norm,1Fam,1Story,4.0,4.0,1922.0,1950.0,Gable,CompShg,AsbShng,AsbShng,BrkFace,0.0,TA,TA,BrkTil,TA,Fa,No,Unf,0.0,0.0,6.680854678790215,796.0,GasA,Fa,N,SBrkr,0.0,-1.3877787807814457e-17,796.0,0.0,0.0,1.0,0.0,2.0,0.6931471805599453,TA,Typ,0.0,Gd,Attchd,Unf,-2.220446049250313e-16,TA,TA,N,0.0,0.0,4.615120516841259,0.0,0.0,0.0,0.0,1.0,2008.0,WD,Normal,10.915106645867503
3.4339872044851463,RH,70.0,4270.0,Reg,Bnk,Inside,Edwards,Norm,1Fam,1Story,3.0,6.0,1931.0,2006.0,Gable,CompShg,MetalSd,MetalSd,BrkFace,0.0,TA,TA,BrkTil,TA,TA,No,Rec,544.0,0.0,0.0,544.0,GasA,Ex,Y,SBrkr,0.0,-1.3877787807814457e-17,774.0,0.0,0.0,1.0,0.0,3.0,0.6931471805599453,Gd,Typ,0.0,Gd,Attchd,Unf,-2.220446049250313e-16,TA,TA,Y,0.0,0.0,5.659482215759621,0.0,0.0,0.0,0.0,5.0,2007.0,WD,Normal,11.277215789596893
3.044522437723423,RL,60.0,6600.0,Reg,Lvl,Inside,Mitchel,Norm,1Fam,1Story,5.0,7.5,1982.0,2008.0,Gable,CompShg,VinylSd,VinylSd,BrkFace,0.0,Gd,Gd,CBlock,TA,TA,No,ALQ,641.0,0.0,5.170483995038151,816.0,GasA,Ex,Y,SBrkr,0.0,-1.3877787807814457e-17,816.0,0.0,0.6931471805599452,1.0,0.0,3.0,0.6931471805599453,Gd,Typ,1.0,Ex,Attchd,Unf,1.0,TA,TA,Y,0.0,0.0,0.0,0.0,0.0,0.0,0.0,10.0,2008.0,WD,Normal,11.779136168550774
3.9318256327243257,RM,60.0,10440.0,Reg,Lvl,Corner,OldTown,Norm,1Fam,1.5Fin,6.0,7.0,1920.0,1950.0,Gable,CompShg,BrkFace,Wd Sdng,BrkFace,0.0,Gd,Gd,BrkTil,Gd,TA,No,LwQ,493.0,0.0,6.925595197110468,1510.0,GasW,Ex,Y,SBrkr,7.097548850614793,-1.3877787807814457e-17,2747.625,0.0,0.0,2.0,0.0,4.5,0.6931471805599453,TA,Mod,2.0,TA,Detchd,Unf,2.0,Fa,TA,Y,0.0,5.14166355650266,0.0,0.0,6.175867270105761,0.0,7.048386408721882,6.0,2008.0,WD,Normal,12.45293662970407
4.110873864173311,RL,63.0,9084.0,IR1,Lvl,Inside,Gilbert,Norm,1Fam,2Story,7.0,5.0,1998.0,1998.0,Hip,CompShg,VinylSd,VinylSd,BrkFace,0.0,TA,TA,PConc,Gd,TA,No,Unf,0.0,0.0,6.841615476477592,935.0,GasA,Gd,Y,SBrkr,6.519147287940395,-1.3877787807814457e-17,1632.0,0.0,0.0,2.0,1.0,3.0,0.6931471805599453,TA,Typ,1.0,TA,Attchd,Fin,2.0,TA,TA,Y,0.0,3.367295829986474,0.0,0.0,0.0,0.0,0.0,6.0,2006.0,WD,Normal,12.081081821061819
3.044522437723423,RL,85.0,10000.0,Reg,Lvl,Inside,Somerst,Norm,1Fam,1Story,8.0,5.0,2006.0,2006.0,Hip,CompShg,VinylSd,VinylSd,Stone,6.018593214496234,Gd,TA,PConc,Gd,Gd,Av,Unf,0.0,0.0,7.370860166536716,1588.0,GasA,Ex,Y,SBrkr,0.0,-1.3877787807814457e-17,1588.0,0.0,0.0,2.0,0.0,3.0,0.6931471805599453,Gd,Typ,1.0,Gd,Attchd,RFn,3.0,TA,TA,Y,4.976733742420574,3.828641396489095,0.0,0.0,0.0,0.0,0.0,12.0,2007.0,WD,Normal,12.33270970174018
4.394449154672439,RL,55.0,10780.0,IR1,Lvl,Inside,CollgCr,Norm,1Fam,SLvl,5.0,5.0,1976.0,1976.0,Gable,CompShg,MetalSd,MetalSd,BrkFace,0.0,TA,TA,CBlock,TA,TA,Av,ALQ,483.0,0.0,6.061456918928017,911.0,GasA,Gd,Y,SBrkr,0.0,-1.3877787807814457e-17,954.0,0.0,0.0,1.0,0.0,3.0,0.6931471805599453,TA,Typ,0.0,Gd,Detchd,Unf,2.0,TA,TA,Y,0.0,0.0,0.0,0.0,0.0,0.0,0.0,7.0,2006.0,WD,Normal,11.794345471549745
3.044522437723423,RL,67.0,8877.0,Reg,Lvl,Inside,Edwards,Norm,1Fam,1Story,4.0,6.0,1938.0,1958.0,Gable,CompShg,MetalSd,MetalSd,BrkFace,0.0,TA,TA,CBlock,TA,TA,Mn,ALQ,690.0,0.0,4.844187086458591,816.0,GasA,Ex,Y,SBrkr,0.0,-1.3877787807814457e-17,816.0,1.0,0.0,1.0,0.0,2.0,0.6931471805599453,TA,Typ,1.0,Gd,Detchd,Unf,1.0,Fa,Fa,Y,0.0,0.0,0.0,0.0,0.0,0.0,0.0,5.0,2009.0,WD,Normal,11.51293546492023
3.9318256327243257,RM,60.0,7200.0,Reg,Lvl,Corner,IDOTRR,Norm,1Fam,1.5Fin,5.0,6.0,1938.0,1995.0,Gable,CompShg,Wd Sdng,Wd Sdng,BrkFace,0.0,TA,TA,CBlock,TA,TA,No,Unf,0.0,0.0,6.6895992691789665,803.0,GasA,Ex,Y,SBrkr,6.324358962381311,-1.3877787807814457e-17,1360.0,0.0,0.0,1.0,1.0,2.0,0.6931471805599453,Gd,Typ,0.0,Gd,Detchd,Unf,1.0,TA,TA,Y,0.0,4.189654742026425,5.25227342804663,0.0,0.0,0.0,0.0,7.0,2006.0,WD,Normal,11.74006900564972
4.983606621708336,RM,27.500000000000007,2368.000000000001,Reg,Lvl,Inside,BrDale,Norm,TwnhsE,2Story,5.0,6.0,1970.0,1970.0,Gable,CompShg,HdBoard,HdBoard,BrkFace,5.746203190540152,TA,TA,CBlock,TA,TA,No,LwQ,765.0,0.0,0.0,765.0,GasA,TA,Y,SBrkr,6.398594934535208,-1.3877787807814457e-17,1365.0,0.0,0.0,1.0,1.0,3.0,0.6931471805599453,TA,Min1,0.0,Gd,Attchd,Unf,2.0,TA,TA,Y,0.0,3.6109179126442243,0.0,0.0,0.0,0.0,0.0,5.0,2009.0,WD,Normal,11.736077016252437
3.044522437723423,RL,80.0,9650.0,Reg,Lvl,Inside,NWAmes,Norm,1Fam,1Story,6.0,5.0,1977.0,1977.0,Gable,CompShg,Plywood,Plywood,BrkFace,5.8888779583328805,TA,TA,CBlock,Gd,TA,No,ALQ,686.0,0.0,6.499787040655854,1350.0,GasA,TA,Y,SBrkr,0.0,-1.3877787807814457e-17,1334.0,0.0,0.6931471805599452,2.0,0.0,2.0,0.6931471805599453,TA,Typ,1.0,TA,Attchd,RFn,2.0,TA,TA,Y,0.0,2.833213344056216,0.0,0.0,0.0,0.0,0.0,4.0,2009.0,WD,Normal,12.031129798974042
4.51085950651685,RL,87.0,9246.0,IR1,Lvl,Inside,NWAmes,Feedr,Duplex,1Story,5.0,5.0,1973.0,1973.0,Gable,CompShg,Plywood,Plywood,BrkFace,6.030685260261263,TA,TA,CBlock,TA,TA,No,Unf,0.0,0.0,7.4127640174265625,1656.0,GasA,TA,Y,SBrkr,0.0,-1.3877787807814457e-17,1656.0,0.0,0.0,2.0,0.0,4.0,1.0986122886681098,TA,Typ,0.0,Gd,Detchd,Unf,2.0,TA,TA,Y,0.0,5.14166355650266,0.0,0.0,0.0,0.0,0.0,11.0,2008.0,WD,Normal,11.813037464800539
3.4339872044851463,RM,111.5,4118.0,IR1,Bnk,Corner,OldTown,Feedr,1Fam,1Story,4.0,4.0,1941.0,1950.0,Gable,CompShg,Wd Sdng,Wd Sdng,BrkFace,0.0,TA,TA,CBlock,TA,TA,No,Unf,0.0,0.0,6.542471960506805,693.0,Grav,Fa,N,FuseA,0.0,-1.3877787807814457e-17,693.0,0.0,0.0,1.0,0.0,2.0,0.6931471805599453,Fa,Typ,0.0,Gd,Attchd,Unf,-2.220446049250313e-16,TA,TA,N,0.0,3.044522437723423,0.0,0.0,0.0,0.0,0.0,2.9999999999999996,2006.0,WD,Normal,10.868587496017359
4.110873864173311,RL,95.0,13450.0,IR1,Lvl,Corner,CollgCr,Norm,1Fam,2Story,7.0,5.0,2002.0,2002.0,Gable,CompShg,VinylSd,VinylSd,BrkFace,0.0,Gd,TA,PConc,Gd,TA,No,GLQ,700.0,0.0,5.37989735354046,916.0,GasA,Ex,Y,SBrkr,6.848005274576363,-1.3877787807814457e-17,1861.0,1.0,0.0,2.0,1.0,3.0,0.6931471805599453,Gd,Typ,0.0,Gd,BuiltIn,RFn,2.0,TA,TA,Y,4.990432586778736,4.5217885770490405,0.0,0.0,0.0,0.0,0.0,6.0,2006.0,WD,Normal,12.206077645517674
3.044522437723423,RL,111.5,9560.0,IR1,Lvl,Corner,CollgCr,Norm,1Fam,1Story,5.0,7.0,1972.0,1972.0,Hip,CompShg,MetalSd,MetalSd,BrkFace,0.0,TA,Gd,CBlock,TA,TA,Mn,Rec,360.0,0.0,6.22455842927536,864.0,GasA,Ex,Y,SBrkr,0.0,-1.3877787807814457e-17,864.0,0.0,0.0,1.0,0.0,3.0,0.6931471805599453,TA,Typ,0.0,Gd,Attchd,RFn,1.0,TA,TA,Y,0.0,0.0,0.0,0.0,0.0,0.0,0.0,6.0,2006.0,WD,Normal,11.763691965388299
3.044522437723423,RL,70.0,8294.0,Reg,Lvl,Inside,NAmes,Norm,1Fam,1Story,4.0,5.0,1971.0,1971.0,Gable,CompShg,MetalSd,MetalSd,BrkFace,0.0,TA,TA,CBlock,TA,TA,No,Unf,0.0,0.0,6.755768921984255,858.0,GasA,TA,Y,SBrkr,0.0,-1.3877787807814457e-17,872.0,0.0,0.0,1.0,0.0,3.0,0.6931471805599453,TA,Typ,0.0,Gd,Detchd,Unf,3.5,TA,TA,Y,0.0,0.0,0.0,0.0,0.0,0.0,0.0,6.0,2007.0,WD,Normal,11.719947764402807
3.044522437723423,RL,66.0,13695.0,Reg,Lvl,Inside,SawyerW,RRAe,1Fam,1Story,6.0,5.0,2003.0,2004.0,Gable,CompShg,VinylSd,VinylSd,BrkFace,0.0,TA,TA,PConc,Gd,TA,No,GLQ,814.0,0.0,5.707110264748875,1114.0,GasA,Ex,Y,SBrkr,0.0,-1.3877787807814457e-17,1114.0,1.0,0.0,1.0,0.0,3.0,0.6931471805599453,Gd,Typ,0.0,Gd,Detchd,Unf,2.0,TA,TA,Y,0.0,4.3694478524670215,0.0,0.0,0.0,0.0,0.0,7.0,2008.0,WD,Normal,11.951186847493476
4.110873864173311,RL,84.4,9375.0,Reg,Lvl,Inside,CollgCr,Norm,1Fam,2Story,8.0,5.0,2002.0,2002.0,Gable,CompShg,VinylSd,VinylSd,BrkFace,5.0106352940962555,Gd,TA,PConc,Gd,TA,No,Unf,0.0,0.0,7.158513997329321,1284.0,GasA,Ex,Y,SBrkr,6.786716950605081,-1.3877787807814457e-17,2169.0,0.0,0.0,2.0,1.0,3.0,0.6931471805599453,Gd,Typ,1.0,Gd,Attchd,RFn,2.0,TA,TA,Y,5.262690188904886,4.477336814478207,0.0,0.0,0.0,0.0,0.0,8.0,2007.0,WD,Normal,12.339295865674435
3.9318256327243257,RL,57.0,7558.0,Reg,Bnk,Inside,Crawfor,Norm,1Fam,1.5Fin,6.0,6.0,1928.0,1950.0,Gable,CompShg,BrkFace,Stone,BrkFace,0.0,TA,TA,BrkTil,TA,TA,No,Unf,0.0,0.0,6.799055862058796,896.0,GasA,Gd,Y,SBrkr,6.609349243167381,-1.3877787807814457e-17,1913.0,0.0,0.0,1.0,1.0,3.0,0.6931471805599453,TA,Typ,1.0,TA,Detchd,Unf,2.0,Fa,Fa,Y,0.0,0.0,0.0,0.0,0.0,0.0,0.0,2.9999999999999996,2009.0,WD,Normal,12.083910661257521
4.110873864173311,RL,85.0,11103.0,IR1,Lvl,Corner,CollgCr,Norm,1Fam,2Story,7.0,5.0,2006.0,2006.0,Gable,CompShg,VinylSd,VinylSd,BrkFace,0.0,Gd,TA,PConc,Gd,TA,No,Unf,0.0,0.0,6.591673732008658,728.0,GasA,Ex,Y,SBrkr,6.591673732008658,-1.3877787807814457e-17,1456.0,0.0,0.0,2.0,1.0,3.0,0.6931471805599453,Gd,Typ,1.0,TA,Attchd,Fin,2.0,TA,TA,Y,0.0,0.0,0.0,0.0,0.0,0.0,0.0,7.0,2007.0,New,Partial,11.95655945119582
3.4339872044851463,RM,50.0,6000.0,Reg,Lvl,Inside,OldTown,Norm,1Fam,1Story,4.0,4.0,1920.0,1950.0,Hip,CompShg,MetalSd,MetalSd,BrkFace,0.0,TA,TA,PConc,TA,TA,No,ALQ,250.0,0.0,6.566672429803241,960.0,GasA,Gd,Y,FuseA,0.0,-1.3877787807814457e-17,960.0,0.0,0.0,1.0,0.0,2.0,0.6931471805599453,Fa,Typ,0.0,Gd,Detchd,Unf,1.0,TA,TA,Y,0.0,0.0,5.1298987149230735,0.0,0.0,0.0,0.0,7.0,2007.0,WD,Normal,11.59451466851004
3.044522437723423,RL,97.7,17673.5,IR2,Lvl,CulDSac,NWAmes,PosN,1Fam,1Story,7.0,7.0,1968.0,2003.0,Hip,CompShg,BrkFace,HdBoard,BrkFace,0.0,TA,TA,CBlock,TA,TA,No,BLQ,297.0,4.23410650459726,7.093404625868766,1568.0,GasA,TA,Y,SBrkr,0.0,-1.3877787807814457e-17,2156.0,0.0,0.0,2.0,0.0,3.0,0.6931471805599453,TA,Typ,1.0,Gd,Attchd,RFn,2.0,Gd,TA,Y,0.0,4.394449154672439,0.0,5.673323267171493,0.0,0.0,0.0,6.0,2006.0,WD,Normal,12.47801017053037
3.044522437723423,RL,93.0,15306.0,IR1,HLS,Corner,Timber,Norm,1Fam,1Story,8.0,5.0,2006.0,2007.0,Gable,CompShg,VinylSd,VinylSd,Stone,4.61512051684126,Gd,TA,PConc,Ex,TA,Gd,GLQ,80.0,0.0,7.410347097821024,1732.0,GasA,Ex,Y,SBrkr,0.0,-1.3877787807814457e-17,1776.0,1.0,0.0,2.0,0.0,3.0,0.6931471805599453,Gd,Typ,1.0,Gd,Attchd,Fin,3.0,TA,TA,Y,0.0,0.0,0.0,0.0,0.0,0.0,0.0,5.0,2007.0,New,Partial,12.554840409959793
3.044522437723423,RL,94.0,16196.0,IR3,Low,Inside,SawyerW,Norm,1Fam,1Story,7.0,5.0,1998.0,1998.0,Gable,CompShg,VinylSd,VinylSd,BrkFace,0.0,Gd,TA,PConc,Gd,TA,Gd,GLQ,1442.9999999999998,0.0,3.6888794541139363,1482.0,GasA,Ex,Y,SBrkr,0.0,-1.3877787807814457e-17,1494.0,1.0,0.0,2.0,0.0,3.0,0.6931471805599453,Gd,Typ,1.0,Fa,Attchd,RFn,2.0,TA,TA,Y,5.9989365619466835,3.258096538021482,0.0,0.0,0.0,0.0,0.0,8.0,2007.0,WD,Normal,12.278397958261774
4.2626798770413155,RM,50.0,5250.0,Reg,Lvl,Inside,OldTown,Norm,1Fam,2Story,8.0,5.0,1885.0,1987.0,Gable,CompShg,MetalSd,MetalSd,BrkFace,0.0,TA,Gd,BrkTil,TA,Fa,No,LwQ,259.0,0.0,6.054439346269371,684.0,OthW,Fa,N,SBrkr,7.103322062526113,5.327876168789581,2358.0,0.0,0.0,2.0,0.0,4.0,0.6931471805599453,TA,Typ,0.0,Gd,Attchd,Unf,-2.220446049250313e-16,TA,TA,Y,0.0,4.007333185232471,3.044522437723423,0.0,0.0,0.0,0.0,12.0,2008.0,WD,Normal,11.711784520403112
4.51085950651685,RL,91.0,11643.0,Reg,Lvl,Inside,NAmes,Artery,Duplex,2Story,5.0,5.0,1969.0,1969.0,Gable,CompShg,MetalSd,MetalSd,BrkFace,5.910796644040527,TA,TA,CBlock,TA,TA,No,LwQ,500.0,0.0,6.618738983517219,1248.0,GasA,TA,Y,SBrkr,7.167809184316443,-1.3877787807814457e-17,2634.0,1.0,0.6931471805599452,2.0,2.0,4.5,1.0986122886681098,TA,Typ,0.0,Gd,Detchd,Unf,3.5,TA,TA,Y,0.0,0.0,0.0,0.0,0.0,0.0,0.0,8.0,2009.0,WD,Normal,12.206077645517674
4.110873864173311,RL,70.0,9247.0,IR1,Lvl,Inside,NAmes,Norm,1Fam,2Story,6.0,6.0,1962.0,1962.0,Gable,CompShg,HdBoard,HdBoard,BrkFace,5.765191102784845,TA,TA,CBlock,TA,TA,No,Rec,319.0,0.0,6.29156913955832,858.0,GasA,Ex,Y,SBrkr,6.755768921984255,-1.3877787807814457e-17,1716.0,0.0,0.0,1.0,1.0,4.0,0.6931471805599453,TA,Typ,1.0,Gd,Attchd,Fin,2.0,TA,TA,Y,0.0,4.442651256490317,0.0,0.0,4.795790545596741,0.0,0.0,2.9999999999999996,2008.0,WD,Normal,12.049424683420915
3.9318256327243257,RM,50.0,6000.0,Reg,Lvl,Inside,BrkSide,Norm,1Fam,1.5Fin,6.0,7.5,1937.0,2000.0,Gable,CompShg,MetalSd,MetalSd,BrkFace,0.0,Gd,TA,BrkTil,TA,TA,No,Unf,0.0,0.0,6.54965074223381,698.0,GasA,TA,Y,SBrkr,5.968707559985366,-1.3877787807814457e-17,1176.0,0.0,0.0,1.0,0.0,2.0,0.6931471805599453,TA,Typ,0.0,Gd,Detchd,Unf,2.0,TA,TA,N,5.351858133476067,0.0,0.0,0.0,0.0,0.0,0.0,7.0,2009.0,WD,Normal,11.812296455066814
3.9318256327243257,RL,56.0,14720.0,IR1,Lvl,CulDSac,NoRidge,Norm,1Fam,1.5Fin,8.0,5.0,1995.0,1996.0,Hip,CompShg,VinylSd,VinylSd,BrkFace,6.030685260261263,Gd,TA,PConc,Gd,TA,Av,GLQ,816.0,0.0,7.1049654482698426,2033.0,GasA,Ex,Y,SBrkr,7.078341579557671,-1.3877787807814457e-17,2747.625,1.0,0.0,2.0,1.0,4.0,0.6931471805599453,Gd,Typ,1.0,Ex,Attchd,Fin,3.0,TA,TA,Y,5.648974238161207,4.465908118654584,0.0,0.0,0.0,0.0,0.0,2.9999999999999996,2010.0,WD,Normal,12.923914877701906
4.110873864173311,RL,76.0,10316.0,IR1,Lvl,Inside,CollgCr,Norm,1Fam,2Story,7.0,5.0,2000.0,2000.0,Gable,CompShg,VinylSd,VinylSd,BrkFace,0.0,Gd,TA,PConc,Gd,TA,No,GLQ,735.0,0.0,5.552959584921617,992.0,GasA,Ex,Y,SBrkr,6.773080375655535,-1.3877787807814457e-17,1865.0,1.0,0.0,2.0,1.0,3.0,0.6931471805599453,Gd,Typ,1.0,TA,Attchd,RFn,3.0,TA,TA,Y,0.0,5.14166355650266,0.0,0.0,0.0,0.0,0.0,6.0,2008.0,WD,Normal,12.367345048436391
4.394449154672439,RL,102.0,10192.0,IR1,Lvl,Inside,NWAmes,Norm,1Fam,SLvl,7.0,6.0,1968.0,1992.0,Gable,CompShg,MetalSd,MetalSd,BrkFace,4.969813299576001,TA,TA,CBlock,TA,TA,No,Unf,0.0,0.0,6.3473892096560105,570.0,GasA,Gd,Y,SBrkr,6.54965074223381,-1.3877787807814457e-17,1920.0,0.0,0.0,3.0,0.0,4.0,0.6931471805599453,Gd,Typ,1.0,TA,Attchd,RFn,2.0,TA,TA,Y,0.0,4.59511985013459,0.0,0.0,0.0,0.0,0.0,9.0,2006.0,WD,Normal,12.04355959836804
3.044522437723423,RL,64.4,9477.0,Reg,Lvl,Corner,NAmes,Norm,1Fam,1Story,5.0,5.0,1966.0,1966.0,Gable,CompShg,HdBoard,HdBoard,BrkFace,4.189654742026425,TA,TA,CBlock,TA,TA,No,Rec,340.0,0.0,6.263398262591624,864.0,GasA,TA,Y,SBrkr,0.0,-1.3877787807814457e-17,892.0,0.0,0.0,1.0,0.0,3.0,0.6931471805599453,TA,Typ,0.0,Gd,Attchd,RFn,1.0,TA,TA,Y,0.0,0.0,0.0,0.0,0.0,0.0,0.0,10.0,2008.0,WD,Normal,11.608244735642321
3.044522437723423,RL,66.4,12537.0,IR1,Lvl,CulDSac,NAmes,Norm,1Fam,1Story,5.0,6.0,1971.0,2008.0,Gable,CompShg,VinylSd,VinylSd,BrkFace,0.0,TA,TA,CBlock,TA,TA,No,GLQ,734.0,0.0,5.84354441703136,1078.0,GasA,Ex,Y,SBrkr,0.0,-1.3877787807814457e-17,1078.0,1.0,0.0,1.0,1.0,3.0,0.6931471805599453,TA,Typ,1.0,Fa,Attchd,Fin,2.0,TA,TA,Y,0.0,0.0,0.0,0.0,0.0,0.0,0.0,4.0,2010.0,WD,Normal,11.917730355182513
4.983606621708336,FV,33.5,2117.0,Reg,Lvl,Inside,Somerst,Norm,Twnhs,2Story,6.0,5.0,2000.0,2000.0,Gable,CompShg,MetalSd,MetalSd,BrkFace,5.37989735354046,Gd,TA,PConc,Gd,TA,No,GLQ,378.0,0.0,5.937536205082426,756.0,GasA,Ex,Y,SBrkr,6.690842277418564,-1.3877787807814457e-17,1573.0,0.0,0.0,2.0,1.0,3.0,0.6931471805599453,Gd,Typ,0.0,Gd,Detchd,Unf,2.0,TA,TA,Y,0.0,3.4965075614664802,0.0,0.0,0.0,0.0,0.0,6.0,2010.0,WD,Normal,12.086731521684555
3.044522437723423,RL,111.5,16737.0,Reg,Lvl,FR3,NridgHt,Norm,1Fam,1Story,9.0,5.0,2004.0,2005.0,Hip,CompShg,VinylSd,VinylSd,BrkFace,4.204692619390966,Gd,TA,PConc,Ex,TA,Av,GLQ,1447.0,0.0,6.280395838960195,1980.0,GasA,Ex,Y,SBrkr,0.0,-1.3877787807814457e-17,1980.0,1.0,0.0,2.0,0.0,3.0,0.6931471805599453,Ex,Typ,1.0,Gd,Attchd,Fin,3.0,TA,TA,Y,5.272999558563747,3.828641396489095,0.0,0.0,0.0,0.0,0.0,9.0,2006.0,WD,Normal,12.660331092405906
4.2626798770413155,RL,51.0,9842.0,Reg,Lvl,Inside,SWISU,Feedr,1Fam,2Story,5.0,6.0,1921.0,1998.0,Gable,CompShg,MetalSd,Wd Sdng,BrkFace,0.0,TA,TA,BrkTil,TA,Fa,No,Unf,0.0,0.0,6.418364935936212,612.0,GasA,Ex,Y,SBrkr,7.3852309230665725,-1.3877787807814457e-17,2601.0,0.0,0.0,3.0,1.0,4.0,0.6931471805599453,TA,Typ,0.0,Gd,BuiltIn,RFn,2.0,TA,TA,Y,5.214935757608986,0.0,5.71042701737487,0.0,0.0,0.0,0.0,5.0,2008.0,WD,Normal,12.149507585033072
3.044522437723423,RL,111.5,16158.0,IR1,Low,Inside,StoneBr,Norm,1Fam,1Story,7.0,5.0,2005.0,2005.0,Hip,CompShg,VinylSd,VinylSd,Stone,2.833213344056216,Gd,TA,PConc,Ex,TA,Av,ALQ,1274.0,0.0,5.54907608489522,1530.0,GasA,Ex,Y,SBrkr,0.0,-1.3877787807814457e-17,1530.0,1.0,0.0,2.0,0.0,3.0,0.6931471805599453,Gd,Typ,1.0,Gd,Attchd,Fin,2.0,TA,TA,Y,5.1298987149230735,3.6109179126442243,0.0,0.0,0.0,0.0,0.0,6.0,2009.0,WD,Normal,12.468440756144114
3.9318256327243257,RL,61.6,12513.0,IR1,Lvl,FR2,NAmes,Feedr,1Fam,1.5Fin,4.0,4.0,1920.0,2007.0,Gable,CompShg,VinylSd,VinylSd,BrkFace,0.0,TA,Gd,BrkTil,TA,Fa,No,Unf,0.0,0.0,6.573680166960646,715.0,GasA,Gd,Y,SBrkr,6.126869184114185,-1.3877787807814457e-17,1738.0,0.0,0.0,2.0,0.0,4.0,0.6931471805599453,TA,Typ,1.0,Gd,Attchd,Unf,1.0,TA,TA,Y,4.02535169073515,0.0,0.0,0.0,0.0,0.0,0.0,6.0,2009.0,WD,Normal,11.560772327227417
4.110873864173311,RL,73.0,8499.0,IR1,Lvl,Inside,Gilbert,Norm,1Fam,2Story,6.0,5.0,2006.0,2007.0,Gable,CompShg,VinylSd,VinylSd,BrkFace,0.0,TA,TA,PConc,Gd,TA,No,Unf,0.0,0.0,6.424869023905388,616.0,GasA,Ex,Y,SBrkr,6.680854678790215,-1.3877787807814457e-17,1412.0,0.0,0.0,2.0,1.0,3.0,0.6931471805599453,Gd,Typ,1.0,Gd,BuiltIn,Fin,2.0,TA,TA,Y,0.0,3.6109179126442243,0.0,0.0,0.0,0.0,0.0,2.9999999999999996,2007.0,New,Partial,11.963574241653713
4.983606621708336,FV,30.0,3180.0,Reg,Lvl,Inside,Somerst,Norm,TwnhsE,2Story,7.0,5.0,2005.0,2005.0,Gable,CompShg,MetalSd,MetalSd,BrkFace,0.0,Gd,TA,PConc,Gd,TA,No,Unf,0.0,0.0,6.398594934535208,600.0,GasA,Ex,Y,SBrkr,6.398594934535208,4.394449154672439,1200.0,0.0,0.0,2.0,1.0,2.0,0.6931471805599453,Gd,Typ,0.0,Gd,Detchd,RFn,2.0,TA,TA,Y,0.0,5.117993812416755,0.0,0.0,0.0,0.0,0.0,4.0,2006.0,WD,Abnorml,11.878630514504515
4.110873864173311,FV,71.8,7500.0,Reg,Lvl,Inside,Somerst,Norm,1Fam,2Story,7.0,5.0,2000.0,2000.0,Gable,CompShg,VinylSd,VinylSd,BrkFace,0.0,Gd,TA,PConc,Gd,TA,No,GLQ,533.0,0.0,5.641907070938114,814.0,GasA,Ex,Y,SBrkr,6.7580945044277305,-1.3877787807814457e-17,1674.0,1.0,0.0,2.0,1.0,3.0,0.6931471805599453,Gd,Typ,0.0,Gd,Attchd,RFn,2.0,TA,TA,Y,0.0,4.574710978503383,0.0,0.0,0.0,0.0,0.0,1.0,2010.0,WD,Normal,12.283038316285214
4.110873864173311,RL,68.0,9179.0,IR1,Lvl,Inside,CollgCr,Norm,1Fam,2Story,7.0,5.0,1999.0,1999.0,Gable,CompShg,VinylSd,VinylSd,BrkFace,5.0689042022202315,Gd,TA,PConc,Gd,TA,No,GLQ,633.0,0.0,5.484796933490655,873.0,GasA,Ex,Y,SBrkr,6.812345094177479,-1.3877787807814457e-17,1790.0,1.0,0.0,2.0,1.0,3.0,0.6931471805599453,Gd,Typ,0.0,Gd,Attchd,RFn,2.0,TA,TA,Y,0.0,4.48863636973214,0.0,0.0,0.0,0.0,0.0,6.0,2008.0,WD,Abnorml,12.170450649220749
4.983606621708336,RM,41.0,2665.0,Reg,Lvl,Inside,MeadowV,Norm,TwnhsE,2Story,5.0,6.0,1977.0,1977.0,Gable,CompShg,CemntBd,CmentBd,BrkFace,0.0,TA,TA,PConc,TA,TA,No,ALQ,548.0,5.159055299214529,3.6109179126442243,757.0,GasA,Ex,Y,SBrkr,6.311734809152915,-1.3877787807814457e-17,1475.0,0.0,0.0,2.0,0.0,4.0,0.6931471805599453,TA,Typ,1.0,TA,Attchd,RFn,1.0,TA,TA,Y,4.653960350157523,3.295836866004329,0.0,0.0,0.0,0.0,0.0,7.0,2006.0,WD,Normal,11.751950239425476
4.795790545596741,RM,40.8,4435.0,Reg,Lvl,Inside,CollgCr,Norm,TwnhsE,1Story,6.0,5.0,2003.0,2004.0,Gable,CompShg,VinylSd,VinylSd,BrkFace,5.14166355650266,Gd,TA,PConc,Gd,TA,Av,GLQ,685.0,0.0,5.099866427824199,848.0,GasA,Ex,Y,SBrkr,0.0,-1.3877787807814457e-17,848.0,1.0,0.0,1.0,0.0,1.0,0.6931471805599453,Gd,Typ,0.0,Gd,Attchd,Fin,2.0,TA,TA,Y,4.948759890378168,0.0,0.0,0.0,0.0,0.0,0.0,6.0,2009.0,WD,Normal,11.87757552297847
3.044522437723423,RL,48.0,10635.0,IR2,Lvl,FR2,CollgCr,Norm,1Fam,1Story,8.0,5.0,2003.0,2003.0,Hip,CompShg,VinylSd,VinylSd,BrkFace,5.147494476813453,Gd,TA,PConc,Gd,TA,Av,BLQ,370.0,6.880384082186005,5.755742213586912,1657.0,GasA,Ex,Y,SBrkr,0.0,-1.3877787807814457e-17,1668.0,1.0,0.0,2.0,0.0,3.0,0.6931471805599453,Gd,Typ,1.0,TA,Attchd,Fin,2.0,TA,TA,Y,0.0,5.14166355650266,0.0,0.0,0.0,0.0,0.0,5.0,2010.0,WD,Normal,12.354496960983985
3.9318256327243257,RL,90.0,5400.0,Reg,Lvl,Corner,OldTown,Artery,1Fam,1.5Fin,4.0,6.0,1920.0,1950.0,Gable,CompShg,CBlock,CBlock,BrkFace,0.0,Fa,TA,PConc,TA,TA,No,ALQ,315.0,4.663439094112066,6.042632833682381,840.0,GasA,Ex,Y,SBrkr,6.282266746896006,-1.3877787807814457e-17,1374.0,0.0,0.0,1.0,0.0,2.0,0.6931471805599453,TA,Typ,0.0,Gd,Detchd,Fin,1.0,TA,TA,Y,0.0,0.0,5.293304824724492,0.0,0.0,0.0,0.0,10.0,2009.0,WD,Normal,11.561725152903833
4.394449154672439,RL,80.0,9600.0,Reg,Lvl,Inside,NAmes,Norm,1Fam,SLvl,6.0,6.0,1955.0,1996.0,Hip,CompShg,AsbShng,AsbShng,BrkFace,0.0,TA,TA,CBlock,TA,TA,Av,BLQ,831.0,0.0,5.087596335232384,992.0,GasA,Gd,Y,SBrkr,0.0,-1.3877787807814457e-17,1661.0,1.0,0.0,1.0,0.0,3.0,0.6931471805599453,Gd,Typ,1.0,TA,BuiltIn,RFn,1.0,TA,TA,Y,0.0,3.367295829986474,0.0,0.0,5.187385805840755,0.0,0.0,10.0,2008.0,WD,Normal,12.016732516077072
4.110873864173311,RL,75.0,9750.0,Reg,Lvl,Corner,CollgCr,Norm,1Fam,2Story,7.0,6.0,1998.0,1998.0,Gable,CompShg,VinylSd,VinylSd,BrkFace,0.0,TA,TA,PConc,Gd,TA,Av,GLQ,975.0,0.0,4.897839799950911,1108.0,GasA,Ex,Y,SBrkr,6.897704943128636,-1.3877787807814457e-17,2097.0,1.0,0.0,2.0,1.0,3.0,0.6931471805599453,Gd,Typ,1.0,TA,Detchd,RFn,2.0,TA,TA,Y,5.537334267018537,5.14166355650266,0.0,0.0,0.0,0.0,0.0,6.0,2006.0,WD,Normal,12.521981322562505
3.044522437723423,RL,96.5,11400.0,Reg,Lvl,Inside,NoRidge,Norm,1Fam,1Story,10.0,5.0,2001.0,2002.0,Hip,CompShg,VinylSd,VinylSd,BrkFace,6.030685260261263,Ex,TA,PConc,Ex,TA,Gd,GLQ,1282.0,0.0,7.20934025660291,2052.0,GasA,Ex,Y,SBrkr,0.0,-1.3877787807814457e-17,2633.0,1.0,0.0,2.0,1.0,2.0,0.6931471805599453,Ex,Typ,2.0,Gd,Attchd,RFn,3.0,TA,TA,Y,5.752572638825633,4.948759890378168,0.0,0.0,0.0,0.0,0.0,2.9999999999999996,2007.0,WD,Normal,13.05301544288996
4.110873864173311,FV,85.0,10625.0,Reg,Lvl,Inside,Somerst,Norm,1Fam,2Story,7.0,5.0,2005.0,2005.0,Gable,CompShg,CemntBd,CmentBd,BrkFace,0.0,Gd,TA,PConc,Gd,TA,No,Unf,0.0,0.0,6.934397209928558,1026.0,GasA,Ex,Y,SBrkr,6.838405200847344,-1.3877787807814457e-17,1958.0,0.0,0.0,2.0,1.0,3.0,0.6931471805599453,Gd,Typ,1.0,Gd,Attchd,Fin,3.0,TA,TA,Y,5.043425116919247,5.14166355650266,0.0,0.0,0.0,0.0,0.0,7.0,2008.0,WD,Normal,12.429220196836383
3.044522437723423,RL,89.0,10991.0,IR1,HLS,Inside,Timber,Norm,1Fam,1Story,8.0,5.0,2007.0,2007.0,Gable,CompShg,VinylSd,VinylSd,BrkFace,4.394449154672439,Gd,TA,PConc,Gd,TA,Gd,Unf,0.0,0.0,7.360103972989152,1571.0,GasA,Ex,Y,SBrkr,0.0,-1.3877787807814457e-17,1571.0,0.0,0.0,2.0,0.0,3.0,0.6931471805599453,Gd,Typ,1.0,Gd,Attchd,Fin,3.0,TA,TA,Y,4.61512051684126,3.6109179126442243,0.0,0.0,0.0,0.0,0.0,12.0,2007.0,New,Partial,12.384223015005313
3.4339872044851463,RL,52.0,6292.0,Reg,Bnk,Inside,SWISU,Norm,1Fam,1Story,6.0,5.0,1930.0,1950.0,Gable,CompShg,Wd Sdng,Wd Sdng,BrkFace,0.0,TA,TA,BrkTil,Gd,TA,Mn,Rec,384.0,0.0,5.953243334287785,768.0,GasA,TA,N,SBrkr,0.0,-1.3877787807814457e-17,790.0,0.0,0.0,1.0,0.0,2.0,0.6931471805599453,TA,Typ,0.0,Gd,Detchd,Unf,1.0,Fa,TA,Y,0.0,4.955827057601261,0.0,0.0,0.0,0.0,0.0,4.0,2008.0,WD,Normal,11.418625774449598
3.9318256327243257,RL,60.0,10998.0,Reg,Lvl,Inside,Edwards,Norm,1Fam,1.5Fin,5.0,5.0,1941.0,1960.0,Gable,CompShg,Wd Sdng,Wd Sdng,BrkFace,0.0,TA,TA,CBlock,TA,TA,No,LwQ,408.0,6.042632833682381,5.056245805348308,984.0,GasA,Ex,Y,SBrkr,6.431331081933479,-1.3877787807814457e-17,1604.0,0.0,0.0,2.0,0.0,3.0,0.6931471805599453,TA,Min2,0.0,Gd,Detchd,Unf,2.0,TA,TA,Y,0.0,4.23410650459726,0.0,0.0,0.0,0.0,0.0,7.0,2009.0,WD,Normal,11.669937760751914
4.983606621708336,RM,27.500000000000007,1953.0,Reg,Lvl,Inside,BrDale,Norm,Twnhs,2Story,6.0,5.0,1973.0,1973.0,Gable,CompShg,HdBoard,HdBoard,BrkFace,6.013715156042803,TA,TA,CBlock,TA,Fa,No,BLQ,309.0,0.0,5.1647859739235145,483.0,GasA,TA,Y,SBrkr,6.22455842927536,-1.3877787807814457e-17,987.0,0.0,0.0,1.0,1.0,2.0,0.6931471805599453,TA,Typ,0.0,Gd,Detchd,Unf,1.0,TA,TA,Y,4.290459441148391,0.0,0.0,0.0,0.0,0.0,0.0,6.0,2006.0,WD,Normal,11.326607934898927
4.394449154672439,RL,73.0,9735.0,Reg,Lvl,Inside,Timber,Norm,1Fam,SLvl,5.0,5.0,2006.0,2007.0,Gable,CompShg,VinylSd,VinylSd,BrkFace,0.0,TA,TA,PConc,Gd,TA,No,Unf,0.0,0.0,5.953243334287785,384.0,GasA,Gd,Y,SBrkr,6.463029456920669,-1.3877787807814457e-17,1394.0,0.0,0.0,2.0,1.0,3.0,0.6931471805599453,Gd,Typ,0.0,Gd,BuiltIn,Fin,2.0,TA,TA,Y,4.61512051684126,0.0,0.0,0.0,0.0,0.0,0.0,5.0,2008.0,WD,Normal,12.02874460037869
3.4339872044851463,RL,45.0,8212.0,Reg,Lvl,Inside,Edwards,Norm,1Fam,1Story,3.0,3.5,1914.0,1950.0,Gable,CompShg,Stucco,Stucco,BrkFace,0.0,TA,Fa,BrkTil,TA,Fa,No,Rec,203.0,0.0,6.495265555937008,864.0,GasA,TA,N,FuseF,0.0,-1.3877787807814457e-17,864.0,1.0,0.0,1.0,0.0,2.0,0.6931471805599453,TA,Typ,0.0,Gd,Detchd,Unf,1.0,TA,Fa,Y,0.0,0.0,4.574710978503382,0.0,0.0,0.0,0.0,6.0,2010.0,WD,Normal,10.97679912709094
3.044522437723423,RL,77.0,12925.0,IR1,Lvl,Corner,NAmes,Norm,1Fam,1Story,6.0,7.0,1970.0,1970.0,Gable,CompShg,BrkFace,Plywood,BrkFace,0.0,TA,TA,CBlock,TA,TA,Mn,BLQ,865.0,0.0,5.831882477283517,1205.0,GasA,Ex,Y,SBrkr,0.0,-1.3877787807814457e-17,2117.0,0.0,0.0,2.0,1.0,4.0,0.6931471805599453,TA,Typ,2.0,Gd,Attchd,Fin,2.0,TA,TA,Y,0.0,3.7612001156935624,0.0,0.0,0.0,0.0,0.0,5.0,2008.0,WD,Normal,12.377927112974284
4.2626798770413155,RM,60.0,7200.0,Reg,Lvl,Corner,OldTown,Norm,1Fam,2Story,7.0,7.0,1920.0,1950.0,Hip,CompShg,Wd Sdng,Wd Sdng,BrkFace,0.0,TA,TA,BrkTil,Fa,TA,No,Unf,0.0,0.0,6.391917113392602,596.0,GasA,Ex,Y,SBrkr,6.639875833826535,-1.3877787807814457e-17,1762.0,1.0,0.0,1.0,1.0,4.0,0.6931471805599453,Gd,Typ,0.0,Gd,Detchd,Unf,2.0,TA,TA,N,3.6109179126442243,0.0,5.402677381872279,0.0,0.0,0.0,0.0,10.0,2006.0,WD,Normal,11.964007453736912
3.4339872044851463,RL,69.2,17673.5,Reg,Lvl,Inside,Sawyer,Norm,1Fam,1Story,5.0,7.0,1918.0,2007.0,Gable,CompShg,Wd Sdng,Wd Sdng,BrkFace,0.0,TA,Gd,BrkTil,TA,TA,No,Unf,0.0,0.0,6.705639094860003,816.0,GasA,Ex,Y,SBrkr,0.0,-1.3877787807814457e-17,1416.0,0.0,0.0,2.0,0.0,3.0,0.6931471805599453,Gd,Typ,0.0,Gd,Attchd,Unf,2.0,TA,TA,N,0.0,0.0,4.727387818712341,0.0,0.0,0.0,0.0,8.0,2007.0,WD,Normal,11.626263078808801
3.9318256327243257,RL,60.0,9060.0,Reg,Lvl,Inside,Edwards,Norm,1Fam,1.5Fin,6.0,5.0,1939.0,1950.0,Gable,CompShg,WdShing,Wd Shng,BrkFace,0.0,TA,TA,BrkTil,TA,TA,Mn,Rec,204.00000000000003,0.0,5.877735781779639,560.0,GasA,TA,Y,SBrkr,6.329720905522696,-1.3877787807814457e-17,1258.0,0.0,0.0,1.0,0.0,2.0,0.6931471805599453,TA,Typ,0.0,Gd,Detchd,Unf,1.0,TA,TA,P,0.0,0.0,0.0,0.0,0.0,0.0,0.0,10.0,2009.0,WD,Normal,11.561725152903833
3.9318256327243257,RM,40.0,5436.0,Reg,Lvl,Inside,IDOTRR,Norm,1Fam,1.5Fin,4.0,7.5,1922.0,2007.0,Gable,CompShg,VinylSd,VinylSd,BrkFace,0.0,TA,Gd,BrkTil,TA,TA,No,BLQ,735.0,0.0,4.127134385045092,796.0,GasA,Gd,Y,SBrkr,5.883322388488279,-1.3877787807814457e-17,1154.0,1.0,0.0,1.0,0.0,3.0,0.6931471805599453,Gd,Typ,0.0,Gd,Detchd,Unf,1.0,TA,TA,N,0.0,4.574710978503383,0.0,0.0,0.0,0.0,0.0,5.0,2010.0,WD,Normal,11.74006900564972
4.110873864173311,RL,80.0,16692.0,IR1,Lvl,Inside,NWAmes,RRAn,1Fam,2Story,7.0,5.0,1978.0,1978.0,Gable,CompShg,Plywood,Plywood,BrkFace,5.220355825078324,TA,TA,CBlock,Gd,TA,No,BLQ,790.0,6.152732694704104,4.897839799950911,1392.0,GasA,TA,Y,SBrkr,7.239214973779806,-1.3877787807814457e-17,2747.625,1.0,0.0,3.0,1.0,4.5,0.6931471805599453,Gd,Typ,2.0,TA,Attchd,RFn,2.0,TA,TA,Y,0.0,4.727387818712341,0.0,0.0,6.089044875446846,6.253828811575473,7.601402334583733,7.0,2006.0,WD,Normal,12.429220196836383
3.9318256327243257,RM,60.0,8520.0,Reg,Lvl,Inside,OldTown,Artery,1Fam,1.5Fin,6.0,7.0,1916.0,1950.0,Gable,CompShg,Stucco,Stucco,BrkFace,0.0,TA,Gd,BrkTil,TA,TA,No,Rec,168.0,6.30444880242198,0.0,714.0,GasW,TA,N,SBrkr,6.760414691083428,-1.3877787807814457e-17,2526.0,0.0,0.0,2.0,0.0,4.5,0.6931471805599453,Gd,Typ,1.0,Gd,Detchd,Unf,1.0,TA,TA,Y,4.48863636973214,2.772588722239781,0.0,0.0,0.0,0.0,0.0,8.0,2007.0,CWD,Family,11.820417517632333
3.044522437723423,RL,42.0,14892.0,IR1,HLS,CulDSac,Gilbert,Norm,1Fam,1Story,9.0,5.0,2006.0,2007.0,Gable,CompShg,VinylSd,VinylSd,Stone,5.081404364984463,Ex,TA,PConc,Ex,TA,Gd,GLQ,1320.0,0.0,6.056784013228625,1746.0,GasA,Ex,Y,SBrkr,0.0,-1.3877787807814457e-17,1746.0,1.0,0.0,2.0,0.0,3.0,0.6931471805599453,Ex,Typ,2.0,Gd,Attchd,Fin,3.0,TA,TA,Y,5.308267697401204,3.6888794541139363,0.0,0.0,0.0,0.0,0.0,10.0,2009.0,WD,Normal,12.84132849667433
3.9318256327243257,RM,60.0,6000.0,Reg,Lvl,Inside,BrkSide,Norm,1Fam,1.5Fin,6.0,6.0,1941.0,1950.0,Gable,CompShg,Wd Sdng,Wd Sdng,BrkFace,0.0,TA,Gd,BrkTil,TA,Gd,No,ALQ,375.0,0.0,5.8888779583328805,735.0,GasA,Ex,Y,SBrkr,5.857933154483459,-1.3877787807814457e-17,1218.0,0.0,0.6931471805599452,1.0,0.0,3.0,0.6931471805599453,TA,Typ,1.0,Gd,Detchd,Unf,2.0,TA,TA,Y,0.0,0.0,0.0,0.0,0.0,0.0,0.0,2.9999999999999996,2007.0,WD,Normal,11.782960235741939
3.044522437723423,RL,70.0,9100.0,Reg,Lvl,Inside,CollgCr,Norm,1Fam,1Story,7.0,5.0,2000.0,2000.0,Gable,CompShg,VinylSd,VinylSd,BrkFace,5.501258210544727,Gd,TA,PConc,Gd,TA,Av,GLQ,1400.0,0.0,4.836281906951478,1525.0,GasA,Ex,Y,SBrkr,0.0,-1.3877787807814457e-17,1525.0,1.0,0.0,2.0,0.0,3.0,0.6931471805599453,Gd,Typ,0.0,Gd,Attchd,RFn,2.0,TA,TA,Y,5.393627546352362,3.6109179126442243,0.0,0.0,0.0,0.0,0.0,9.0,2006.0,WD,Normal,12.367345048436391
4.51085950651685,RL,65.0,8944.0,Reg,Lvl,Inside,NAmes,Norm,Duplex,1Story,5.0,5.0,1967.0,1967.0,Gable,CompShg,Plywood,Plywood,BrkFace,0.0,TA,TA,CBlock,TA,TA,No,Unf,0.0,0.0,7.368339686311381,1584.0,GasA,TA,Y,SBrkr,0.0,-1.3877787807814457e-17,1584.0,0.0,0.0,2.0,0.0,4.0,1.0986122886681098,TA,Mod,0.0,Gd,Detchd,Unf,3.0,TA,TA,Y,0.0,5.030437921392435,0.0,0.0,0.0,0.0,0.0,4.0,2009.0,WD,Normal,11.728044909070785
4.454347296253507,RL,68.0,7838.0,Reg,Lvl,Inside,NAmes,Norm,1Fam,SFoyer,5.0,5.0,1967.0,1967.0,Gable,CompShg,HdBoard,HdBoard,BrkFace,0.0,TA,TA,CBlock,TA,TA,Av,ALQ,769.0,0.0,4.564348191467836,864.0,GasA,TA,Y,SBrkr,0.0,-1.3877787807814457e-17,900.0,1.0,0.0,1.0,0.0,3.0,0.6931471805599453,TA,Typ,1.0,Po,Attchd,RFn,1.0,TA,TA,Y,5.1704839950381505,4.976733742420574,0.0,0.0,0.0,0.0,0.0,12.0,2006.0,WD,Normal,11.719947764402807
4.983606621708336,RM,60.0,10800.0,Reg,Lvl,Inside,OldTown,Norm,2fmCon,1.5Fin,6.0,7.0,1905.0,2000.0,Gable,CompShg,Wd Sdng,Wd Sdng,BrkFace,0.0,TA,TA,BrkTil,Fa,TA,No,Unf,0.0,0.0,6.180016653652572,482.0,GasA,Ex,N,SBrkr,6.539585955617669,-1.3877787807814457e-17,1912.0,0.0,0.0,2.0,0.0,3.0,1.0986122886681098,TA,Typ,1.0,TA,Detchd,Unf,2.0,Gd,TA,Y,0.0,3.258096538021482,5.3612921657094255,0.0,0.0,0.0,0.0,4.0,2008.0,WD,Normal,12.001511614739405
4.795790545596741,RL,53.0,4045.0,Reg,Lvl,Inside,Blmngtn,Norm,TwnhsE,1Story,7.0,5.0,2006.0,2006.0,Hip,CompShg,VinylSd,VinylSd,BrkFace,3.828641396489095,Gd,TA,PConc,Gd,TA,Av,GLQ,1070.0,0.0,5.659482215759621,1356.0,GasA,Ex,Y,SBrkr,0.0,-1.3877787807814457e-17,1500.0,1.0,0.0,2.0,0.0,2.0,0.6931471805599453,Gd,Typ,1.0,Gd,Attchd,Fin,3.0,TA,TA,Y,5.087596335232384,3.044522437723423,0.0,0.0,0.0,0.0,0.0,10.0,2006.0,New,Partial,12.415437707935368
4.110873864173311,RL,88.0,12665.0,IR1,Lvl,Inside,Timber,Norm,1Fam,2Story,8.0,5.0,2005.0,2006.0,Hip,CompShg,VinylSd,VinylSd,BrkFace,5.5053315359323625,Gd,TA,PConc,Gd,Gd,Gd,Unf,0.0,0.0,6.9985096422506015,1094.0,GasA,Ex,Y,SBrkr,7.2078598714324755,-1.3877787807814457e-17,2482.0,0.0,0.0,2.0,1.0,4.0,0.6931471805599453,Gd,Typ,1.0,Gd,BuiltIn,Fin,3.0,TA,TA,Y,4.976733742420574,3.6888794541139363,0.0,0.0,0.0,0.0,0.0,2.0,2007.0,WD,Normal,12.546871224308068
3.044522437723423,RL,98.89999999999999,17673.5,IR1,Bnk,Inside,Timber,Norm,1Fam,1Story,5.0,5.0,1948.0,1950.0,Gable,CompShg,Wd Sdng,Wd Sdng,BrkFace,0.0,TA,TA,CBlock,TA,TA,Av,BLQ,353.0,5.814130531825066,4.110873864173311,747.0,GasA,TA,Y,SBrkr,0.0,-1.3877787807814457e-17,1687.0,1.0,0.0,1.0,0.0,3.0,0.6931471805599453,TA,Min1,2.0,TA,Detchd,Unf,2.0,TA,TA,N,0.0,0.0,3.9318256327243257,0.0,0.0,0.0,0.0,6.0,2010.0,WD,Normal,11.982935344196433
4.2626798770413155,RM,51.0,6120.0,Reg,Lvl,Inside,BrkSide,Norm,1Fam,2Story,5.0,7.5,1920.0,2004.0,Gable,CompShg,MetalSd,MetalSd,BrkFace,0.0,TA,TA,BrkTil,TA,TA,Mn,Unf,0.0,0.0,6.84587987526405,939.0,GasA,Ex,Y,SBrkr,6.354370040797351,-1.3877787807814457e-17,1513.0,0.0,0.0,1.0,1.0,4.0,0.6931471805599453,TA,Typ,0.0,Gd,Detchd,Unf,1.0,Fa,Fa,N,3.2188758248682006,0.0,5.017279836814924,0.0,0.0,0.0,0.0,5.0,2007.0,WD,Normal,11.83138646878959
3.9318256327243257,RL,60.0,7200.0,Reg,Lvl,Inside,NAmes,Norm,1Fam,1.5Fin,5.0,4.0,1950.0,1982.0,Gable,CompShg,VinylSd,Wd Sdng,BrkFace,0.0,TA,TA,CBlock,TA,TA,No,Rec,180.0,5.8664680569332965,6.517671272912275,1208.0,GasA,Gd,Y,FuseA,6.645090969505644,-1.3877787807814457e-17,1904.0,1.0,0.0,1.0,1.0,3.0,0.6931471805599453,TA,Min1,0.0,Gd,Attchd,Unf,1.0,TA,TA,Y,0.0,0.0,5.1298987149230735,0.0,0.0,0.0,0.0,5.0,2009.0,WD,Normal,11.835016210489899
3.9318256327243257,RL,51.0,6171.0,Reg,Lvl,Inside,SWISU,Norm,1Fam,1.5Fin,6.0,6.0,1925.0,1990.0,Gable,CompShg,WdShing,Wd Shng,BrkFace,0.0,TA,TA,BrkTil,TA,TA,No,BLQ,264.0,0.0,6.569481420414296,976.0,GasA,Ex,Y,SBrkr,6.1070228877422545,-1.3877787807814457e-17,1608.0,0.0,0.0,2.0,1.0,3.0,0.6931471805599453,Gd,Typ,1.0,Gd,Detchd,Unf,1.0,Fa,TA,Y,4.997212273764115,2.833213344056216,0.0,0.0,0.0,0.0,0.0,10.0,2009.0,WD,Normal,11.831022768939789
3.9318256327243257,RM,50.0,6000.0,Reg,Lvl,Corner,BrkSide,Norm,1Fam,1.5Fin,6.0,7.0,1929.0,1950.0,Gable,CompShg,WdShing,Wd Shng,BrkFace,0.0,TA,TA,BrkTil,TA,TA,No,Unf,0.0,0.0,6.760414691083428,862.0,GasA,TA,Y,SBrkr,5.342334251964811,-1.3877787807814457e-17,1158.0,0.0,0.0,1.0,0.0,3.0,0.6931471805599453,TA,Typ,1.0,Gd,BuiltIn,RFn,1.0,TA,TA,Y,0.0,0.0,4.727387818712341,0.0,0.0,0.0,0.0,7.0,2008.0,WD,Normal,11.695255355062795
4.110873864173311,RL,62.0,7415.0,IR1,Lvl,Inside,Gilbert,Norm,1Fam,2Story,6.0,5.0,2004.0,2004.0,Gable,CompShg,VinylSd,VinylSd,BrkFace,0.0,TA,TA,PConc,TA,TA,No,GLQ,759.0,0.0,4.394449154672439,839.0,GasA,Ex,Y,SBrkr,6.593044534142436,-1.3877787807814457e-17,1593.0,1.0,0.0,2.0,1.0,3.0,0.6931471805599453,TA,Typ,1.0,TA,Attchd,Fin,2.0,TA,TA,Y,4.61512051684126,4.330733340286331,0.0,0.0,0.0,0.0,0.0,4.0,2008.0,WD,Normal,12.170450649220749
3.044522437723423,RL,64.0,6762.0,Reg,Lvl,Inside,CollgCr,Norm,1Fam,1Story,7.0,5.0,2006.0,2006.0,Gable,CompShg,VinylSd,VinylSd,BrkFace,0.0,Gd,TA,PConc,Gd,Gd,Av,Unf,0.0,0.0,7.160069207596127,1286.0,GasA,Ex,Y,SBrkr,0.0,-1.3877787807814457e-17,1294.0,0.0,0.0,2.0,0.0,2.0,0.6931471805599453,Gd,Typ,1.0,Gd,Attchd,RFn,2.0,TA,TA,Y,5.1298987149230735,4.02535169073515,0.0,0.0,0.0,0.0,0.0,7.0,2006.0,New,Partial,12.174994689959313
3.044522437723423,RL,49.0,15256.0,IR1,Lvl,CulDSac,Somerst,RRAn,1Fam,1Story,8.0,5.0,2007.0,2007.0,Gable,CompShg,VinylSd,VinylSd,Stone,4.442651256490317,Gd,TA,PConc,Gd,TA,Gd,GLQ,929.0,0.0,6.322565239927284,1485.0,GasA,Ex,Y,SBrkr,0.0,-1.3877787807814457e-17,1464.0,1.0,0.0,2.0,0.0,3.0,0.6931471805599453,Gd,Typ,0.0,Gd,Attchd,Unf,3.0,TA,TA,Y,5.1298987149230735,5.081404364984463,0.0,0.0,0.0,0.0,0.0,8.0,2007.0,WD,Normal,12.552930054797935
3.9318256327243257,RL,60.0,10410.0,Reg,Lvl,Corner,OldTown,Artery,1Fam,1.5Fin,3.0,4.0,1915.0,1950.0,Gable,CompShg,Wd Sdng,Wd Sdng,BrkFace,0.0,TA,TA,PConc,TA,TA,No,Unf,0.0,0.0,6.511745329644728,672.0,GasA,TA,Y,SBrkr,6.255750041753366,-1.3877787807814457e-17,1214.0,0.0,0.0,1.0,0.0,3.0,0.6931471805599453,TA,Typ,0.0,Gd,Detchd,Unf,3.0,TA,TA,Y,5.37989735354046,0.0,5.081404364984463,0.0,0.0,0.0,0.0,1.0,2006.0,WD,Family,11.561725152903833
4.795790545596741,RM,44.0,3842.0,IR1,HLS,Inside,Crawfor,Norm,TwnhsE,1Story,8.0,5.0,2004.0,2005.0,Hip,CompShg,CemntBd,CmentBd,Stone,5.1647859739235145,Gd,TA,PConc,Ex,TA,Gd,GLQ,1373.0,0.0,5.402677381872279,1594.0,GasA,Ex,Y,SBrkr,0.0,-1.3877787807814457e-17,1646.0,1.0,0.6931471805599452,2.0,0.0,2.0,0.6931471805599453,Gd,Typ,1.0,Gd,Attchd,Fin,2.0,TA,TA,Y,4.859812404361672,3.9889840465642745,0.0,0.0,5.049856007249537,0.0,0.0,1.0,2008.0,WD,Normal,12.524530013005734
4.454347296253507,RL,70.0,8445.0,Reg,Lvl,Corner,CollgCr,Norm,1Fam,SFoyer,5.0,7.0,1972.0,2007.0,Gable,CompShg,HdBoard,Wd Shng,BrkFace,0.0,TA,TA,CBlock,Gd,TA,Av,GLQ,656.0,0.0,4.727387818712341,768.0,GasA,TA,Y,SBrkr,0.0,-1.3877787807814457e-17,768.0,1.0,0.0,1.0,0.0,2.0,0.6931471805599453,TA,Typ,0.0,Gd,Detchd,Unf,2.0,TA,TA,Y,4.07753744390572,0.0,0.0,0.0,0.0,0.0,0.0,2.9999999999999996,2009.0,WD,Normal,11.798111925972618
3.044522437723423,RL,62.6,8780.0,IR1,Lvl,Corner,Mitchel,Norm,1Fam,1Story,5.0,5.0,1985.0,1985.0,Gable,CompShg,HdBoard,Plywood,BrkFace,0.0,TA,TA,CBlock,TA,TA,No,ALQ,625.0,0.0,5.342334251964811,833.0,GasA,Ex,Y,SBrkr,0.0,-1.3877787807814457e-17,833.0,1.0,0.0,1.0,0.0,3.0,0.6931471805599453,TA,Typ,0.0,Gd,Attchd,Unf,-2.220446049250313e-16,TA,TA,Y,0.0,0.0,0.0,0.0,0.0,0.0,0.0,2.9999999999999996,2009.0,WD,Normal,11.626263078808801
4.2626798770413155,RM,60.0,7740.0,Reg,Lvl,Inside,OldTown,Norm,1Fam,2Story,4.0,7.0,1910.0,1950.0,Gable,CompShg,VinylSd,VinylSd,BrkFace,0.0,TA,TA,CBlock,Fa,TA,No,Unf,0.0,0.0,6.434546518787453,622.0,GasA,Gd,Y,SBrkr,6.434546518787453,-1.3877787807814457e-17,1363.0,0.0,0.0,1.0,0.0,3.0,0.6931471805599453,TA,Typ,0.0,Gd,Detchd,Unf,2.0,TA,TA,Y,0.0,0.0,0.0,0.0,5.1298987149230735,0.0,0.0,6.0,2010.0,WD,Normal,11.74006900564972
4.110873864173311,RL,46.0,17673.5,IR1,Lvl,CulDSac,NWAmes,Norm,1Fam,2Story,7.0,6.0,1986.0,1991.0,Gable,CompShg,Plywood,Plywood,BrkFace,4.820281565605037,TA,Gd,CBlock,Gd,TA,No,Unf,0.0,0.0,6.674561391814426,791.0,GasA,Gd,Y,SBrkr,6.754604099487963,-1.3877787807814457e-17,2093.0,0.0,0.0,2.0,1.0,3.0,0.6931471805599453,TA,Typ,1.0,TA,Attchd,Fin,2.0,TA,TA,Y,5.8998973535824915,4.1588830833596715,0.0,0.0,0.0,0.0,0.0,11.0,2008.0,WD,Normal,12.278397958261774
4.110873864173311,RL,79.0,12420.0,Reg,Lvl,Inside,CollgCr,Norm,1Fam,2Story,7.0,5.0,2001.0,2001.0,Gable,CompShg,VinylSd,VinylSd,BrkFace,0.0,Gd,TA,PConc,Gd,TA,No,GLQ,666.0,0.0,5.631211781821365,944.0,GasA,Ex,Y,SBrkr,6.799055862058797,-1.3877787807814457e-17,1840.0,1.0,0.0,2.0,1.0,3.0,0.6931471805599453,Gd,Typ,0.0,Gd,Attchd,RFn,2.0,TA,TA,Y,0.0,3.828641396489095,0.0,0.0,0.0,0.0,0.0,6.0,2009.0,WD,Normal,12.345838935721968
3.9318256327243257,RL,80.0,9600.0,Reg,Lvl,Inside,NAmes,Norm,1Fam,1.5Fin,6.0,7.5,1950.0,2005.0,Gable,CompShg,VinylSd,VinylSd,BrkFace,0.0,TA,Gd,CBlock,TA,TA,No,BLQ,120.0,0.0,6.602587892189336,856.0,GasA,Ex,Y,SBrkr,6.322565239927284,-1.3877787807814457e-17,1668.0,0.0,0.0,1.0,1.0,3.0,0.6931471805599453,TA,Min2,0.0,Gd,Attchd,Unf,1.0,TA,TA,Y,0.0,0.0,0.0,0.0,0.0,0.0,0.0,9.0,2009.0,WD,Normal,11.849404844423074
4.51085950651685,RL,60.0,7200.0,Reg,Lvl,Inside,NAmes,Norm,Duplex,1Story,4.0,5.0,1949.0,1950.0,Gable,CompShg,BrkFace,Stone,BrkFace,0.0,TA,TA,Slab,TA,TA,No,Unf,0.0,0.0,0.0,42.0,Wall,Fa,N,FuseF,0.0,-1.3877787807814457e-17,1040.0,0.0,0.0,2.0,0.0,2.0,1.0986122886681098,TA,Typ,0.0,Gd,Detchd,Unf,2.0,TA,TA,Y,0.0,0.0,0.0,0.0,0.0,0.0,0.0,6.0,2009.0,WD,Normal,11.407576060361786
3.044522437723423,RL,88.0,10994.0,IR1,Lvl,Corner,SawyerW,Norm,1Fam,1Story,8.0,5.0,2005.0,2006.0,Gable,CompShg,VinylSd,VinylSd,Stone,5.90536184805457,Gd,TA,PConc,Gd,Gd,No,GLQ,976.0,0.0,6.767343125265392,1844.0,GasA,Ex,Y,SBrkr,0.0,-1.3877787807814457e-17,1844.0,1.0,0.0,2.0,0.0,2.0,0.6931471805599453,Gd,Typ,1.0,Gd,Attchd,Fin,2.0,TA,TA,Y,5.111987788356544,3.8066624897703196,0.0,0.0,0.0,0.0,0.0,9.0,2009.0,COD,Abnorml,12.456835254920371
3.9318256327243257,RL,64.0,13053.0,Reg,Bnk,Inside,BrkSide,Norm,1Fam,1.5Fin,6.0,7.0,1923.0,2000.0,Gambrel,CompShg,Wd Sdng,Wd Sdng,BrkFace,0.0,TA,TA,BrkTil,TA,TA,No,Unf,0.0,0.0,6.726233402358747,833.0,GasA,Gd,Y,SBrkr,6.679599185844383,-1.3877787807814457e-17,1848.0,0.0,0.0,1.0,1.0,4.0,0.6931471805599453,Gd,Typ,1.0,Gd,Detchd,Unf,2.0,TA,TA,N,0.0,0.0,0.0,0.0,5.3981627015177525,0.0,0.0,6.0,2008.0,WD,Normal,12.240478903153711
4.795790545596741,RL,51.0,3635.0,Reg,Lvl,Inside,Blmngtn,Norm,TwnhsE,1Story,7.0,5.0,2007.0,2007.0,Hip,CompShg,VinylSd,VinylSd,BrkFace,4.875197323201151,Gd,TA,PConc,Gd,TA,No,ALQ,988.0,0.0,5.988961416889864,1386.0,GasA,Ex,Y,SBrkr,0.0,-1.3877787807814457e-17,1569.0,0.0,0.6931471805599452,2.0,0.0,1.0,0.6931471805599453,Gd,Typ,1.0,TA,Attchd,RFn,3.0,TA,TA,Y,4.969813299576001,3.044522437723423,0.0,0.0,0.0,0.0,0.0,5.0,2009.0,WD,Normal,12.077676615757813
4.983606621708336,RM,60.0,11340.0,Reg,Lvl,Inside,OldTown,Norm,2fmCon,2Story,4.0,6.0,1885.0,1950.0,Gable,CompShg,VinylSd,AsbShng,BrkFace,0.0,TA,TA,PConc,TA,TA,No,Unf,0.0,0.0,6.656726524178391,777.0,GasA,Gd,Y,SBrkr,6.9517721643989105,-1.3877787807814457e-17,2290.0,0.0,0.0,2.0,0.0,4.0,1.0986122886681098,TA,Typ,0.0,Gd,Detchd,Unf,2.0,TA,TA,N,0.0,0.0,4.74493212836325,0.0,0.0,0.0,0.0,4.0,2010.0,WD,Normal,11.715874472198905
4.110873864173311,RL,87.6,16545.0,IR1,Lvl,Inside,NoRidge,Norm,1Fam,2Story,8.0,5.0,1998.0,1998.0,Gable,CompShg,VinylSd,VinylSd,BrkFace,6.030685260261263,Gd,TA,PConc,Gd,TA,Mn,GLQ,781.0,0.0,6.222576268071369,1284.0,GasA,Ex,Y,SBrkr,7.039660349862075,-1.3877787807814457e-17,2450.0,1.0,0.0,2.0,1.0,3.0,0.6931471805599453,Gd,Typ,1.0,TA,Attchd,Fin,3.0,TA,TA,Y,0.0,4.844187086458591,0.0,0.0,0.0,0.0,0.0,5.0,2009.0,WD,Normal,12.73670383776449
3.044522437723423,RL,71.0,9204.0,Reg,Lvl,Inside,NAmes,Norm,1Fam,1Story,5.0,5.0,1963.0,1963.0,Gable,CompShg,HdBoard,HdBoard,BrkFace,0.0,TA,TA,CBlock,TA,TA,No,BLQ,25.0,6.771935555839601,5.5134287461649825,1144.0,GasA,TA,Y,SBrkr,0.0,-1.3877787807814457e-17,1144.0,1.0,0.0,1.0,1.0,3.0,0.6931471805599453,TA,Typ,0.0,Gd,Detchd,Unf,1.0,TA,TA,Y,0.0,4.48863636973214,0.0,0.0,0.0,0.0,0.0,8.0,2008.0,COD,Normal,11.728044909070785
3.044522437723423,RL,83.2,16381.0,IR1,Lvl,Inside,Crawfor,Norm,1Fam,1Story,6.0,5.0,1969.0,1969.0,Gable,CompShg,Plywood,Plywood,BrkFace,5.746203190540152,Gd,Gd,CBlock,TA,TA,Av,Rec,1110.0,0.0,6.5998704992128365,1844.0,GasA,Gd,Y,SBrkr,0.0,-1.3877787807814457e-17,1844.0,1.0,0.0,2.0,0.0,3.0,0.6931471805599453,Gd,Typ,1.0,TA,Attchd,RFn,2.0,TA,TA,Y,0.0,4.30406509320417,5.37989735354046,0.0,0.0,0.0,0.0,12.0,2006.0,WD,Normal,12.314931534737134
4.110873864173311,RL,90.0,11700.0,Reg,Lvl,Corner,NWAmes,Norm,1Fam,2Story,6.0,6.0,1968.0,1968.0,Gable,CompShg,HdBoard,HdBoard,BrkFace,6.030685260261263,TA,TA,CBlock,TA,TA,No,ALQ,404.0,0.0,5.720311776607412,708.0,GasA,Gd,Y,SBrkr,6.5638555265321274,-1.3877787807814457e-17,1416.0,0.0,0.0,2.0,1.0,3.0,0.6931471805599453,TA,Typ,1.0,TA,Attchd,RFn,2.0,TA,TA,Y,0.0,5.135798437050262,0.0,0.0,4.787491742782046,0.0,0.0,5.0,2006.0,WD,Normal,12.100161978566867
4.795790545596741,RL,53.0,4043.0,Reg,Lvl,Inside,NPkVill,Norm,TwnhsE,1Story,6.0,5.0,1977.0,1977.0,Gable,CompShg,Plywood,Plywood,BrkFace,0.0,TA,TA,CBlock,Gd,TA,No,ALQ,360.0,0.0,6.565264970035361,1069.0,GasA,TA,Y,SBrkr,0.0,-1.3877787807814457e-17,1069.0,0.0,0.0,2.0,0.0,2.0,0.6931471805599453,TA,Typ,1.0,Fa,Attchd,RFn,2.0,TA,TA,Y,0.0,4.02535169073515,0.0,0.0,5.111987788356544,0.0,0.0,7.0,2010.0,WD,Normal,11.755879486687116
4.795790545596741,RM,37.0,4435.0,Reg,Lvl,Inside,CollgCr,Norm,TwnhsE,1Story,6.0,5.0,2003.0,2003.0,Gable,CompShg,VinylSd,VinylSd,BrkFace,5.14166355650266,Gd,TA,PConc,Gd,TA,Av,GLQ,686.0,0.0,5.093750200806762,848.0,GasA,Ex,Y,SBrkr,0.0,-1.3877787807814457e-17,848.0,1.0,0.0,1.0,0.0,1.0,0.6931471805599453,Gd,Typ,0.0,Gd,Attchd,Fin,2.0,TA,TA,Y,4.948759890378168,0.0,0.0,0.0,0.0,0.0,0.0,2.9999999999999996,2008.0,WD,Normal,11.824087219587643
4.394449154672439,RL,91.4,17673.5,IR1,Lvl,CulDSac,Edwards,Norm,1Fam,SLvl,6.0,7.0,1966.0,1966.0,Flat,Tar&Grv,Plywood,Plywood,BrkFace,0.0,Gd,Gd,CBlock,Gd,TA,Av,Unf,0.0,0.0,6.548219102762372,697.0,GasA,TA,Y,SBrkr,6.440946540632921,-1.3877787807814457e-17,2201.0,0.0,0.0,2.0,0.0,4.0,0.6931471805599453,Gd,Typ,1.0,Gd,Attchd,Unf,2.0,Gd,Gd,Y,6.042632833682381,5.14166355650266,0.0,0.0,0.0,6.6052979209482015,0.0,8.0,2006.0,WD,Alloca,12.524420916542532
3.044522437723423,RL,69.4,9503.0,Reg,Lvl,Inside,NAmes,Norm,1Fam,1Story,5.0,5.0,1958.0,1983.0,Hip,CompShg,HdBoard,HdBoard,BrkFace,0.0,TA,TA,CBlock,TA,TA,No,ALQ,457.0,5.92692602597041,5.267858159063328,1024.0,GasA,TA,Y,SBrkr,0.0,-1.3877787807814457e-17,1344.0,1.0,0.0,1.0,0.0,2.0,0.6931471805599453,TA,Min1,1.0,TA,Detchd,Unf,1.0,TA,TA,Y,5.75890177387728,3.367295829986474,0.0,0.0,0.0,0.0,0.0,6.0,2007.0,WD,Normal,11.87757552297847
3.044522437723423,RL,80.0,10721.0,IR1,Lvl,Inside,NAmes,Norm,1Fam,1Story,6.0,6.0,1959.0,1959.0,Hip,CompShg,HdBoard,HdBoard,Stone,5.497168225293202,Gd,TA,CBlock,TA,TA,No,Unf,0.0,0.0,7.133295954896068,1252.0,GasA,Ex,Y,SBrkr,0.0,-1.3877787807814457e-17,1252.0,0.0,0.0,1.0,0.0,3.0,0.6931471805599453,Gd,Typ,0.0,Gd,Detchd,Unf,2.0,TA,TA,Y,0.0,3.6888794541139363,0.0,0.0,0.0,0.0,0.0,10.0,2008.0,WD,Normal,11.863589378812122
4.110873864173311,RL,81.0,10944.0,IR1,Lvl,Inside,NoRidge,Norm,1Fam,2Story,7.0,5.0,1994.0,1994.0,Gable,CompShg,VinylSd,VinylSd,BrkFace,6.030685260261263,Gd,TA,PConc,Gd,TA,No,GLQ,1000.0,0.0,5.4116460518550396,1223.0,GasA,Ex,Y,SBrkr,6.807934943699926,-1.3877787807814457e-17,2127.0,1.0,0.0,2.0,1.0,3.0,0.6931471805599453,Gd,Typ,2.0,TA,Attchd,RFn,2.0,TA,TA,Y,5.147494476813453,4.890349128221754,0.0,0.0,0.0,0.0,0.0,8.0,2008.0,WD,Normal,12.509877789891931
3.9318256327243257,RL,60.0,10930.0,Reg,Bnk,Inside,NAmes,Artery,1Fam,1.5Fin,5.0,6.0,1945.0,1950.0,Gable,CompShg,MetalSd,MetalSd,BrkFace,0.0,TA,TA,CBlock,TA,TA,No,BLQ,580.0,0.0,5.811140992976701,913.0,GasA,TA,Y,FuseA,6.236369590203704,-1.3877787807814457e-17,1558.0,1.0,0.0,1.0,1.0,3.0,0.6931471805599453,TA,Typ,1.0,TA,Attchd,Unf,1.0,TA,TA,Y,0.0,0.0,0.0,0.0,0.0,0.0,0.0,4.0,2008.0,WD,Normal,11.849404844423074
3.4339872044851463,RM,60.0,7200.0,Reg,Lvl,Corner,OldTown,Norm,1Fam,1Story,5.0,7.0,1940.0,1992.0,Gable,CompShg,MetalSd,MetalSd,Stone,5.68697535633982,TA,Gd,CBlock,TA,TA,No,BLQ,510.0,0.0,5.631211781821365,788.0,GasA,TA,Y,SBrkr,0.0,-1.3877787807814457e-17,804.0,1.0,0.0,1.0,0.0,2.0,0.6931471805599453,Gd,Typ,2.0,Gd,Attchd,Unf,1.0,TA,TA,Y,0.0,0.0,5.043425116919247,0.0,0.0,0.0,0.0,2.0,2010.0,WD,Abnorml,11.686887175419702
3.044522437723423,RL,87.7,12546.0,IR1,Lvl,Corner,NWAmes,Norm,1Fam,1Story,6.0,7.0,1981.0,1981.0,Gable,CompShg,MetalSd,MetalSd,BrkFace,5.739792912179233,Gd,Gd,CBlock,Gd,TA,No,BLQ,678.0,0.0,6.637258031284457,1440.0,GasA,Ex,Y,SBrkr,0.0,-1.3877787807814457e-17,1440.0,0.0,0.0,2.0,0.0,3.0,0.6931471805599453,Gd,Typ,1.0,TA,Attchd,Fin,2.0,TA,TA,Y,0.0,0.0,4.605170185988092,0.0,0.0,0.0,0.0,4.0,2007.0,WD,Normal,12.116700301832573
4.110873864173311,RL,60.0,17673.5,IR3,Lvl,Inside,Gilbert,RRAn,1Fam,2Story,5.0,5.0,2005.0,2005.0,Gable,CompShg,VinylSd,VinylSd,BrkFace,0.0,Gd,TA,PConc,Gd,Gd,Av,Unf,0.0,0.0,6.597145701886651,732.0,GasA,Ex,Y,SBrkr,7.007600613951853,-1.3877787807814457e-17,1838.0,0.0,0.0,2.0,1.0,4.0,0.6931471805599453,TA,Typ,1.0,Gd,BuiltIn,Fin,2.0,TA,TA,Y,4.61512051684126,3.713572066704308,0.0,0.0,0.0,0.0,0.0,7.0,2006.0,WD,Normal,12.165984756488543
4.795790545596741,RL,44.8,4928.0,IR1,Lvl,Inside,NPkVill,Norm,TwnhsE,1Story,6.0,6.0,1976.0,1976.0,Gable,CompShg,Plywood,Plywood,BrkFace,0.0,TA,TA,CBlock,Gd,TA,No,LwQ,958.0,0.0,0.0,958.0,GasA,TA,Y,SBrkr,0.0,-1.3877787807814457e-17,958.0,0.0,0.0,2.0,0.0,2.0,0.6931471805599453,TA,Typ,0.0,Gd,Attchd,RFn,2.0,TA,TA,Y,0.0,4.110873864173311,0.0,0.0,0.0,0.0,0.0,10.0,2009.0,WD,Normal,11.87583791515714
3.4339872044851463,RL,60.0,10800.0,Reg,Lvl,Inside,OldTown,Norm,1Fam,1Story,4.0,6.0,1927.0,2007.0,Gable,CompShg,Wd Sdng,Wd Sdng,BrkFace,0.0,TA,TA,BrkTil,TA,TA,No,Unf,0.0,0.0,6.48768401848461,656.0,GasA,TA,Y,SBrkr,0.0,-1.3877787807814457e-17,968.0,0.0,0.0,2.0,0.0,4.0,0.6931471805599453,TA,Typ,0.0,Gd,Detchd,Unf,1.0,Fa,Fa,Y,0.0,0.0,0.0,0.0,0.0,0.0,0.0,8.0,2007.0,WD,Normal,11.07443600653965
4.110873864173311,RL,93.0,10261.0,IR1,Lvl,Inside,Gilbert,Norm,1Fam,2Story,6.0,5.0,2000.0,2000.0,Gable,CompShg,VinylSd,VinylSd,BrkFace,5.765191102784845,TA,TA,PConc,Gd,TA,No,Unf,0.0,0.0,6.842683282238422,936.0,GasA,Ex,Y,SBrkr,6.7226297948554485,-1.3877787807814457e-17,1792.0,1.0,0.0,2.0,1.0,3.0,0.6931471805599453,TA,Typ,1.0,TA,Attchd,Fin,2.0,TA,TA,Y,0.0,0.0,0.0,0.0,0.0,0.0,0.0,5.0,2008.0,WD,Normal,12.136191879981927
3.044522437723423,RL,80.0,17400.0,Reg,Low,Inside,Mitchel,Norm,1Fam,1Story,5.0,5.0,1977.0,1977.0,Gable,CompShg,BrkFace,BrkFace,BrkFace,0.0,TA,TA,CBlock,TA,TA,No,ALQ,936.0,0.0,5.25227342804663,1126.0,GasA,Fa,Y,SBrkr,0.0,-1.3877787807814457e-17,1126.0,1.0,0.0,2.0,0.0,3.0,0.6931471805599453,TA,Typ,1.0,Gd,Attchd,RFn,2.0,TA,TA,P,5.69035945432406,3.7376696182833684,0.0,0.0,0.0,0.0,0.0,5.0,2006.0,WD,Normal,11.982935344196433
3.044522437723423,RL,80.0,8400.0,Reg,Lvl,Inside,NAmes,Norm,1Fam,1Story,6.0,7.5,1962.0,2005.0,Gable,CompShg,Wd Sdng,Wd Sdng,BrkFace,5.472270673671475,Gd,Gd,CBlock,TA,TA,No,Unf,0.0,0.0,7.1853870155804165,1319.0,GasA,TA,Y,SBrkr,0.0,-1.3877787807814457e-17,1537.0,1.0,0.0,1.0,1.0,3.0,0.6931471805599453,Gd,Typ,1.0,Gd,Attchd,RFn,2.0,TA,TA,Y,0.0,3.6109179126442243,0.0,0.0,0.0,0.0,0.0,7.0,2008.0,COD,Abnorml,12.066816325306588
3.044522437723423,RL,60.0,9000.0,Reg,Lvl,FR2,NAmes,Norm,1Fam,1Story,4.0,6.0,1971.0,1971.0,Gable,CompShg,HdBoard,HdBoard,BrkFace,0.0,TA,TA,PConc,TA,TA,No,ALQ,616.0,0.0,5.517452896464707,864.0,GasA,TA,Y,SBrkr,0.0,-1.3877787807814457e-17,864.0,0.0,0.0,1.0,0.0,3.0,0.6931471805599453,TA,Typ,0.0,Gd,Detchd,Unf,2.0,TA,TA,Y,0.0,0.0,0.0,0.0,0.0,0.0,0.0,5.0,2007.0,WD,Normal,11.699413330633599
3.044522437723423,RL,96.0,12444.0,Reg,Lvl,FR2,NridgHt,Norm,1Fam,1Story,8.0,5.0,2008.0,2008.0,Hip,CompShg,VinylSd,VinylSd,Stone,6.030685260261263,Ex,TA,PConc,Ex,TA,Av,GLQ,1336.0,0.0,6.391917113392602,1932.0,GasA,Ex,Y,SBrkr,0.0,-1.3877787807814457e-17,1932.0,1.0,0.0,2.0,0.0,2.0,0.6931471805599453,Ex,Typ,1.0,Gd,Attchd,Fin,3.0,TA,TA,Y,0.0,4.204692619390966,0.0,5.720311776607412,0.0,0.0,0.0,11.0,2008.0,New,Partial,12.885673487343764
3.044522437723423,RM,90.0,7407.0,Reg,Lvl,Inside,OldTown,Artery,1Fam,1Story,6.0,7.0,1957.0,1996.0,Gable,CompShg,MetalSd,MetalSd,BrkFace,0.0,TA,TA,CBlock,TA,TA,No,GLQ,600.0,0.0,5.746203190540153,912.0,GasA,TA,Y,FuseA,0.0,-1.3877787807814457e-17,1236.0,1.0,0.0,1.0,0.0,2.0,0.6931471805599453,TA,Typ,0.0,Gd,Attchd,Unf,2.0,TA,TA,Y,0.0,5.0689042022202315,5.0689042022202315,0.0,0.0,0.0,0.0,4.0,2010.0,WD,Normal,11.916395250412128
4.110873864173311,RL,80.0,11584.0,Reg,Lvl,Inside,NWAmes,Norm,1Fam,SLvl,7.0,6.0,1979.0,1979.0,Hip,CompShg,HdBoard,HdBoard,BrkFace,4.574710978503383,TA,TA,CBlock,TA,TA,No,GLQ,315.0,4.709530201312333,4.74493212836325,539.0,GasA,TA,Y,SBrkr,6.530877627725885,-1.3877787807814457e-17,1725.0,0.0,0.0,2.0,1.0,3.0,0.6931471805599453,TA,Typ,1.0,TA,Attchd,RFn,2.0,TA,TA,Y,0.0,4.48863636973214,5.37989735354046,0.0,0.0,0.0,0.0,11.0,2007.0,WD,Normal,12.190964083849375
4.2626798770413155,RL,79.0,11526.0,IR1,Bnk,Inside,Crawfor,Norm,1Fam,2.5Fin,6.0,7.0,1922.0,1994.0,Gable,CompShg,MetalSd,MetalSd,BrkFace,0.0,TA,TA,BrkTil,Ex,TA,No,Unf,0.0,0.0,6.3784261836515865,588.0,GasA,Fa,Y,SBrkr,6.618738983517219,5.953243334287785,2555.0,0.0,0.0,2.0,0.0,3.0,0.6931471805599453,TA,Min1,1.0,Gd,Detchd,Fin,2.0,TA,TA,Y,6.042632833682381,0.0,0.0,0.0,0.0,0.0,0.0,9.0,2008.0,WD,Normal,12.160033942617156
4.795790545596741,RM,40.8,4426.0,Reg,Lvl,Inside,CollgCr,Norm,TwnhsE,1Story,6.0,5.0,2004.0,2004.0,Gable,CompShg,VinylSd,VinylSd,BrkFace,4.997212273764115,Gd,TA,PConc,Gd,TA,Av,GLQ,697.0,0.0,5.0238805208462765,848.0,GasA,Ex,Y,SBrkr,0.0,-1.3877787807814457e-17,848.0,1.0,0.0,1.0,0.0,1.0,0.6931471805599453,Gd,Typ,1.0,TA,Attchd,RFn,2.0,TA,TA,Y,5.0106352940962555,0.0,0.0,0.0,0.0,0.0,0.0,5.0,2008.0,WD,Normal,11.913719681428494
4.110873864173311,FV,85.0,11003.0,Reg,Lvl,Inside,Somerst,Norm,1Fam,2Story,10.0,5.0,2008.0,2008.0,Gable,CompShg,VinylSd,VinylSd,Stone,5.081404364984463,Ex,TA,PConc,Ex,TA,Av,GLQ,765.0,0.0,5.53338948872752,1017.0,GasA,Ex,Y,SBrkr,6.889591308354465,-1.3877787807814457e-17,2007.0,1.0,0.0,2.0,1.0,3.0,0.6931471805599453,Ex,Typ,1.0,Ex,Attchd,Fin,3.0,TA,TA,Y,5.1298987149230735,3.970291913552122,0.0,0.0,0.0,0.0,0.0,4.0,2009.0,WD,Normal,12.644330802262578
3.4339872044851463,RL,55.6,8854.0,Reg,Lvl,Inside,BrkSide,Norm,1Fam,1.5Unf,6.0,6.0,1916.0,1950.0,Gable,CompShg,Wd Sdng,Wd Sdng,BrkFace,0.0,TA,TA,BrkTil,TA,TA,No,Unf,0.0,0.0,6.859614903654202,952.0,Grav,Fa,N,FuseF,0.0,-1.3877787807814457e-17,952.0,0.0,0.0,1.0,0.0,2.0,0.6931471805599453,Fa,Typ,1.0,Gd,Detchd,Unf,1.0,Fa,Po,P,0.0,4.59511985013459,0.0,0.0,3.713572066704308,0.0,0.0,5.0,2009.0,WD,Normal,11.703554089007538
3.044522437723423,RL,63.0,8500.0,Reg,Lvl,FR2,CollgCr,Norm,1Fam,1Story,7.0,5.0,2004.0,2004.0,Gable,CompShg,VinylSd,VinylSd,BrkFace,4.672828834461906,Gd,TA,PConc,Gd,TA,Av,Unf,0.0,0.0,7.260522598089852,1422.0,GasA,Ex,Y,SBrkr,0.0,-1.3877787807814457e-17,1422.0,0.0,0.0,2.0,0.0,3.0,0.6931471805599453,Gd,Typ,0.0,Gd,Attchd,RFn,2.0,TA,TA,Y,5.262690188904886,4.110873864173311,0.0,0.0,0.0,0.0,0.0,11.0,2007.0,WD,Normal,12.098493002763465
4.454347296253507,RL,70.0,8400.0,Reg,Lvl,Inside,Sawyer,Norm,1Fam,SFoyer,6.0,5.0,1966.0,1966.0,Gable,CompShg,VinylSd,VinylSd,BrkFace,0.0,TA,TA,CBlock,TA,TA,Gd,LwQ,186.99999999999997,6.4425401664681985,0.0,814.0,GasA,Gd,Y,SBrkr,0.0,-1.3877787807814457e-17,913.0,1.0,0.0,1.0,0.0,3.0,0.6931471805599453,TA,Typ,0.0,Gd,Detchd,Unf,1.0,TA,TA,Y,0.0,0.0,5.53338948872752,0.0,0.0,0.0,0.0,5.0,2007.0,WD,Normal,11.767575435251748
3.044522437723423,RL,72.4,17673.5,IR1,Lvl,CulDSac,Mitchel,Norm,1Fam,1Story,5.0,7.0,1962.0,1962.0,Gable,CompShg,HdBoard,HdBoard,BrkFace,5.247024072160486,TA,TA,CBlock,TA,TA,No,Rec,593.0,0.0,6.39024066706535,1188.0,GasA,TA,Y,SBrkr,0.0,-1.3877787807814457e-17,1188.0,0.0,0.0,1.0,0.0,3.0,0.6931471805599453,TA,Typ,0.0,Gd,Attchd,Unf,1.0,TA,TA,P,5.568344503761097,3.6888794541139363,0.0,0.0,0.0,0.0,0.0,4.0,2010.0,WD,Normal,11.969723533345908
4.110873864173311,RL,80.0,10000.0,Reg,Lvl,Inside,CollgCr,Norm,1Fam,2Story,8.0,5.0,1995.0,1996.0,Gable,CompShg,VinylSd,VinylSd,BrkFace,6.030685260261263,Gd,TA,PConc,Gd,TA,No,GLQ,1079.0,0.0,4.955827057601261,1220.0,GasA,Ex,Y,SBrkr,6.769641976852503,-1.3877787807814457e-17,2090.0,1.0,0.0,2.0,1.0,3.0,0.6931471805599453,Gd,Typ,1.0,TA,Attchd,RFn,2.0,TA,TA,Y,0.0,4.189654742026425,0.0,0.0,0.0,0.0,0.0,12.0,2007.0,WD,Normal,12.388398368982115
3.9318256327243257,RL,70.0,11767.0,Reg,Lvl,Inside,Edwards,Norm,1Fam,2Story,4.0,7.0,1910.0,2000.0,Gable,CompShg,MetalSd,HdBoard,BrkFace,0.0,TA,TA,CBlock,Fa,TA,No,Unf,0.0,0.0,6.329720905522696,560.0,GasA,Gd,N,SBrkr,6.311734809152915,-1.3877787807814457e-17,1346.0,0.0,0.0,1.0,1.0,2.0,0.6931471805599453,TA,Min2,0.0,Gd,Detchd,Unf,1.0,Fa,TA,Y,5.1298987149230735,3.2188758248682006,0.0,0.0,0.0,0.0,0.0,5.0,2007.0,WD,Normal,11.626263078808801
4.983606621708336,RM,27.500000000000007,1533.0,Reg,Lvl,Inside,MeadowV,Norm,Twnhs,SFoyer,5.0,7.0,1970.0,1970.0,Gable,CompShg,CemntBd,CmentBd,BrkFace,0.0,TA,TA,CBlock,Gd,TA,Av,GLQ,553.0,0.0,4.356708826689592,630.0,GasA,Ex,Y,SBrkr,0.0,-1.3877787807814457e-17,630.0,1.0,0.0,1.0,0.0,1.0,0.6931471805599453,Ex,Typ,0.0,Gd,Attchd,Unf,-2.220446049250313e-16,TA,TA,Y,0.0,0.0,0.0,0.0,0.0,0.0,0.0,8.0,2006.0,WD,Abnorml,11.429554725537322
4.51085950651685,RL,60.0,9000.0,Reg,Lvl,FR2,NAmes,Norm,Duplex,2Story,5.0,5.0,1974.0,1974.0,Gable,CompShg,VinylSd,VinylSd,BrkFace,0.0,TA,TA,CBlock,Gd,TA,No,Unf,0.0,0.0,6.799055862058796,896.0,GasA,TA,Y,SBrkr,6.799055862058797,-1.3877787807814457e-17,1792.0,0.0,0.0,2.0,2.0,4.0,1.0986122886681098,TA,Typ,0.0,Gd,Attchd,Unf,-2.220446049250313e-16,TA,TA,Y,3.4965075614664802,3.828641396489095,0.0,0.0,0.0,0.0,0.0,9.0,2009.0,WD,Normal,11.820417517632333
3.044522437723423,RL,78.0,9262.0,Reg,Lvl,Inside,Somerst,Norm,1Fam,1Story,8.0,5.0,2008.0,2009.0,Gable,CompShg,CemntBd,CmentBd,Stone,5.272999558563747,Gd,TA,PConc,Gd,TA,No,Unf,0.0,0.0,7.3613754289773485,1573.0,GasA,Ex,Y,SBrkr,0.0,-1.3877787807814457e-17,1578.0,0.0,0.0,2.0,0.0,3.0,0.6931471805599453,Ex,Typ,1.0,Gd,Attchd,Fin,3.0,TA,TA,Y,0.0,3.6109179126442243,0.0,0.0,0.0,0.0,0.0,5.0,2009.0,New,Partial,12.567554517655415
4.983606621708336,RM,35.0,3675.0,Reg,Lvl,Inside,Edwards,Norm,TwnhsE,SLvl,5.0,5.0,2005.0,2005.0,Gable,CompShg,VinylSd,VinylSd,BrkFace,4.394449154672439,TA,TA,PConc,Gd,TA,Gd,GLQ,547.0,0.0,0.0,547.0,GasA,Gd,Y,SBrkr,0.0,-1.3877787807814457e-17,1072.0,1.0,0.0,1.0,0.0,2.0,0.6931471805599453,TA,Typ,0.0,Gd,Basment,Fin,2.0,TA,TA,Y,0.0,3.367295829986474,0.0,0.0,0.0,0.0,0.0,5.0,2006.0,WD,Normal,11.884495917930655
3.044522437723423,RL,90.0,17217.0,Reg,Lvl,Inside,Mitchel,Norm,1Fam,1Story,5.0,5.0,2006.0,2006.0,Gable,CompShg,VinylSd,VinylSd,BrkFace,0.0,TA,TA,PConc,Gd,TA,No,Unf,0.0,0.0,7.039660349862076,1140.0,GasA,Ex,Y,SBrkr,0.0,-1.3877787807814457e-17,1140.0,0.0,0.0,1.0,0.0,3.0,0.6931471805599453,TA,Typ,0.0,Gd,Attchd,Unf,-2.220446049250313e-16,TA,TA,Y,3.6109179126442243,4.04305126783455,0.0,0.0,0.0,0.0,0.0,7.0,2006.0,WD,Abnorml,11.344518647594766
3.044522437723423,FV,62.0,7500.0,Reg,Lvl,Inside,Somerst,Norm,1Fam,1Story,7.0,5.0,2004.0,2005.0,Gable,CompShg,VinylSd,VinylSd,BrkFace,0.0,Gd,TA,PConc,Gd,TA,No,GLQ,410.0,0.0,6.699500340161678,1221.0,GasA,Ex,Y,SBrkr,0.0,-1.3877787807814457e-17,1221.0,1.0,0.0,2.0,0.0,2.0,0.6931471805599453,Gd,Typ,0.0,Gd,Attchd,RFn,2.0,TA,TA,Y,0.0,4.736198448394496,0.0,0.0,0.0,0.0,0.0,10.0,2009.0,WD,Normal,12.128116509451258
4.110873864173311,RL,62.0,7917.0,Reg,Lvl,Inside,Gilbert,Norm,1Fam,2Story,6.0,5.0,1999.0,2000.0,Gable,CompShg,VinylSd,VinylSd,BrkFace,0.0,TA,TA,PConc,Gd,TA,No,Unf,0.0,0.0,6.860663671448287,953.0,GasA,Ex,Y,SBrkr,6.543911845564792,-1.3877787807814457e-17,1647.0,0.0,0.0,2.0,1.0,3.0,0.6931471805599453,TA,Typ,1.0,TA,Attchd,RFn,2.0,TA,TA,Y,0.0,3.713572066704308,0.0,0.0,0.0,0.0,0.0,8.0,2007.0,WD,Normal,12.07254696717504
3.044522437723423,RL,85.0,13175.0,Reg,Lvl,Inside,NWAmes,Norm,1Fam,1Story,6.0,6.0,1978.0,1988.0,Gable,CompShg,Plywood,Plywood,Stone,4.787491742782046,TA,TA,CBlock,Gd,TA,No,ALQ,790.0,5.099866427824198,6.380122536899765,1542.0,GasA,TA,Y,SBrkr,0.0,-1.3877787807814457e-17,2073.0,1.0,0.0,2.0,0.0,3.0,0.6931471805599453,TA,Min1,2.0,TA,Attchd,Unf,2.0,TA,TA,Y,5.857933154483459,0.0,0.0,0.0,0.0,0.0,0.0,2.0,2010.0,WD,Normal,12.25486757159303
4.2626798770413155,RL,66.0,9042.0,Reg,Lvl,Inside,Crawfor,Norm,1Fam,2Story,7.0,7.5,1941.0,2006.0,Gable,CompShg,CemntBd,CmentBd,BrkFace,0.0,Ex,Gd,Stone,TA,Gd,No,GLQ,275.0,0.0,6.777646593635117,1152.0,GasA,Ex,Y,SBrkr,7.050122520269058,-1.3877787807814457e-17,2340.0,0.0,0.0,2.0,0.0,4.0,0.6931471805599453,Gd,Typ,2.0,Gd,Attchd,RFn,1.0,TA,TA,Y,0.0,4.110873864173311,0.0,0.0,0.0,0.0,7.824445930877619,5.0,2010.0,WD,Normal,12.493133274926212
3.044522437723423,RL,68.0,9717.0,Reg,Lvl,Inside,NAmes,Norm,1Fam,1Story,5.0,6.0,1950.0,1996.0,Hip,CompShg,MetalSd,MetalSd,BrkFace,0.0,TA,TA,CBlock,TA,TA,Mn,GLQ,49.0,6.937314081223681,0.0,1078.0,GasA,Gd,Y,FuseA,0.0,-1.3877787807814457e-17,1078.0,1.0,0.0,1.0,0.0,2.0,0.6931471805599453,Gd,Typ,0.0,Gd,Attchd,Unf,1.0,TA,TA,Y,5.905361848054571,0.0,4.727387818712341,0.0,0.0,0.0,0.0,4.0,2010.0,WD,Normal,11.864469267087891
3.044522437723423,RL,75.0,9937.0,Reg,Lvl,Inside,Edwards,Norm,1Fam,1Story,5.0,6.0,1965.0,1965.0,Gable,CompShg,HdBoard,HdBoard,BrkFace,0.0,Gd,TA,CBlock,TA,TA,No,BLQ,830.0,5.673323267171492,4.919980925828125,1256.0,GasA,Gd,Y,SBrkr,0.0,-1.3877787807814457e-17,1256.0,1.0,0.0,1.0,1.0,3.0,0.6931471805599453,TA,Typ,0.0,Gd,Attchd,Fin,1.0,TA,TA,Y,6.042632833682381,4.23410650459726,0.0,0.0,0.0,0.0,0.0,6.0,2008.0,WD,Normal,11.901590234400047
